timepoints,scenario,specie,config,value
1750.5,high-extension,CO2 FFI,1234,0.009306084
1750.5,high-extension,CO2 AFOLU,1234,0.010992174
1750.5,high-overshoot,CO2 FFI,1234,0.009306084
1750.5,high-overshoot,CO2 AFOLU,1234,0.010992174
1750.5,medium-extension,CO2 FFI,1234,0.009306084
1750.5,medium-extension,CO2 AFOLU,1234,0.010992174
1750.5,medium-overshoot,CO2 FFI,1234,0.009306084
1750.5,medium-overshoot,CO2 AFOLU,1234,0.010992174
1750.5,low,CO2 FFI,1234,0.009306084
1750.5,low,CO2 AFOLU,1234,0.010992174
1750.5,verylow,CO2 FFI,1234,0.009306084
1750.5,verylow,CO2 AFOLU,1234,0.010992174
1750.5,verylow-overshoot,CO2 FFI,1234,0.009306084
1750.5,verylow-overshoot,CO2 AFOLU,1234,0.010992174
1751.5,high-extension,CO2 FFI,1234,0.009407378000000001
1751.5,high-extension,CO2 AFOLU,1234,0.032976522
1751.5,high-overshoot,CO2 FFI,1234,0.009407378000000001
1751.5,high-overshoot,CO2 AFOLU,1234,0.032976522
1751.5,medium-extension,CO2 FFI,1234,0.009407378000000001
1751.5,medium-extension,CO2 AFOLU,1234,0.032976522
1751.5,medium-overshoot,CO2 FFI,1234,0.009407378000000001
1751.5,medium-overshoot,CO2 AFOLU,1234,0.032976522
1751.5,low,CO2 FFI,1234,0.009407378000000001
1751.5,low,CO2 AFOLU,1234,0.032976522
1751.5,verylow,CO2 FFI,1234,0.009407378000000001
1751.5,verylow,CO2 AFOLU,1234,0.032976522
1751.5,verylow-overshoot,CO2 FFI,1234,0.009407378000000001
1751.5,verylow-overshoot,CO2 AFOLU,1234,0.032976522
1752.5,high-extension,CO2 FFI,1234,0.009505318000000006
1752.5,high-extension,CO2 AFOLU,1234,0.054960869
1752.5,high-overshoot,CO2 FFI,1234,0.009505318000000006
1752.5,high-overshoot,CO2 AFOLU,1234,0.054960869
1752.5,medium-extension,CO2 FFI,1234,0.009505318000000006
1752.5,medium-extension,CO2 AFOLU,1234,0.054960869
1752.5,medium-overshoot,CO2 FFI,1234,0.009505318000000006
1752.5,medium-overshoot,CO2 AFOLU,1234,0.054960869
1752.5,low,CO2 FFI,1234,0.009505318000000006
1752.5,low,CO2 AFOLU,1234,0.054960869
1752.5,verylow,CO2 FFI,1234,0.009505318000000006
1752.5,verylow,CO2 AFOLU,1234,0.054960869
1752.5,verylow-overshoot,CO2 FFI,1234,0.009505318000000006
1752.5,verylow-overshoot,CO2 AFOLU,1234,0.054960869
1753.5,high-extension,CO2 FFI,1234,0.009610642000000003
1753.5,high-extension,CO2 AFOLU,1234,0.076945217
1753.5,high-overshoot,CO2 FFI,1234,0.009610642000000003
1753.5,high-overshoot,CO2 AFOLU,1234,0.076945217
1753.5,medium-extension,CO2 FFI,1234,0.009610642000000003
1753.5,medium-extension,CO2 AFOLU,1234,0.076945217
1753.5,medium-overshoot,CO2 FFI,1234,0.009610642000000003
1753.5,medium-overshoot,CO2 AFOLU,1234,0.076945217
1753.5,low,CO2 FFI,1234,0.009610642000000003
1753.5,low,CO2 AFOLU,1234,0.076945217
1753.5,verylow,CO2 FFI,1234,0.009610642000000003
1753.5,verylow,CO2 AFOLU,1234,0.076945217
1753.5,verylow-overshoot,CO2 FFI,1234,0.009610642000000003
1753.5,verylow-overshoot,CO2 AFOLU,1234,0.076945217
1754.5,high-extension,CO2 FFI,1234,0.009733733999999994
1754.5,high-extension,CO2 AFOLU,1234,0.098929565
1754.5,high-overshoot,CO2 FFI,1234,0.009733733999999994
1754.5,high-overshoot,CO2 AFOLU,1234,0.098929565
1754.5,medium-extension,CO2 FFI,1234,0.009733733999999994
1754.5,medium-extension,CO2 AFOLU,1234,0.098929565
1754.5,medium-overshoot,CO2 FFI,1234,0.009733733999999994
1754.5,medium-overshoot,CO2 AFOLU,1234,0.098929565
1754.5,low,CO2 FFI,1234,0.009733733999999994
1754.5,low,CO2 AFOLU,1234,0.098929565
1754.5,verylow,CO2 FFI,1234,0.009733733999999994
1754.5,verylow,CO2 AFOLU,1234,0.098929565
1754.5,verylow-overshoot,CO2 FFI,1234,0.009733733999999994
1754.5,verylow-overshoot,CO2 AFOLU,1234,0.098929565
1755.5,high-extension,CO2 FFI,1234,0.009793622999999987
1755.5,high-extension,CO2 AFOLU,1234,0.120913912
1755.5,high-overshoot,CO2 FFI,1234,0.009793622999999987
1755.5,high-overshoot,CO2 AFOLU,1234,0.120913912
1755.5,medium-extension,CO2 FFI,1234,0.009793622999999987
1755.5,medium-extension,CO2 AFOLU,1234,0.120913912
1755.5,medium-overshoot,CO2 FFI,1234,0.009793622999999987
1755.5,medium-overshoot,CO2 AFOLU,1234,0.120913912
1755.5,low,CO2 FFI,1234,0.009793622999999987
1755.5,low,CO2 AFOLU,1234,0.120913912
1755.5,verylow,CO2 FFI,1234,0.009793622999999987
1755.5,verylow,CO2 AFOLU,1234,0.120913912
1755.5,verylow-overshoot,CO2 FFI,1234,0.009793622999999987
1755.5,verylow-overshoot,CO2 AFOLU,1234,0.120913912
1756.5,high-extension,CO2 FFI,1234,0.009910070999999993
1756.5,high-extension,CO2 AFOLU,1234,0.14289826
1756.5,high-overshoot,CO2 FFI,1234,0.009910070999999993
1756.5,high-overshoot,CO2 AFOLU,1234,0.14289826
1756.5,medium-extension,CO2 FFI,1234,0.009910070999999993
1756.5,medium-extension,CO2 AFOLU,1234,0.14289826
1756.5,medium-overshoot,CO2 FFI,1234,0.009910070999999993
1756.5,medium-overshoot,CO2 AFOLU,1234,0.14289826
1756.5,low,CO2 FFI,1234,0.009910070999999993
1756.5,low,CO2 AFOLU,1234,0.14289826
1756.5,verylow,CO2 FFI,1234,0.009910070999999993
1756.5,verylow,CO2 AFOLU,1234,0.14289826
1756.5,verylow-overshoot,CO2 FFI,1234,0.009910070999999993
1756.5,verylow-overshoot,CO2 AFOLU,1234,0.14289826
1757.5,high-extension,CO2 FFI,1234,0.010094095999999997
1757.5,high-extension,CO2 AFOLU,1234,0.164882608
1757.5,high-overshoot,CO2 FFI,1234,0.010094095999999997
1757.5,high-overshoot,CO2 AFOLU,1234,0.164882608
1757.5,medium-extension,CO2 FFI,1234,0.010094095999999997
1757.5,medium-extension,CO2 AFOLU,1234,0.164882608
1757.5,medium-overshoot,CO2 FFI,1234,0.010094095999999997
1757.5,medium-overshoot,CO2 AFOLU,1234,0.164882608
1757.5,low,CO2 FFI,1234,0.010094095999999997
1757.5,low,CO2 AFOLU,1234,0.164882608
1757.5,verylow,CO2 FFI,1234,0.010094095999999997
1757.5,verylow,CO2 AFOLU,1234,0.164882608
1757.5,verylow-overshoot,CO2 FFI,1234,0.010094095999999997
1757.5,verylow-overshoot,CO2 AFOLU,1234,0.164882608
1758.5,high-extension,CO2 FFI,1234,0.010216520000000007
1758.5,high-extension,CO2 AFOLU,1234,0.186866955
1758.5,high-overshoot,CO2 FFI,1234,0.010216520000000007
1758.5,high-overshoot,CO2 AFOLU,1234,0.186866955
1758.5,medium-extension,CO2 FFI,1234,0.010216520000000007
1758.5,medium-extension,CO2 AFOLU,1234,0.186866955
1758.5,medium-overshoot,CO2 FFI,1234,0.010216520000000007
1758.5,medium-overshoot,CO2 AFOLU,1234,0.186866955
1758.5,low,CO2 FFI,1234,0.010216520000000007
1758.5,low,CO2 AFOLU,1234,0.186866955
1758.5,verylow,CO2 FFI,1234,0.010216520000000007
1758.5,verylow,CO2 AFOLU,1234,0.186866955
1758.5,verylow-overshoot,CO2 FFI,1234,0.010216520000000007
1758.5,verylow-overshoot,CO2 AFOLU,1234,0.186866955
1759.5,high-extension,CO2 FFI,1234,0.010339018000000005
1759.5,high-extension,CO2 AFOLU,1234,0.208851303
1759.5,high-overshoot,CO2 FFI,1234,0.010339018000000005
1759.5,high-overshoot,CO2 AFOLU,1234,0.208851303
1759.5,medium-extension,CO2 FFI,1234,0.010339018000000005
1759.5,medium-extension,CO2 AFOLU,1234,0.208851303
1759.5,medium-overshoot,CO2 FFI,1234,0.010339018000000005
1759.5,medium-overshoot,CO2 AFOLU,1234,0.208851303
1759.5,low,CO2 FFI,1234,0.010339018000000005
1759.5,low,CO2 AFOLU,1234,0.208851303
1759.5,verylow,CO2 FFI,1234,0.010339018000000005
1759.5,verylow,CO2 AFOLU,1234,0.208851303
1759.5,verylow-overshoot,CO2 FFI,1234,0.010339018000000005
1759.5,verylow-overshoot,CO2 AFOLU,1234,0.208851303
1760.5,high-extension,CO2 FFI,1234,0.010514497000000012
1760.5,high-extension,CO2 AFOLU,1234,0.230835651
1760.5,high-overshoot,CO2 FFI,1234,0.010514497000000012
1760.5,high-overshoot,CO2 AFOLU,1234,0.230835651
1760.5,medium-extension,CO2 FFI,1234,0.010514497000000012
1760.5,medium-extension,CO2 AFOLU,1234,0.230835651
1760.5,medium-overshoot,CO2 FFI,1234,0.010514497000000012
1760.5,medium-overshoot,CO2 AFOLU,1234,0.230835651
1760.5,low,CO2 FFI,1234,0.010514497000000012
1760.5,low,CO2 AFOLU,1234,0.230835651
1760.5,verylow,CO2 FFI,1234,0.010514497000000012
1760.5,verylow,CO2 AFOLU,1234,0.230835651
1760.5,verylow-overshoot,CO2 FFI,1234,0.010514497000000012
1760.5,verylow-overshoot,CO2 AFOLU,1234,0.230835651
1761.5,high-extension,CO2 FFI,1234,0.010748054999999979
1761.5,high-extension,CO2 AFOLU,1234,0.252819998
1761.5,high-overshoot,CO2 FFI,1234,0.010748054999999979
1761.5,high-overshoot,CO2 AFOLU,1234,0.252819998
1761.5,medium-extension,CO2 FFI,1234,0.010748054999999979
1761.5,medium-extension,CO2 AFOLU,1234,0.252819998
1761.5,medium-overshoot,CO2 FFI,1234,0.010748054999999979
1761.5,medium-overshoot,CO2 AFOLU,1234,0.252819998
1761.5,low,CO2 FFI,1234,0.010748054999999979
1761.5,low,CO2 AFOLU,1234,0.252819998
1761.5,verylow,CO2 FFI,1234,0.010748054999999979
1761.5,verylow,CO2 AFOLU,1234,0.252819998
1761.5,verylow-overshoot,CO2 FFI,1234,0.010748054999999979
1761.5,verylow-overshoot,CO2 AFOLU,1234,0.252819998
1762.5,high-extension,CO2 FFI,1234,0.010952371000000016
1762.5,high-extension,CO2 AFOLU,1234,0.274804346
1762.5,high-overshoot,CO2 FFI,1234,0.010952371000000016
1762.5,high-overshoot,CO2 AFOLU,1234,0.274804346
1762.5,medium-extension,CO2 FFI,1234,0.010952371000000016
1762.5,medium-extension,CO2 AFOLU,1234,0.274804346
1762.5,medium-overshoot,CO2 FFI,1234,0.010952371000000016
1762.5,medium-overshoot,CO2 AFOLU,1234,0.274804346
1762.5,low,CO2 FFI,1234,0.010952371000000016
1762.5,low,CO2 AFOLU,1234,0.274804346
1762.5,verylow,CO2 FFI,1234,0.010952371000000016
1762.5,verylow,CO2 AFOLU,1234,0.274804346
1762.5,verylow-overshoot,CO2 FFI,1234,0.010952371000000016
1762.5,verylow-overshoot,CO2 AFOLU,1234,0.274804346
1763.5,high-extension,CO2 FFI,1234,0.011191769000000018
1763.5,high-extension,CO2 AFOLU,1234,0.296788694
1763.5,high-overshoot,CO2 FFI,1234,0.011191769000000018
1763.5,high-overshoot,CO2 AFOLU,1234,0.296788694
1763.5,medium-extension,CO2 FFI,1234,0.011191769000000018
1763.5,medium-extension,CO2 AFOLU,1234,0.296788694
1763.5,medium-overshoot,CO2 FFI,1234,0.011191769000000018
1763.5,medium-overshoot,CO2 AFOLU,1234,0.296788694
1763.5,low,CO2 FFI,1234,0.011191769000000018
1763.5,low,CO2 AFOLU,1234,0.296788694
1763.5,verylow,CO2 FFI,1234,0.011191769000000018
1763.5,verylow,CO2 AFOLU,1234,0.296788694
1763.5,verylow-overshoot,CO2 FFI,1234,0.011191769000000018
1763.5,verylow-overshoot,CO2 AFOLU,1234,0.296788694
1764.5,high-extension,CO2 FFI,1234,0.011397162000000016
1764.5,high-extension,CO2 AFOLU,1234,0.318773041
1764.5,high-overshoot,CO2 FFI,1234,0.011397162000000016
1764.5,high-overshoot,CO2 AFOLU,1234,0.318773041
1764.5,medium-extension,CO2 FFI,1234,0.011397162000000016
1764.5,medium-extension,CO2 AFOLU,1234,0.318773041
1764.5,medium-overshoot,CO2 FFI,1234,0.011397162000000016
1764.5,medium-overshoot,CO2 AFOLU,1234,0.318773041
1764.5,low,CO2 FFI,1234,0.011397162000000016
1764.5,low,CO2 AFOLU,1234,0.318773041
1764.5,verylow,CO2 FFI,1234,0.011397162000000016
1764.5,verylow,CO2 AFOLU,1234,0.318773041
1764.5,verylow-overshoot,CO2 FFI,1234,0.011397162000000016
1764.5,verylow-overshoot,CO2 AFOLU,1234,0.318773041
1765.5,high-extension,CO2 FFI,1234,0.011643669999999995
1765.5,high-extension,CO2 AFOLU,1234,0.340757389
1765.5,high-overshoot,CO2 FFI,1234,0.011643669999999995
1765.5,high-overshoot,CO2 AFOLU,1234,0.340757389
1765.5,medium-extension,CO2 FFI,1234,0.011643669999999995
1765.5,medium-extension,CO2 AFOLU,1234,0.340757389
1765.5,medium-overshoot,CO2 FFI,1234,0.011643669999999995
1765.5,medium-overshoot,CO2 AFOLU,1234,0.340757389
1765.5,low,CO2 FFI,1234,0.011643669999999995
1765.5,low,CO2 AFOLU,1234,0.340757389
1765.5,verylow,CO2 FFI,1234,0.011643669999999995
1765.5,verylow,CO2 AFOLU,1234,0.340757389
1765.5,verylow-overshoot,CO2 FFI,1234,0.011643669999999995
1765.5,verylow-overshoot,CO2 AFOLU,1234,0.340757389
1766.5,high-extension,CO2 FFI,1234,0.011876268000000023
1766.5,high-extension,CO2 AFOLU,1234,0.362741737
1766.5,high-overshoot,CO2 FFI,1234,0.011876268000000023
1766.5,high-overshoot,CO2 AFOLU,1234,0.362741737
1766.5,medium-extension,CO2 FFI,1234,0.011876268000000023
1766.5,medium-extension,CO2 AFOLU,1234,0.362741737
1766.5,medium-overshoot,CO2 FFI,1234,0.011876268000000023
1766.5,medium-overshoot,CO2 AFOLU,1234,0.362741737
1766.5,low,CO2 FFI,1234,0.011876268000000023
1766.5,low,CO2 AFOLU,1234,0.362741737
1766.5,verylow,CO2 FFI,1234,0.011876268000000023
1766.5,verylow,CO2 AFOLU,1234,0.362741737
1766.5,verylow-overshoot,CO2 FFI,1234,0.011876268000000023
1766.5,verylow-overshoot,CO2 AFOLU,1234,0.362741737
1767.5,high-extension,CO2 FFI,1234,0.012152700999999988
1767.5,high-extension,CO2 AFOLU,1234,0.384726084
1767.5,high-overshoot,CO2 FFI,1234,0.012152700999999988
1767.5,high-overshoot,CO2 AFOLU,1234,0.384726084
1767.5,medium-extension,CO2 FFI,1234,0.012152700999999988
1767.5,medium-extension,CO2 AFOLU,1234,0.384726084
1767.5,medium-overshoot,CO2 FFI,1234,0.012152700999999988
1767.5,medium-overshoot,CO2 AFOLU,1234,0.384726084
1767.5,low,CO2 FFI,1234,0.012152700999999988
1767.5,low,CO2 AFOLU,1234,0.384726084
1767.5,verylow,CO2 FFI,1234,0.012152700999999988
1767.5,verylow,CO2 AFOLU,1234,0.384726084
1767.5,verylow-overshoot,CO2 FFI,1234,0.012152700999999988
1767.5,verylow-overshoot,CO2 AFOLU,1234,0.384726084
1768.5,high-extension,CO2 FFI,1234,0.012467133000000019
1768.5,high-extension,CO2 AFOLU,1234,0.406710432
1768.5,high-overshoot,CO2 FFI,1234,0.012467133000000019
1768.5,high-overshoot,CO2 AFOLU,1234,0.406710432
1768.5,medium-extension,CO2 FFI,1234,0.012467133000000019
1768.5,medium-extension,CO2 AFOLU,1234,0.406710432
1768.5,medium-overshoot,CO2 FFI,1234,0.012467133000000019
1768.5,medium-overshoot,CO2 AFOLU,1234,0.406710432
1768.5,low,CO2 FFI,1234,0.012467133000000019
1768.5,low,CO2 AFOLU,1234,0.406710432
1768.5,verylow,CO2 FFI,1234,0.012467133000000019
1768.5,verylow,CO2 AFOLU,1234,0.406710432
1768.5,verylow-overshoot,CO2 FFI,1234,0.012467133000000019
1768.5,verylow-overshoot,CO2 AFOLU,1234,0.406710432
1769.5,high-extension,CO2 FFI,1234,0.01278027599999998
1769.5,high-extension,CO2 AFOLU,1234,0.42869478
1769.5,high-overshoot,CO2 FFI,1234,0.01278027599999998
1769.5,high-overshoot,CO2 AFOLU,1234,0.42869478
1769.5,medium-extension,CO2 FFI,1234,0.01278027599999998
1769.5,medium-extension,CO2 AFOLU,1234,0.42869478
1769.5,medium-overshoot,CO2 FFI,1234,0.01278027599999998
1769.5,medium-overshoot,CO2 AFOLU,1234,0.42869478
1769.5,low,CO2 FFI,1234,0.01278027599999998
1769.5,low,CO2 AFOLU,1234,0.42869478
1769.5,verylow,CO2 FFI,1234,0.01278027599999998
1769.5,verylow,CO2 AFOLU,1234,0.42869478
1769.5,verylow-overshoot,CO2 FFI,1234,0.01278027599999998
1769.5,verylow-overshoot,CO2 AFOLU,1234,0.42869478
1770.5,high-extension,CO2 FFI,1234,0.013097422999999997
1770.5,high-extension,CO2 AFOLU,1234,0.450679127
1770.5,high-overshoot,CO2 FFI,1234,0.013097422999999997
1770.5,high-overshoot,CO2 AFOLU,1234,0.450679127
1770.5,medium-extension,CO2 FFI,1234,0.013097422999999997
1770.5,medium-extension,CO2 AFOLU,1234,0.450679127
1770.5,medium-overshoot,CO2 FFI,1234,0.013097422999999997
1770.5,medium-overshoot,CO2 AFOLU,1234,0.450679127
1770.5,low,CO2 FFI,1234,0.013097422999999997
1770.5,low,CO2 AFOLU,1234,0.450679127
1770.5,verylow,CO2 FFI,1234,0.013097422999999997
1770.5,verylow,CO2 AFOLU,1234,0.450679127
1770.5,verylow-overshoot,CO2 FFI,1234,0.013097422999999997
1770.5,verylow-overshoot,CO2 AFOLU,1234,0.450679127
1771.5,high-extension,CO2 FFI,1234,0.013369699000000013
1771.5,high-extension,CO2 AFOLU,1234,0.472663475
1771.5,high-overshoot,CO2 FFI,1234,0.013369699000000013
1771.5,high-overshoot,CO2 AFOLU,1234,0.472663475
1771.5,medium-extension,CO2 FFI,1234,0.013369699000000013
1771.5,medium-extension,CO2 AFOLU,1234,0.472663475
1771.5,medium-overshoot,CO2 FFI,1234,0.013369699000000013
1771.5,medium-overshoot,CO2 AFOLU,1234,0.472663475
1771.5,low,CO2 FFI,1234,0.013369699000000013
1771.5,low,CO2 AFOLU,1234,0.472663475
1771.5,verylow,CO2 FFI,1234,0.013369699000000013
1771.5,verylow,CO2 AFOLU,1234,0.472663475
1771.5,verylow-overshoot,CO2 FFI,1234,0.013369699000000013
1771.5,verylow-overshoot,CO2 AFOLU,1234,0.472663475
1772.5,high-extension,CO2 FFI,1234,0.01362372199999995
1772.5,high-extension,CO2 AFOLU,1234,0.494647823
1772.5,high-overshoot,CO2 FFI,1234,0.01362372199999995
1772.5,high-overshoot,CO2 AFOLU,1234,0.494647823
1772.5,medium-extension,CO2 FFI,1234,0.01362372199999995
1772.5,medium-extension,CO2 AFOLU,1234,0.494647823
1772.5,medium-overshoot,CO2 FFI,1234,0.01362372199999995
1772.5,medium-overshoot,CO2 AFOLU,1234,0.494647823
1772.5,low,CO2 FFI,1234,0.01362372199999995
1772.5,low,CO2 AFOLU,1234,0.494647823
1772.5,verylow,CO2 FFI,1234,0.01362372199999995
1772.5,verylow,CO2 AFOLU,1234,0.494647823
1772.5,verylow-overshoot,CO2 FFI,1234,0.01362372199999995
1772.5,verylow-overshoot,CO2 AFOLU,1234,0.494647823
1773.5,high-extension,CO2 FFI,1234,0.013808355999999966
1773.5,high-extension,CO2 AFOLU,1234,0.516632171
1773.5,high-overshoot,CO2 FFI,1234,0.013808355999999966
1773.5,high-overshoot,CO2 AFOLU,1234,0.516632171
1773.5,medium-extension,CO2 FFI,1234,0.013808355999999966
1773.5,medium-extension,CO2 AFOLU,1234,0.516632171
1773.5,medium-overshoot,CO2 FFI,1234,0.013808355999999966
1773.5,medium-overshoot,CO2 AFOLU,1234,0.516632171
1773.5,low,CO2 FFI,1234,0.013808355999999966
1773.5,low,CO2 AFOLU,1234,0.516632171
1773.5,verylow,CO2 FFI,1234,0.013808355999999966
1773.5,verylow,CO2 AFOLU,1234,0.516632171
1773.5,verylow-overshoot,CO2 FFI,1234,0.013808355999999966
1773.5,verylow-overshoot,CO2 AFOLU,1234,0.516632171
1774.5,high-extension,CO2 FFI,1234,0.014012636999999994
1774.5,high-extension,CO2 AFOLU,1234,0.538616518
1774.5,high-overshoot,CO2 FFI,1234,0.014012636999999994
1774.5,high-overshoot,CO2 AFOLU,1234,0.538616518
1774.5,medium-extension,CO2 FFI,1234,0.014012636999999994
1774.5,medium-extension,CO2 AFOLU,1234,0.538616518
1774.5,medium-overshoot,CO2 FFI,1234,0.014012636999999994
1774.5,medium-overshoot,CO2 AFOLU,1234,0.538616518
1774.5,low,CO2 FFI,1234,0.014012636999999994
1774.5,low,CO2 AFOLU,1234,0.538616518
1774.5,verylow,CO2 FFI,1234,0.014012636999999994
1774.5,verylow,CO2 AFOLU,1234,0.538616518
1774.5,verylow-overshoot,CO2 FFI,1234,0.014012636999999994
1774.5,verylow-overshoot,CO2 AFOLU,1234,0.538616518
1775.5,high-extension,CO2 FFI,1234,0.014339147000000052
1775.5,high-extension,CO2 AFOLU,1234,0.560600866
1775.5,high-overshoot,CO2 FFI,1234,0.014339147000000052
1775.5,high-overshoot,CO2 AFOLU,1234,0.560600866
1775.5,medium-extension,CO2 FFI,1234,0.014339147000000052
1775.5,medium-extension,CO2 AFOLU,1234,0.560600866
1775.5,medium-overshoot,CO2 FFI,1234,0.014339147000000052
1775.5,medium-overshoot,CO2 AFOLU,1234,0.560600866
1775.5,low,CO2 FFI,1234,0.014339147000000052
1775.5,low,CO2 AFOLU,1234,0.560600866
1775.5,verylow,CO2 FFI,1234,0.014339147000000052
1775.5,verylow,CO2 AFOLU,1234,0.560600866
1775.5,verylow-overshoot,CO2 FFI,1234,0.014339147000000052
1775.5,verylow-overshoot,CO2 AFOLU,1234,0.560600866
1776.5,high-extension,CO2 FFI,1234,0.01465435599999998
1776.5,high-extension,CO2 AFOLU,1234,0.582585214
1776.5,high-overshoot,CO2 FFI,1234,0.01465435599999998
1776.5,high-overshoot,CO2 AFOLU,1234,0.582585214
1776.5,medium-extension,CO2 FFI,1234,0.01465435599999998
1776.5,medium-extension,CO2 AFOLU,1234,0.582585214
1776.5,medium-overshoot,CO2 FFI,1234,0.01465435599999998
1776.5,medium-overshoot,CO2 AFOLU,1234,0.582585214
1776.5,low,CO2 FFI,1234,0.01465435599999998
1776.5,low,CO2 AFOLU,1234,0.582585214
1776.5,verylow,CO2 FFI,1234,0.01465435599999998
1776.5,verylow,CO2 AFOLU,1234,0.582585214
1776.5,verylow-overshoot,CO2 FFI,1234,0.01465435599999998
1776.5,verylow-overshoot,CO2 AFOLU,1234,0.582585214
1777.5,high-extension,CO2 FFI,1234,0.014959774000000037
1777.5,high-extension,CO2 AFOLU,1234,0.604569561
1777.5,high-overshoot,CO2 FFI,1234,0.014959774000000037
1777.5,high-overshoot,CO2 AFOLU,1234,0.604569561
1777.5,medium-extension,CO2 FFI,1234,0.014959774000000037
1777.5,medium-extension,CO2 AFOLU,1234,0.604569561
1777.5,medium-overshoot,CO2 FFI,1234,0.014959774000000037
1777.5,medium-overshoot,CO2 AFOLU,1234,0.604569561
1777.5,low,CO2 FFI,1234,0.014959774000000037
1777.5,low,CO2 AFOLU,1234,0.604569561
1777.5,verylow,CO2 FFI,1234,0.014959774000000037
1777.5,verylow,CO2 AFOLU,1234,0.604569561
1777.5,verylow-overshoot,CO2 FFI,1234,0.014959774000000037
1777.5,verylow-overshoot,CO2 AFOLU,1234,0.604569561
1778.5,high-extension,CO2 FFI,1234,0.015243723999999959
1778.5,high-extension,CO2 AFOLU,1234,0.626553909
1778.5,high-overshoot,CO2 FFI,1234,0.015243723999999959
1778.5,high-overshoot,CO2 AFOLU,1234,0.626553909
1778.5,medium-extension,CO2 FFI,1234,0.015243723999999959
1778.5,medium-extension,CO2 AFOLU,1234,0.626553909
1778.5,medium-overshoot,CO2 FFI,1234,0.015243723999999959
1778.5,medium-overshoot,CO2 AFOLU,1234,0.626553909
1778.5,low,CO2 FFI,1234,0.015243723999999959
1778.5,low,CO2 AFOLU,1234,0.626553909
1778.5,verylow,CO2 FFI,1234,0.015243723999999959
1778.5,verylow,CO2 AFOLU,1234,0.626553909
1778.5,verylow-overshoot,CO2 FFI,1234,0.015243723999999959
1778.5,verylow-overshoot,CO2 AFOLU,1234,0.626553909
1779.5,high-extension,CO2 FFI,1234,0.015535481000000018
1779.5,high-extension,CO2 AFOLU,1234,0.648538257
1779.5,high-overshoot,CO2 FFI,1234,0.015535481000000018
1779.5,high-overshoot,CO2 AFOLU,1234,0.648538257
1779.5,medium-extension,CO2 FFI,1234,0.015535481000000018
1779.5,medium-extension,CO2 AFOLU,1234,0.648538257
1779.5,medium-overshoot,CO2 FFI,1234,0.015535481000000018
1779.5,medium-overshoot,CO2 AFOLU,1234,0.648538257
1779.5,low,CO2 FFI,1234,0.015535481000000018
1779.5,low,CO2 AFOLU,1234,0.648538257
1779.5,verylow,CO2 FFI,1234,0.015535481000000018
1779.5,verylow,CO2 AFOLU,1234,0.648538257
1779.5,verylow-overshoot,CO2 FFI,1234,0.015535481000000018
1779.5,verylow-overshoot,CO2 AFOLU,1234,0.648538257
1780.5,high-extension,CO2 FFI,1234,0.01587897699999996
1780.5,high-extension,CO2 AFOLU,1234,0.670522604
1780.5,high-overshoot,CO2 FFI,1234,0.01587897699999996
1780.5,high-overshoot,CO2 AFOLU,1234,0.670522604
1780.5,medium-extension,CO2 FFI,1234,0.01587897699999996
1780.5,medium-extension,CO2 AFOLU,1234,0.670522604
1780.5,medium-overshoot,CO2 FFI,1234,0.01587897699999996
1780.5,medium-overshoot,CO2 AFOLU,1234,0.670522604
1780.5,low,CO2 FFI,1234,0.01587897699999996
1780.5,low,CO2 AFOLU,1234,0.670522604
1780.5,verylow,CO2 FFI,1234,0.01587897699999996
1780.5,verylow,CO2 AFOLU,1234,0.670522604
1780.5,verylow-overshoot,CO2 FFI,1234,0.01587897699999996
1780.5,verylow-overshoot,CO2 AFOLU,1234,0.670522604
1781.5,high-extension,CO2 FFI,1234,0.016234639999999967
1781.5,high-extension,CO2 AFOLU,1234,0.692506952
1781.5,high-overshoot,CO2 FFI,1234,0.016234639999999967
1781.5,high-overshoot,CO2 AFOLU,1234,0.692506952
1781.5,medium-extension,CO2 FFI,1234,0.016234639999999967
1781.5,medium-extension,CO2 AFOLU,1234,0.692506952
1781.5,medium-overshoot,CO2 FFI,1234,0.016234639999999967
1781.5,medium-overshoot,CO2 AFOLU,1234,0.692506952
1781.5,low,CO2 FFI,1234,0.016234639999999967
1781.5,low,CO2 AFOLU,1234,0.692506952
1781.5,verylow,CO2 FFI,1234,0.016234639999999967
1781.5,verylow,CO2 AFOLU,1234,0.692506952
1781.5,verylow-overshoot,CO2 FFI,1234,0.016234639999999967
1781.5,verylow-overshoot,CO2 AFOLU,1234,0.692506952
1782.5,high-extension,CO2 FFI,1234,0.016581215999999954
1782.5,high-extension,CO2 AFOLU,1234,0.7144913
1782.5,high-overshoot,CO2 FFI,1234,0.016581215999999954
1782.5,high-overshoot,CO2 AFOLU,1234,0.7144913
1782.5,medium-extension,CO2 FFI,1234,0.016581215999999954
1782.5,medium-extension,CO2 AFOLU,1234,0.7144913
1782.5,medium-overshoot,CO2 FFI,1234,0.016581215999999954
1782.5,medium-overshoot,CO2 AFOLU,1234,0.7144913
1782.5,low,CO2 FFI,1234,0.016581215999999954
1782.5,low,CO2 AFOLU,1234,0.7144913
1782.5,verylow,CO2 FFI,1234,0.016581215999999954
1782.5,verylow,CO2 AFOLU,1234,0.7144913
1782.5,verylow-overshoot,CO2 FFI,1234,0.016581215999999954
1782.5,verylow-overshoot,CO2 AFOLU,1234,0.7144913
1783.5,high-extension,CO2 FFI,1234,0.01706302100000001
1783.5,high-extension,CO2 AFOLU,1234,0.736475647
1783.5,high-overshoot,CO2 FFI,1234,0.01706302100000001
1783.5,high-overshoot,CO2 AFOLU,1234,0.736475647
1783.5,medium-extension,CO2 FFI,1234,0.01706302100000001
1783.5,medium-extension,CO2 AFOLU,1234,0.736475647
1783.5,medium-overshoot,CO2 FFI,1234,0.01706302100000001
1783.5,medium-overshoot,CO2 AFOLU,1234,0.736475647
1783.5,low,CO2 FFI,1234,0.01706302100000001
1783.5,low,CO2 AFOLU,1234,0.736475647
1783.5,verylow,CO2 FFI,1234,0.01706302100000001
1783.5,verylow,CO2 AFOLU,1234,0.736475647
1783.5,verylow-overshoot,CO2 FFI,1234,0.01706302100000001
1783.5,verylow-overshoot,CO2 AFOLU,1234,0.736475647
1784.5,high-extension,CO2 FFI,1234,0.017471369000000014
1784.5,high-extension,CO2 AFOLU,1234,0.758459995
1784.5,high-overshoot,CO2 FFI,1234,0.017471369000000014
1784.5,high-overshoot,CO2 AFOLU,1234,0.758459995
1784.5,medium-extension,CO2 FFI,1234,0.017471369000000014
1784.5,medium-extension,CO2 AFOLU,1234,0.758459995
1784.5,medium-overshoot,CO2 FFI,1234,0.017471369000000014
1784.5,medium-overshoot,CO2 AFOLU,1234,0.758459995
1784.5,low,CO2 FFI,1234,0.017471369000000014
1784.5,low,CO2 AFOLU,1234,0.758459995
1784.5,verylow,CO2 FFI,1234,0.017471369000000014
1784.5,verylow,CO2 AFOLU,1234,0.758459995
1784.5,verylow-overshoot,CO2 FFI,1234,0.017471369000000014
1784.5,verylow-overshoot,CO2 AFOLU,1234,0.758459995
1785.5,high-extension,CO2 FFI,1234,0.017965411000000042
1785.5,high-extension,CO2 AFOLU,1234,0.780444343
1785.5,high-overshoot,CO2 FFI,1234,0.017965411000000042
1785.5,high-overshoot,CO2 AFOLU,1234,0.780444343
1785.5,medium-extension,CO2 FFI,1234,0.017965411000000042
1785.5,medium-extension,CO2 AFOLU,1234,0.780444343
1785.5,medium-overshoot,CO2 FFI,1234,0.017965411000000042
1785.5,medium-overshoot,CO2 AFOLU,1234,0.780444343
1785.5,low,CO2 FFI,1234,0.017965411000000042
1785.5,low,CO2 AFOLU,1234,0.780444343
1785.5,verylow,CO2 FFI,1234,0.017965411000000042
1785.5,verylow,CO2 AFOLU,1234,0.780444343
1785.5,verylow-overshoot,CO2 FFI,1234,0.017965411000000042
1785.5,verylow-overshoot,CO2 AFOLU,1234,0.780444343
1786.5,high-extension,CO2 FFI,1234,0.018447788999999992
1786.5,high-extension,CO2 AFOLU,1234,0.80242869
1786.5,high-overshoot,CO2 FFI,1234,0.018447788999999992
1786.5,high-overshoot,CO2 AFOLU,1234,0.80242869
1786.5,medium-extension,CO2 FFI,1234,0.018447788999999992
1786.5,medium-extension,CO2 AFOLU,1234,0.80242869
1786.5,medium-overshoot,CO2 FFI,1234,0.018447788999999992
1786.5,medium-overshoot,CO2 AFOLU,1234,0.80242869
1786.5,low,CO2 FFI,1234,0.018447788999999992
1786.5,low,CO2 AFOLU,1234,0.80242869
1786.5,verylow,CO2 FFI,1234,0.018447788999999992
1786.5,verylow,CO2 AFOLU,1234,0.80242869
1786.5,verylow-overshoot,CO2 FFI,1234,0.018447788999999992
1786.5,verylow-overshoot,CO2 AFOLU,1234,0.80242869
1787.5,high-extension,CO2 FFI,1234,0.018859427999999956
1787.5,high-extension,CO2 AFOLU,1234,0.824413038
1787.5,high-overshoot,CO2 FFI,1234,0.018859427999999956
1787.5,high-overshoot,CO2 AFOLU,1234,0.824413038
1787.5,medium-extension,CO2 FFI,1234,0.018859427999999956
1787.5,medium-extension,CO2 AFOLU,1234,0.824413038
1787.5,medium-overshoot,CO2 FFI,1234,0.018859427999999956
1787.5,medium-overshoot,CO2 AFOLU,1234,0.824413038
1787.5,low,CO2 FFI,1234,0.018859427999999956
1787.5,low,CO2 AFOLU,1234,0.824413038
1787.5,verylow,CO2 FFI,1234,0.018859427999999956
1787.5,verylow,CO2 AFOLU,1234,0.824413038
1787.5,verylow-overshoot,CO2 FFI,1234,0.018859427999999956
1787.5,verylow-overshoot,CO2 AFOLU,1234,0.824413038
1788.5,high-extension,CO2 FFI,1234,0.019286534000000022
1788.5,high-extension,CO2 AFOLU,1234,0.846397386
1788.5,high-overshoot,CO2 FFI,1234,0.019286534000000022
1788.5,high-overshoot,CO2 AFOLU,1234,0.846397386
1788.5,medium-extension,CO2 FFI,1234,0.019286534000000022
1788.5,medium-extension,CO2 AFOLU,1234,0.846397386
1788.5,medium-overshoot,CO2 FFI,1234,0.019286534000000022
1788.5,medium-overshoot,CO2 AFOLU,1234,0.846397386
1788.5,low,CO2 FFI,1234,0.019286534000000022
1788.5,low,CO2 AFOLU,1234,0.846397386
1788.5,verylow,CO2 FFI,1234,0.019286534000000022
1788.5,verylow,CO2 AFOLU,1234,0.846397386
1788.5,verylow-overshoot,CO2 FFI,1234,0.019286534000000022
1788.5,verylow-overshoot,CO2 AFOLU,1234,0.846397386
1789.5,high-extension,CO2 FFI,1234,0.019863739000000047
1789.5,high-extension,CO2 AFOLU,1234,0.868381733
1789.5,high-overshoot,CO2 FFI,1234,0.019863739000000047
1789.5,high-overshoot,CO2 AFOLU,1234,0.868381733
1789.5,medium-extension,CO2 FFI,1234,0.019863739000000047
1789.5,medium-extension,CO2 AFOLU,1234,0.868381733
1789.5,medium-overshoot,CO2 FFI,1234,0.019863739000000047
1789.5,medium-overshoot,CO2 AFOLU,1234,0.868381733
1789.5,low,CO2 FFI,1234,0.019863739000000047
1789.5,low,CO2 AFOLU,1234,0.868381733
1789.5,verylow,CO2 FFI,1234,0.019863739000000047
1789.5,verylow,CO2 AFOLU,1234,0.868381733
1789.5,verylow-overshoot,CO2 FFI,1234,0.019863739000000047
1789.5,verylow-overshoot,CO2 AFOLU,1234,0.868381733
1790.5,high-extension,CO2 FFI,1234,0.020398417000000002
1790.5,high-extension,CO2 AFOLU,1234,0.890366081
1790.5,high-overshoot,CO2 FFI,1234,0.020398417000000002
1790.5,high-overshoot,CO2 AFOLU,1234,0.890366081
1790.5,medium-extension,CO2 FFI,1234,0.020398417000000002
1790.5,medium-extension,CO2 AFOLU,1234,0.890366081
1790.5,medium-overshoot,CO2 FFI,1234,0.020398417000000002
1790.5,medium-overshoot,CO2 AFOLU,1234,0.890366081
1790.5,low,CO2 FFI,1234,0.020398417000000002
1790.5,low,CO2 AFOLU,1234,0.890366081
1790.5,verylow,CO2 FFI,1234,0.020398417000000002
1790.5,verylow,CO2 AFOLU,1234,0.890366081
1790.5,verylow-overshoot,CO2 FFI,1234,0.020398417000000002
1790.5,verylow-overshoot,CO2 AFOLU,1234,0.890366081
1791.5,high-extension,CO2 FFI,1234,0.02093208000000002
1791.5,high-extension,CO2 AFOLU,1234,0.912350429
1791.5,high-overshoot,CO2 FFI,1234,0.02093208000000002
1791.5,high-overshoot,CO2 AFOLU,1234,0.912350429
1791.5,medium-extension,CO2 FFI,1234,0.02093208000000002
1791.5,medium-extension,CO2 AFOLU,1234,0.912350429
1791.5,medium-overshoot,CO2 FFI,1234,0.02093208000000002
1791.5,medium-overshoot,CO2 AFOLU,1234,0.912350429
1791.5,low,CO2 FFI,1234,0.02093208000000002
1791.5,low,CO2 AFOLU,1234,0.912350429
1791.5,verylow,CO2 FFI,1234,0.02093208000000002
1791.5,verylow,CO2 AFOLU,1234,0.912350429
1791.5,verylow-overshoot,CO2 FFI,1234,0.02093208000000002
1791.5,verylow-overshoot,CO2 AFOLU,1234,0.912350429
1792.5,high-extension,CO2 FFI,1234,0.021929561999999958
1792.5,high-extension,CO2 AFOLU,1234,0.934334776
1792.5,high-overshoot,CO2 FFI,1234,0.021929561999999958
1792.5,high-overshoot,CO2 AFOLU,1234,0.934334776
1792.5,medium-extension,CO2 FFI,1234,0.021929561999999958
1792.5,medium-extension,CO2 AFOLU,1234,0.934334776
1792.5,medium-overshoot,CO2 FFI,1234,0.021929561999999958
1792.5,medium-overshoot,CO2 AFOLU,1234,0.934334776
1792.5,low,CO2 FFI,1234,0.021929561999999958
1792.5,low,CO2 AFOLU,1234,0.934334776
1792.5,verylow,CO2 FFI,1234,0.021929561999999958
1792.5,verylow,CO2 AFOLU,1234,0.934334776
1792.5,verylow-overshoot,CO2 FFI,1234,0.021929561999999958
1792.5,verylow-overshoot,CO2 AFOLU,1234,0.934334776
1793.5,high-extension,CO2 FFI,1234,0.022297613999999966
1793.5,high-extension,CO2 AFOLU,1234,0.956319124
1793.5,high-overshoot,CO2 FFI,1234,0.022297613999999966
1793.5,high-overshoot,CO2 AFOLU,1234,0.956319124
1793.5,medium-extension,CO2 FFI,1234,0.022297613999999966
1793.5,medium-extension,CO2 AFOLU,1234,0.956319124
1793.5,medium-overshoot,CO2 FFI,1234,0.022297613999999966
1793.5,medium-overshoot,CO2 AFOLU,1234,0.956319124
1793.5,low,CO2 FFI,1234,0.022297613999999966
1793.5,low,CO2 AFOLU,1234,0.956319124
1793.5,verylow,CO2 FFI,1234,0.022297613999999966
1793.5,verylow,CO2 AFOLU,1234,0.956319124
1793.5,verylow-overshoot,CO2 FFI,1234,0.022297613999999966
1793.5,verylow-overshoot,CO2 AFOLU,1234,0.956319124
1794.5,high-extension,CO2 FFI,1234,0.02252001200000009
1794.5,high-extension,CO2 AFOLU,1234,0.978303472
1794.5,high-overshoot,CO2 FFI,1234,0.02252001200000009
1794.5,high-overshoot,CO2 AFOLU,1234,0.978303472
1794.5,medium-extension,CO2 FFI,1234,0.02252001200000009
1794.5,medium-extension,CO2 AFOLU,1234,0.978303472
1794.5,medium-overshoot,CO2 FFI,1234,0.02252001200000009
1794.5,medium-overshoot,CO2 AFOLU,1234,0.978303472
1794.5,low,CO2 FFI,1234,0.02252001200000009
1794.5,low,CO2 AFOLU,1234,0.978303472
1794.5,verylow,CO2 FFI,1234,0.02252001200000009
1794.5,verylow,CO2 AFOLU,1234,0.978303472
1794.5,verylow-overshoot,CO2 FFI,1234,0.02252001200000009
1794.5,verylow-overshoot,CO2 AFOLU,1234,0.978303472
1795.5,high-extension,CO2 FFI,1234,0.022315598999999908
1795.5,high-extension,CO2 AFOLU,1234,1.000287819
1795.5,high-overshoot,CO2 FFI,1234,0.022315598999999908
1795.5,high-overshoot,CO2 AFOLU,1234,1.000287819
1795.5,medium-extension,CO2 FFI,1234,0.022315598999999908
1795.5,medium-extension,CO2 AFOLU,1234,1.000287819
1795.5,medium-overshoot,CO2 FFI,1234,0.022315598999999908
1795.5,medium-overshoot,CO2 AFOLU,1234,1.000287819
1795.5,low,CO2 FFI,1234,0.022315598999999908
1795.5,low,CO2 AFOLU,1234,1.000287819
1795.5,verylow,CO2 FFI,1234,0.022315598999999908
1795.5,verylow,CO2 AFOLU,1234,1.000287819
1795.5,verylow-overshoot,CO2 FFI,1234,0.022315598999999908
1795.5,verylow-overshoot,CO2 AFOLU,1234,1.000287819
1796.5,high-extension,CO2 FFI,1234,0.022121725000000092
1796.5,high-extension,CO2 AFOLU,1234,1.022272167
1796.5,high-overshoot,CO2 FFI,1234,0.022121725000000092
1796.5,high-overshoot,CO2 AFOLU,1234,1.022272167
1796.5,medium-extension,CO2 FFI,1234,0.022121725000000092
1796.5,medium-extension,CO2 AFOLU,1234,1.022272167
1796.5,medium-overshoot,CO2 FFI,1234,0.022121725000000092
1796.5,medium-overshoot,CO2 AFOLU,1234,1.022272167
1796.5,low,CO2 FFI,1234,0.022121725000000092
1796.5,low,CO2 AFOLU,1234,1.022272167
1796.5,verylow,CO2 FFI,1234,0.022121725000000092
1796.5,verylow,CO2 AFOLU,1234,1.022272167
1796.5,verylow-overshoot,CO2 FFI,1234,0.022121725000000092
1796.5,verylow-overshoot,CO2 AFOLU,1234,1.022272167
1797.5,high-extension,CO2 FFI,1234,0.022090426999999968
1797.5,high-extension,CO2 AFOLU,1234,1.044256515
1797.5,high-overshoot,CO2 FFI,1234,0.022090426999999968
1797.5,high-overshoot,CO2 AFOLU,1234,1.044256515
1797.5,medium-extension,CO2 FFI,1234,0.022090426999999968
1797.5,medium-extension,CO2 AFOLU,1234,1.044256515
1797.5,medium-overshoot,CO2 FFI,1234,0.022090426999999968
1797.5,medium-overshoot,CO2 AFOLU,1234,1.044256515
1797.5,low,CO2 FFI,1234,0.022090426999999968
1797.5,low,CO2 AFOLU,1234,1.044256515
1797.5,verylow,CO2 FFI,1234,0.022090426999999968
1797.5,verylow,CO2 AFOLU,1234,1.044256515
1797.5,verylow-overshoot,CO2 FFI,1234,0.022090426999999968
1797.5,verylow-overshoot,CO2 AFOLU,1234,1.044256515
1798.5,high-extension,CO2 FFI,1234,0.02310629399999997
1798.5,high-extension,CO2 AFOLU,1234,1.066240863
1798.5,high-overshoot,CO2 FFI,1234,0.02310629399999997
1798.5,high-overshoot,CO2 AFOLU,1234,1.066240863
1798.5,medium-extension,CO2 FFI,1234,0.02310629399999997
1798.5,medium-extension,CO2 AFOLU,1234,1.066240863
1798.5,medium-overshoot,CO2 FFI,1234,0.02310629399999997
1798.5,medium-overshoot,CO2 AFOLU,1234,1.066240863
1798.5,low,CO2 FFI,1234,0.02310629399999997
1798.5,low,CO2 AFOLU,1234,1.066240863
1798.5,verylow,CO2 FFI,1234,0.02310629399999997
1798.5,verylow,CO2 AFOLU,1234,1.066240863
1798.5,verylow-overshoot,CO2 FFI,1234,0.02310629399999997
1798.5,verylow-overshoot,CO2 AFOLU,1234,1.066240863
1799.5,high-extension,CO2 FFI,1234,0.027485642000000032
1799.5,high-extension,CO2 AFOLU,1234,1.08822521
1799.5,high-overshoot,CO2 FFI,1234,0.027485642000000032
1799.5,high-overshoot,CO2 AFOLU,1234,1.08822521
1799.5,medium-extension,CO2 FFI,1234,0.027485642000000032
1799.5,medium-extension,CO2 AFOLU,1234,1.08822521
1799.5,medium-overshoot,CO2 FFI,1234,0.027485642000000032
1799.5,medium-overshoot,CO2 AFOLU,1234,1.08822521
1799.5,low,CO2 FFI,1234,0.027485642000000032
1799.5,low,CO2 AFOLU,1234,1.08822521
1799.5,verylow,CO2 FFI,1234,0.027485642000000032
1799.5,verylow,CO2 AFOLU,1234,1.08822521
1799.5,verylow-overshoot,CO2 FFI,1234,0.027485642000000032
1799.5,verylow-overshoot,CO2 AFOLU,1234,1.08822521
1800.5,high-extension,CO2 FFI,1234,0.03279887100000001
1800.5,high-extension,CO2 AFOLU,1234,1.110209558
1800.5,high-overshoot,CO2 FFI,1234,0.03279887100000001
1800.5,high-overshoot,CO2 AFOLU,1234,1.110209558
1800.5,medium-extension,CO2 FFI,1234,0.03279887100000001
1800.5,medium-extension,CO2 AFOLU,1234,1.110209558
1800.5,medium-overshoot,CO2 FFI,1234,0.03279887100000001
1800.5,medium-overshoot,CO2 AFOLU,1234,1.110209558
1800.5,low,CO2 FFI,1234,0.03279887100000001
1800.5,low,CO2 AFOLU,1234,1.110209558
1800.5,verylow,CO2 FFI,1234,0.03279887100000001
1800.5,verylow,CO2 AFOLU,1234,1.110209558
1800.5,verylow-overshoot,CO2 FFI,1234,0.03279887100000001
1800.5,verylow-overshoot,CO2 AFOLU,1234,1.110209558
1801.5,high-extension,CO2 FFI,1234,0.03198655600000011
1801.5,high-extension,CO2 AFOLU,1234,1.132193906
1801.5,high-overshoot,CO2 FFI,1234,0.03198655600000011
1801.5,high-overshoot,CO2 AFOLU,1234,1.132193906
1801.5,medium-extension,CO2 FFI,1234,0.03198655600000011
1801.5,medium-extension,CO2 AFOLU,1234,1.132193906
1801.5,medium-overshoot,CO2 FFI,1234,0.03198655600000011
1801.5,medium-overshoot,CO2 AFOLU,1234,1.132193906
1801.5,low,CO2 FFI,1234,0.03198655600000011
1801.5,low,CO2 AFOLU,1234,1.132193906
1801.5,verylow,CO2 FFI,1234,0.03198655600000011
1801.5,verylow,CO2 AFOLU,1234,1.132193906
1801.5,verylow-overshoot,CO2 FFI,1234,0.03198655600000011
1801.5,verylow-overshoot,CO2 AFOLU,1234,1.132193906
1802.5,high-extension,CO2 FFI,1234,0.040311111000000066
1802.5,high-extension,CO2 AFOLU,1234,1.154178253
1802.5,high-overshoot,CO2 FFI,1234,0.040311111000000066
1802.5,high-overshoot,CO2 AFOLU,1234,1.154178253
1802.5,medium-extension,CO2 FFI,1234,0.040311111000000066
1802.5,medium-extension,CO2 AFOLU,1234,1.154178253
1802.5,medium-overshoot,CO2 FFI,1234,0.040311111000000066
1802.5,medium-overshoot,CO2 AFOLU,1234,1.154178253
1802.5,low,CO2 FFI,1234,0.040311111000000066
1802.5,low,CO2 AFOLU,1234,1.154178253
1802.5,verylow,CO2 FFI,1234,0.040311111000000066
1802.5,verylow,CO2 AFOLU,1234,1.154178253
1802.5,verylow-overshoot,CO2 FFI,1234,0.040311111000000066
1802.5,verylow-overshoot,CO2 AFOLU,1234,1.154178253
1803.5,high-extension,CO2 FFI,1234,0.02953897299999997
1803.5,high-extension,CO2 AFOLU,1234,1.176162601
1803.5,high-overshoot,CO2 FFI,1234,0.02953897299999997
1803.5,high-overshoot,CO2 AFOLU,1234,1.176162601
1803.5,medium-extension,CO2 FFI,1234,0.02953897299999997
1803.5,medium-extension,CO2 AFOLU,1234,1.176162601
1803.5,medium-overshoot,CO2 FFI,1234,0.02953897299999997
1803.5,medium-overshoot,CO2 AFOLU,1234,1.176162601
1803.5,low,CO2 FFI,1234,0.02953897299999997
1803.5,low,CO2 AFOLU,1234,1.176162601
1803.5,verylow,CO2 FFI,1234,0.02953897299999997
1803.5,verylow,CO2 AFOLU,1234,1.176162601
1803.5,verylow-overshoot,CO2 FFI,1234,0.02953897299999997
1803.5,verylow-overshoot,CO2 AFOLU,1234,1.176162601
1804.5,high-extension,CO2 FFI,1234,0.03176967899999994
1804.5,high-extension,CO2 AFOLU,1234,1.198146949
1804.5,high-overshoot,CO2 FFI,1234,0.03176967899999994
1804.5,high-overshoot,CO2 AFOLU,1234,1.198146949
1804.5,medium-extension,CO2 FFI,1234,0.03176967899999994
1804.5,medium-extension,CO2 AFOLU,1234,1.198146949
1804.5,medium-overshoot,CO2 FFI,1234,0.03176967899999994
1804.5,medium-overshoot,CO2 AFOLU,1234,1.198146949
1804.5,low,CO2 FFI,1234,0.03176967899999994
1804.5,low,CO2 AFOLU,1234,1.198146949
1804.5,verylow,CO2 FFI,1234,0.03176967899999994
1804.5,verylow,CO2 AFOLU,1234,1.198146949
1804.5,verylow-overshoot,CO2 FFI,1234,0.03176967899999994
1804.5,verylow-overshoot,CO2 AFOLU,1234,1.198146949
1805.5,high-extension,CO2 FFI,1234,0.03125231100000003
1805.5,high-extension,CO2 AFOLU,1234,1.220131296
1805.5,high-overshoot,CO2 FFI,1234,0.03125231100000003
1805.5,high-overshoot,CO2 AFOLU,1234,1.220131296
1805.5,medium-extension,CO2 FFI,1234,0.03125231100000003
1805.5,medium-extension,CO2 AFOLU,1234,1.220131296
1805.5,medium-overshoot,CO2 FFI,1234,0.03125231100000003
1805.5,medium-overshoot,CO2 AFOLU,1234,1.220131296
1805.5,low,CO2 FFI,1234,0.03125231100000003
1805.5,low,CO2 AFOLU,1234,1.220131296
1805.5,verylow,CO2 FFI,1234,0.03125231100000003
1805.5,verylow,CO2 AFOLU,1234,1.220131296
1805.5,verylow-overshoot,CO2 FFI,1234,0.03125231100000003
1805.5,verylow-overshoot,CO2 AFOLU,1234,1.220131296
1806.5,high-extension,CO2 FFI,1234,0.03270513899999994
1806.5,high-extension,CO2 AFOLU,1234,1.242115644
1806.5,high-overshoot,CO2 FFI,1234,0.03270513899999994
1806.5,high-overshoot,CO2 AFOLU,1234,1.242115644
1806.5,medium-extension,CO2 FFI,1234,0.03270513899999994
1806.5,medium-extension,CO2 AFOLU,1234,1.242115644
1806.5,medium-overshoot,CO2 FFI,1234,0.03270513899999994
1806.5,medium-overshoot,CO2 AFOLU,1234,1.242115644
1806.5,low,CO2 FFI,1234,0.03270513899999994
1806.5,low,CO2 AFOLU,1234,1.242115644
1806.5,verylow,CO2 FFI,1234,0.03270513899999994
1806.5,verylow,CO2 AFOLU,1234,1.242115644
1806.5,verylow-overshoot,CO2 FFI,1234,0.03270513899999994
1806.5,verylow-overshoot,CO2 AFOLU,1234,1.242115644
1807.5,high-extension,CO2 FFI,1234,0.03620122700000006
1807.5,high-extension,CO2 AFOLU,1234,1.264099992
1807.5,high-overshoot,CO2 FFI,1234,0.03620122700000006
1807.5,high-overshoot,CO2 AFOLU,1234,1.264099992
1807.5,medium-extension,CO2 FFI,1234,0.03620122700000006
1807.5,medium-extension,CO2 AFOLU,1234,1.264099992
1807.5,medium-overshoot,CO2 FFI,1234,0.03620122700000006
1807.5,medium-overshoot,CO2 AFOLU,1234,1.264099992
1807.5,low,CO2 FFI,1234,0.03620122700000006
1807.5,low,CO2 AFOLU,1234,1.264099992
1807.5,verylow,CO2 FFI,1234,0.03620122700000006
1807.5,verylow,CO2 AFOLU,1234,1.264099992
1807.5,verylow-overshoot,CO2 FFI,1234,0.03620122700000006
1807.5,verylow-overshoot,CO2 AFOLU,1234,1.264099992
1808.5,high-extension,CO2 FFI,1234,0.0354983499999999
1808.5,high-extension,CO2 AFOLU,1234,1.286084339
1808.5,high-overshoot,CO2 FFI,1234,0.0354983499999999
1808.5,high-overshoot,CO2 AFOLU,1234,1.286084339
1808.5,medium-extension,CO2 FFI,1234,0.0354983499999999
1808.5,medium-extension,CO2 AFOLU,1234,1.286084339
1808.5,medium-overshoot,CO2 FFI,1234,0.0354983499999999
1808.5,medium-overshoot,CO2 AFOLU,1234,1.286084339
1808.5,low,CO2 FFI,1234,0.0354983499999999
1808.5,low,CO2 AFOLU,1234,1.286084339
1808.5,verylow,CO2 FFI,1234,0.0354983499999999
1808.5,verylow,CO2 AFOLU,1234,1.286084339
1808.5,verylow-overshoot,CO2 FFI,1234,0.0354983499999999
1808.5,verylow-overshoot,CO2 AFOLU,1234,1.286084339
1809.5,high-extension,CO2 FFI,1234,0.036334387999999995
1809.5,high-extension,CO2 AFOLU,1234,1.308068687
1809.5,high-overshoot,CO2 FFI,1234,0.036334387999999995
1809.5,high-overshoot,CO2 AFOLU,1234,1.308068687
1809.5,medium-extension,CO2 FFI,1234,0.036334387999999995
1809.5,medium-extension,CO2 AFOLU,1234,1.308068687
1809.5,medium-overshoot,CO2 FFI,1234,0.036334387999999995
1809.5,medium-overshoot,CO2 AFOLU,1234,1.308068687
1809.5,low,CO2 FFI,1234,0.036334387999999995
1809.5,low,CO2 AFOLU,1234,1.308068687
1809.5,verylow,CO2 FFI,1234,0.036334387999999995
1809.5,verylow,CO2 AFOLU,1234,1.308068687
1809.5,verylow-overshoot,CO2 FFI,1234,0.036334387999999995
1809.5,verylow-overshoot,CO2 AFOLU,1234,1.308068687
1810.5,high-extension,CO2 FFI,1234,0.039492936999999895
1810.5,high-extension,CO2 AFOLU,1234,1.330053035
1810.5,high-overshoot,CO2 FFI,1234,0.039492936999999895
1810.5,high-overshoot,CO2 AFOLU,1234,1.330053035
1810.5,medium-extension,CO2 FFI,1234,0.039492936999999895
1810.5,medium-extension,CO2 AFOLU,1234,1.330053035
1810.5,medium-overshoot,CO2 FFI,1234,0.039492936999999895
1810.5,medium-overshoot,CO2 AFOLU,1234,1.330053035
1810.5,low,CO2 FFI,1234,0.039492936999999895
1810.5,low,CO2 AFOLU,1234,1.330053035
1810.5,verylow,CO2 FFI,1234,0.039492936999999895
1810.5,verylow,CO2 AFOLU,1234,1.330053035
1810.5,verylow-overshoot,CO2 FFI,1234,0.039492936999999895
1810.5,verylow-overshoot,CO2 AFOLU,1234,1.330053035
1811.5,high-extension,CO2 FFI,1234,0.040177316000000074
1811.5,high-extension,CO2 AFOLU,1234,1.352037382
1811.5,high-overshoot,CO2 FFI,1234,0.040177316000000074
1811.5,high-overshoot,CO2 AFOLU,1234,1.352037382
1811.5,medium-extension,CO2 FFI,1234,0.040177316000000074
1811.5,medium-extension,CO2 AFOLU,1234,1.352037382
1811.5,medium-overshoot,CO2 FFI,1234,0.040177316000000074
1811.5,medium-overshoot,CO2 AFOLU,1234,1.352037382
1811.5,low,CO2 FFI,1234,0.040177316000000074
1811.5,low,CO2 AFOLU,1234,1.352037382
1811.5,verylow,CO2 FFI,1234,0.040177316000000074
1811.5,verylow,CO2 AFOLU,1234,1.352037382
1811.5,verylow-overshoot,CO2 FFI,1234,0.040177316000000074
1811.5,verylow-overshoot,CO2 AFOLU,1234,1.352037382
1812.5,high-extension,CO2 FFI,1234,0.04081516799999996
1812.5,high-extension,CO2 AFOLU,1234,1.37402173
1812.5,high-overshoot,CO2 FFI,1234,0.04081516799999996
1812.5,high-overshoot,CO2 AFOLU,1234,1.37402173
1812.5,medium-extension,CO2 FFI,1234,0.04081516799999996
1812.5,medium-extension,CO2 AFOLU,1234,1.37402173
1812.5,medium-overshoot,CO2 FFI,1234,0.04081516799999996
1812.5,medium-overshoot,CO2 AFOLU,1234,1.37402173
1812.5,low,CO2 FFI,1234,0.04081516799999996
1812.5,low,CO2 AFOLU,1234,1.37402173
1812.5,verylow,CO2 FFI,1234,0.04081516799999996
1812.5,verylow,CO2 AFOLU,1234,1.37402173
1812.5,verylow-overshoot,CO2 FFI,1234,0.04081516799999996
1812.5,verylow-overshoot,CO2 AFOLU,1234,1.37402173
1813.5,high-extension,CO2 FFI,1234,0.04120679100000002
1813.5,high-extension,CO2 AFOLU,1234,1.396006078
1813.5,high-overshoot,CO2 FFI,1234,0.04120679100000002
1813.5,high-overshoot,CO2 AFOLU,1234,1.396006078
1813.5,medium-extension,CO2 FFI,1234,0.04120679100000002
1813.5,medium-extension,CO2 AFOLU,1234,1.396006078
1813.5,medium-overshoot,CO2 FFI,1234,0.04120679100000002
1813.5,medium-overshoot,CO2 AFOLU,1234,1.396006078
1813.5,low,CO2 FFI,1234,0.04120679100000002
1813.5,low,CO2 AFOLU,1234,1.396006078
1813.5,verylow,CO2 FFI,1234,0.04120679100000002
1813.5,verylow,CO2 AFOLU,1234,1.396006078
1813.5,verylow-overshoot,CO2 FFI,1234,0.04120679100000002
1813.5,verylow-overshoot,CO2 AFOLU,1234,1.396006078
1814.5,high-extension,CO2 FFI,1234,0.042227314000000016
1814.5,high-extension,CO2 AFOLU,1234,1.417990425
1814.5,high-overshoot,CO2 FFI,1234,0.042227314000000016
1814.5,high-overshoot,CO2 AFOLU,1234,1.417990425
1814.5,medium-extension,CO2 FFI,1234,0.042227314000000016
1814.5,medium-extension,CO2 AFOLU,1234,1.417990425
1814.5,medium-overshoot,CO2 FFI,1234,0.042227314000000016
1814.5,medium-overshoot,CO2 AFOLU,1234,1.417990425
1814.5,low,CO2 FFI,1234,0.042227314000000016
1814.5,low,CO2 AFOLU,1234,1.417990425
1814.5,verylow,CO2 FFI,1234,0.042227314000000016
1814.5,verylow,CO2 AFOLU,1234,1.417990425
1814.5,verylow-overshoot,CO2 FFI,1234,0.042227314000000016
1814.5,verylow-overshoot,CO2 AFOLU,1234,1.417990425
1815.5,high-extension,CO2 FFI,1234,0.04358795399999993
1815.5,high-extension,CO2 AFOLU,1234,1.439974773
1815.5,high-overshoot,CO2 FFI,1234,0.04358795399999993
1815.5,high-overshoot,CO2 AFOLU,1234,1.439974773
1815.5,medium-extension,CO2 FFI,1234,0.04358795399999993
1815.5,medium-extension,CO2 AFOLU,1234,1.439974773
1815.5,medium-overshoot,CO2 FFI,1234,0.04358795399999993
1815.5,medium-overshoot,CO2 AFOLU,1234,1.439974773
1815.5,low,CO2 FFI,1234,0.04358795399999993
1815.5,low,CO2 AFOLU,1234,1.439974773
1815.5,verylow,CO2 FFI,1234,0.04358795399999993
1815.5,verylow,CO2 AFOLU,1234,1.439974773
1815.5,verylow-overshoot,CO2 FFI,1234,0.04358795399999993
1815.5,verylow-overshoot,CO2 AFOLU,1234,1.439974773
1816.5,high-extension,CO2 FFI,1234,0.04549729700000005
1816.5,high-extension,CO2 AFOLU,1234,1.461959121
1816.5,high-overshoot,CO2 FFI,1234,0.04549729700000005
1816.5,high-overshoot,CO2 AFOLU,1234,1.461959121
1816.5,medium-extension,CO2 FFI,1234,0.04549729700000005
1816.5,medium-extension,CO2 AFOLU,1234,1.461959121
1816.5,medium-overshoot,CO2 FFI,1234,0.04549729700000005
1816.5,medium-overshoot,CO2 AFOLU,1234,1.461959121
1816.5,low,CO2 FFI,1234,0.04549729700000005
1816.5,low,CO2 AFOLU,1234,1.461959121
1816.5,verylow,CO2 FFI,1234,0.04549729700000005
1816.5,verylow,CO2 AFOLU,1234,1.461959121
1816.5,verylow-overshoot,CO2 FFI,1234,0.04549729700000005
1816.5,verylow-overshoot,CO2 AFOLU,1234,1.461959121
1817.5,high-extension,CO2 FFI,1234,0.04927670099999992
1817.5,high-extension,CO2 AFOLU,1234,1.483943468
1817.5,high-overshoot,CO2 FFI,1234,0.04927670099999992
1817.5,high-overshoot,CO2 AFOLU,1234,1.483943468
1817.5,medium-extension,CO2 FFI,1234,0.04927670099999992
1817.5,medium-extension,CO2 AFOLU,1234,1.483943468
1817.5,medium-overshoot,CO2 FFI,1234,0.04927670099999992
1817.5,medium-overshoot,CO2 AFOLU,1234,1.483943468
1817.5,low,CO2 FFI,1234,0.04927670099999992
1817.5,low,CO2 AFOLU,1234,1.483943468
1817.5,verylow,CO2 FFI,1234,0.04927670099999992
1817.5,verylow,CO2 AFOLU,1234,1.483943468
1817.5,verylow-overshoot,CO2 FFI,1234,0.04927670099999992
1817.5,verylow-overshoot,CO2 AFOLU,1234,1.483943468
1818.5,high-extension,CO2 FFI,1234,0.05139282300000003
1818.5,high-extension,CO2 AFOLU,1234,1.505927816
1818.5,high-overshoot,CO2 FFI,1234,0.05139282300000003
1818.5,high-overshoot,CO2 AFOLU,1234,1.505927816
1818.5,medium-extension,CO2 FFI,1234,0.05139282300000003
1818.5,medium-extension,CO2 AFOLU,1234,1.505927816
1818.5,medium-overshoot,CO2 FFI,1234,0.05139282300000003
1818.5,medium-overshoot,CO2 AFOLU,1234,1.505927816
1818.5,low,CO2 FFI,1234,0.05139282300000003
1818.5,low,CO2 AFOLU,1234,1.505927816
1818.5,verylow,CO2 FFI,1234,0.05139282300000003
1818.5,verylow,CO2 AFOLU,1234,1.505927816
1818.5,verylow-overshoot,CO2 FFI,1234,0.05139282300000003
1818.5,verylow-overshoot,CO2 AFOLU,1234,1.505927816
1819.5,high-extension,CO2 FFI,1234,0.05093097199999996
1819.5,high-extension,CO2 AFOLU,1234,1.527912164
1819.5,high-overshoot,CO2 FFI,1234,0.05093097199999996
1819.5,high-overshoot,CO2 AFOLU,1234,1.527912164
1819.5,medium-extension,CO2 FFI,1234,0.05093097199999996
1819.5,medium-extension,CO2 AFOLU,1234,1.527912164
1819.5,medium-overshoot,CO2 FFI,1234,0.05093097199999996
1819.5,medium-overshoot,CO2 AFOLU,1234,1.527912164
1819.5,low,CO2 FFI,1234,0.05093097199999996
1819.5,low,CO2 AFOLU,1234,1.527912164
1819.5,verylow,CO2 FFI,1234,0.05093097199999996
1819.5,verylow,CO2 AFOLU,1234,1.527912164
1819.5,verylow-overshoot,CO2 FFI,1234,0.05093097199999996
1819.5,verylow-overshoot,CO2 AFOLU,1234,1.527912164
1820.5,high-extension,CO2 FFI,1234,0.05073387600000001
1820.5,high-extension,CO2 AFOLU,1234,1.549896512
1820.5,high-overshoot,CO2 FFI,1234,0.05073387600000001
1820.5,high-overshoot,CO2 AFOLU,1234,1.549896512
1820.5,medium-extension,CO2 FFI,1234,0.05073387600000001
1820.5,medium-extension,CO2 AFOLU,1234,1.549896512
1820.5,medium-overshoot,CO2 FFI,1234,0.05073387600000001
1820.5,medium-overshoot,CO2 AFOLU,1234,1.549896512
1820.5,low,CO2 FFI,1234,0.05073387600000001
1820.5,low,CO2 AFOLU,1234,1.549896512
1820.5,verylow,CO2 FFI,1234,0.05073387600000001
1820.5,verylow,CO2 AFOLU,1234,1.549896512
1820.5,verylow-overshoot,CO2 FFI,1234,0.05073387600000001
1820.5,verylow-overshoot,CO2 AFOLU,1234,1.549896512
1821.5,high-extension,CO2 FFI,1234,0.052060172000000016
1821.5,high-extension,CO2 AFOLU,1234,1.571880859
1821.5,high-overshoot,CO2 FFI,1234,0.052060172000000016
1821.5,high-overshoot,CO2 AFOLU,1234,1.571880859
1821.5,medium-extension,CO2 FFI,1234,0.052060172000000016
1821.5,medium-extension,CO2 AFOLU,1234,1.571880859
1821.5,medium-overshoot,CO2 FFI,1234,0.052060172000000016
1821.5,medium-overshoot,CO2 AFOLU,1234,1.571880859
1821.5,low,CO2 FFI,1234,0.052060172000000016
1821.5,low,CO2 AFOLU,1234,1.571880859
1821.5,verylow,CO2 FFI,1234,0.052060172000000016
1821.5,verylow,CO2 AFOLU,1234,1.571880859
1821.5,verylow-overshoot,CO2 FFI,1234,0.052060172000000016
1821.5,verylow-overshoot,CO2 AFOLU,1234,1.571880859
1822.5,high-extension,CO2 FFI,1234,0.054022565999999994
1822.5,high-extension,CO2 AFOLU,1234,1.593865207
1822.5,high-overshoot,CO2 FFI,1234,0.054022565999999994
1822.5,high-overshoot,CO2 AFOLU,1234,1.593865207
1822.5,medium-extension,CO2 FFI,1234,0.054022565999999994
1822.5,medium-extension,CO2 AFOLU,1234,1.593865207
1822.5,medium-overshoot,CO2 FFI,1234,0.054022565999999994
1822.5,medium-overshoot,CO2 AFOLU,1234,1.593865207
1822.5,low,CO2 FFI,1234,0.054022565999999994
1822.5,low,CO2 AFOLU,1234,1.593865207
1822.5,verylow,CO2 FFI,1234,0.054022565999999994
1822.5,verylow,CO2 AFOLU,1234,1.593865207
1822.5,verylow-overshoot,CO2 FFI,1234,0.054022565999999994
1822.5,verylow-overshoot,CO2 AFOLU,1234,1.593865207
1823.5,high-extension,CO2 FFI,1234,0.056358654000000064
1823.5,high-extension,CO2 AFOLU,1234,1.615849555
1823.5,high-overshoot,CO2 FFI,1234,0.056358654000000064
1823.5,high-overshoot,CO2 AFOLU,1234,1.615849555
1823.5,medium-extension,CO2 FFI,1234,0.056358654000000064
1823.5,medium-extension,CO2 AFOLU,1234,1.615849555
1823.5,medium-overshoot,CO2 FFI,1234,0.056358654000000064
1823.5,medium-overshoot,CO2 AFOLU,1234,1.615849555
1823.5,low,CO2 FFI,1234,0.056358654000000064
1823.5,low,CO2 AFOLU,1234,1.615849555
1823.5,verylow,CO2 FFI,1234,0.056358654000000064
1823.5,verylow,CO2 AFOLU,1234,1.615849555
1823.5,verylow-overshoot,CO2 FFI,1234,0.056358654000000064
1823.5,verylow-overshoot,CO2 AFOLU,1234,1.615849555
1824.5,high-extension,CO2 FFI,1234,0.0575845479999999
1824.5,high-extension,CO2 AFOLU,1234,1.637833902
1824.5,high-overshoot,CO2 FFI,1234,0.0575845479999999
1824.5,high-overshoot,CO2 AFOLU,1234,1.637833902
1824.5,medium-extension,CO2 FFI,1234,0.0575845479999999
1824.5,medium-extension,CO2 AFOLU,1234,1.637833902
1824.5,medium-overshoot,CO2 FFI,1234,0.0575845479999999
1824.5,medium-overshoot,CO2 AFOLU,1234,1.637833902
1824.5,low,CO2 FFI,1234,0.0575845479999999
1824.5,low,CO2 AFOLU,1234,1.637833902
1824.5,verylow,CO2 FFI,1234,0.0575845479999999
1824.5,verylow,CO2 AFOLU,1234,1.637833902
1824.5,verylow-overshoot,CO2 FFI,1234,0.0575845479999999
1824.5,verylow-overshoot,CO2 AFOLU,1234,1.637833902
1825.5,high-extension,CO2 FFI,1234,0.060731826999999905
1825.5,high-extension,CO2 AFOLU,1234,1.65981825
1825.5,high-overshoot,CO2 FFI,1234,0.060731826999999905
1825.5,high-overshoot,CO2 AFOLU,1234,1.65981825
1825.5,medium-extension,CO2 FFI,1234,0.060731826999999905
1825.5,medium-extension,CO2 AFOLU,1234,1.65981825
1825.5,medium-overshoot,CO2 FFI,1234,0.060731826999999905
1825.5,medium-overshoot,CO2 AFOLU,1234,1.65981825
1825.5,low,CO2 FFI,1234,0.060731826999999905
1825.5,low,CO2 AFOLU,1234,1.65981825
1825.5,verylow,CO2 FFI,1234,0.060731826999999905
1825.5,verylow,CO2 AFOLU,1234,1.65981825
1825.5,verylow-overshoot,CO2 FFI,1234,0.060731826999999905
1825.5,verylow-overshoot,CO2 AFOLU,1234,1.65981825
1826.5,high-extension,CO2 FFI,1234,0.061383101000000106
1826.5,high-extension,CO2 AFOLU,1234,1.681802598
1826.5,high-overshoot,CO2 FFI,1234,0.061383101000000106
1826.5,high-overshoot,CO2 AFOLU,1234,1.681802598
1826.5,medium-extension,CO2 FFI,1234,0.061383101000000106
1826.5,medium-extension,CO2 AFOLU,1234,1.681802598
1826.5,medium-overshoot,CO2 FFI,1234,0.061383101000000106
1826.5,medium-overshoot,CO2 AFOLU,1234,1.681802598
1826.5,low,CO2 FFI,1234,0.061383101000000106
1826.5,low,CO2 AFOLU,1234,1.681802598
1826.5,verylow,CO2 FFI,1234,0.061383101000000106
1826.5,verylow,CO2 AFOLU,1234,1.681802598
1826.5,verylow-overshoot,CO2 FFI,1234,0.061383101000000106
1826.5,verylow-overshoot,CO2 AFOLU,1234,1.681802598
1827.5,high-extension,CO2 FFI,1234,0.0657396079999999
1827.5,high-extension,CO2 AFOLU,1234,1.703786945
1827.5,high-overshoot,CO2 FFI,1234,0.0657396079999999
1827.5,high-overshoot,CO2 AFOLU,1234,1.703786945
1827.5,medium-extension,CO2 FFI,1234,0.0657396079999999
1827.5,medium-extension,CO2 AFOLU,1234,1.703786945
1827.5,medium-overshoot,CO2 FFI,1234,0.0657396079999999
1827.5,medium-overshoot,CO2 AFOLU,1234,1.703786945
1827.5,low,CO2 FFI,1234,0.0657396079999999
1827.5,low,CO2 AFOLU,1234,1.703786945
1827.5,verylow,CO2 FFI,1234,0.0657396079999999
1827.5,verylow,CO2 AFOLU,1234,1.703786945
1827.5,verylow-overshoot,CO2 FFI,1234,0.0657396079999999
1827.5,verylow-overshoot,CO2 AFOLU,1234,1.703786945
1828.5,high-extension,CO2 FFI,1234,0.0666828450000001
1828.5,high-extension,CO2 AFOLU,1234,1.725771293
1828.5,high-overshoot,CO2 FFI,1234,0.0666828450000001
1828.5,high-overshoot,CO2 AFOLU,1234,1.725771293
1828.5,medium-extension,CO2 FFI,1234,0.0666828450000001
1828.5,medium-extension,CO2 AFOLU,1234,1.725771293
1828.5,medium-overshoot,CO2 FFI,1234,0.0666828450000001
1828.5,medium-overshoot,CO2 AFOLU,1234,1.725771293
1828.5,low,CO2 FFI,1234,0.0666828450000001
1828.5,low,CO2 AFOLU,1234,1.725771293
1828.5,verylow,CO2 FFI,1234,0.0666828450000001
1828.5,verylow,CO2 AFOLU,1234,1.725771293
1828.5,verylow-overshoot,CO2 FFI,1234,0.0666828450000001
1828.5,verylow-overshoot,CO2 AFOLU,1234,1.725771293
1829.5,high-extension,CO2 FFI,1234,0.0663084570000001
1829.5,high-extension,CO2 AFOLU,1234,1.747755641
1829.5,high-overshoot,CO2 FFI,1234,0.0663084570000001
1829.5,high-overshoot,CO2 AFOLU,1234,1.747755641
1829.5,medium-extension,CO2 FFI,1234,0.0663084570000001
1829.5,medium-extension,CO2 AFOLU,1234,1.747755641
1829.5,medium-overshoot,CO2 FFI,1234,0.0663084570000001
1829.5,medium-overshoot,CO2 AFOLU,1234,1.747755641
1829.5,low,CO2 FFI,1234,0.0663084570000001
1829.5,low,CO2 AFOLU,1234,1.747755641
1829.5,verylow,CO2 FFI,1234,0.0663084570000001
1829.5,verylow,CO2 AFOLU,1234,1.747755641
1829.5,verylow-overshoot,CO2 FFI,1234,0.0663084570000001
1829.5,verylow-overshoot,CO2 AFOLU,1234,1.747755641
1830.5,high-extension,CO2 FFI,1234,0.08898966199999991
1830.5,high-extension,CO2 AFOLU,1234,1.769739988
1830.5,high-overshoot,CO2 FFI,1234,0.08898966199999991
1830.5,high-overshoot,CO2 AFOLU,1234,1.769739988
1830.5,medium-extension,CO2 FFI,1234,0.08898966199999991
1830.5,medium-extension,CO2 AFOLU,1234,1.769739988
1830.5,medium-overshoot,CO2 FFI,1234,0.08898966199999991
1830.5,medium-overshoot,CO2 AFOLU,1234,1.769739988
1830.5,low,CO2 FFI,1234,0.08898966199999991
1830.5,low,CO2 AFOLU,1234,1.769739988
1830.5,verylow,CO2 FFI,1234,0.08898966199999991
1830.5,verylow,CO2 AFOLU,1234,1.769739988
1830.5,verylow-overshoot,CO2 FFI,1234,0.08898966199999991
1830.5,verylow-overshoot,CO2 AFOLU,1234,1.769739988
1831.5,high-extension,CO2 FFI,1234,0.08325193200000003
1831.5,high-extension,CO2 AFOLU,1234,1.791724336
1831.5,high-overshoot,CO2 FFI,1234,0.08325193200000003
1831.5,high-overshoot,CO2 AFOLU,1234,1.791724336
1831.5,medium-extension,CO2 FFI,1234,0.08325193200000003
1831.5,medium-extension,CO2 AFOLU,1234,1.791724336
1831.5,medium-overshoot,CO2 FFI,1234,0.08325193200000003
1831.5,medium-overshoot,CO2 AFOLU,1234,1.791724336
1831.5,low,CO2 FFI,1234,0.08325193200000003
1831.5,low,CO2 AFOLU,1234,1.791724336
1831.5,verylow,CO2 FFI,1234,0.08325193200000003
1831.5,verylow,CO2 AFOLU,1234,1.791724336
1831.5,verylow-overshoot,CO2 FFI,1234,0.08325193200000003
1831.5,verylow-overshoot,CO2 AFOLU,1234,1.791724336
1832.5,high-extension,CO2 FFI,1234,0.08209285499999996
1832.5,high-extension,CO2 AFOLU,1234,1.813708684
1832.5,high-overshoot,CO2 FFI,1234,0.08209285499999996
1832.5,high-overshoot,CO2 AFOLU,1234,1.813708684
1832.5,medium-extension,CO2 FFI,1234,0.08209285499999996
1832.5,medium-extension,CO2 AFOLU,1234,1.813708684
1832.5,medium-overshoot,CO2 FFI,1234,0.08209285499999996
1832.5,medium-overshoot,CO2 AFOLU,1234,1.813708684
1832.5,low,CO2 FFI,1234,0.08209285499999996
1832.5,low,CO2 AFOLU,1234,1.813708684
1832.5,verylow,CO2 FFI,1234,0.08209285499999996
1832.5,verylow,CO2 AFOLU,1234,1.813708684
1832.5,verylow-overshoot,CO2 FFI,1234,0.08209285499999996
1832.5,verylow-overshoot,CO2 AFOLU,1234,1.813708684
1833.5,high-extension,CO2 FFI,1234,0.08325001999999992
1833.5,high-extension,CO2 AFOLU,1234,1.835693031
1833.5,high-overshoot,CO2 FFI,1234,0.08325001999999992
1833.5,high-overshoot,CO2 AFOLU,1234,1.835693031
1833.5,medium-extension,CO2 FFI,1234,0.08325001999999992
1833.5,medium-extension,CO2 AFOLU,1234,1.835693031
1833.5,medium-overshoot,CO2 FFI,1234,0.08325001999999992
1833.5,medium-overshoot,CO2 AFOLU,1234,1.835693031
1833.5,low,CO2 FFI,1234,0.08325001999999992
1833.5,low,CO2 AFOLU,1234,1.835693031
1833.5,verylow,CO2 FFI,1234,0.08325001999999992
1833.5,verylow,CO2 AFOLU,1234,1.835693031
1833.5,verylow-overshoot,CO2 FFI,1234,0.08325001999999992
1833.5,verylow-overshoot,CO2 AFOLU,1234,1.835693031
1834.5,high-extension,CO2 FFI,1234,0.08876451500000004
1834.5,high-extension,CO2 AFOLU,1234,1.857677379
1834.5,high-overshoot,CO2 FFI,1234,0.08876451500000004
1834.5,high-overshoot,CO2 AFOLU,1234,1.857677379
1834.5,medium-extension,CO2 FFI,1234,0.08876451500000004
1834.5,medium-extension,CO2 AFOLU,1234,1.857677379
1834.5,medium-overshoot,CO2 FFI,1234,0.08876451500000004
1834.5,medium-overshoot,CO2 AFOLU,1234,1.857677379
1834.5,low,CO2 FFI,1234,0.08876451500000004
1834.5,low,CO2 AFOLU,1234,1.857677379
1834.5,verylow,CO2 FFI,1234,0.08876451500000004
1834.5,verylow,CO2 AFOLU,1234,1.857677379
1834.5,verylow-overshoot,CO2 FFI,1234,0.08876451500000004
1834.5,verylow-overshoot,CO2 AFOLU,1234,1.857677379
1835.5,high-extension,CO2 FFI,1234,0.09740113400000006
1835.5,high-extension,CO2 AFOLU,1234,1.879661727
1835.5,high-overshoot,CO2 FFI,1234,0.09740113400000006
1835.5,high-overshoot,CO2 AFOLU,1234,1.879661727
1835.5,medium-extension,CO2 FFI,1234,0.09740113400000006
1835.5,medium-extension,CO2 AFOLU,1234,1.879661727
1835.5,medium-overshoot,CO2 FFI,1234,0.09740113400000006
1835.5,medium-overshoot,CO2 AFOLU,1234,1.879661727
1835.5,low,CO2 FFI,1234,0.09740113400000006
1835.5,low,CO2 AFOLU,1234,1.879661727
1835.5,verylow,CO2 FFI,1234,0.09740113400000006
1835.5,verylow,CO2 AFOLU,1234,1.879661727
1835.5,verylow-overshoot,CO2 FFI,1234,0.09740113400000006
1835.5,verylow-overshoot,CO2 AFOLU,1234,1.879661727
1836.5,high-extension,CO2 FFI,1234,0.10689618599999995
1836.5,high-extension,CO2 AFOLU,1234,1.901646074
1836.5,high-overshoot,CO2 FFI,1234,0.10689618599999995
1836.5,high-overshoot,CO2 AFOLU,1234,1.901646074
1836.5,medium-extension,CO2 FFI,1234,0.10689618599999995
1836.5,medium-extension,CO2 AFOLU,1234,1.901646074
1836.5,medium-overshoot,CO2 FFI,1234,0.10689618599999995
1836.5,medium-overshoot,CO2 AFOLU,1234,1.901646074
1836.5,low,CO2 FFI,1234,0.10689618599999995
1836.5,low,CO2 AFOLU,1234,1.901646074
1836.5,verylow,CO2 FFI,1234,0.10689618599999995
1836.5,verylow,CO2 AFOLU,1234,1.901646074
1836.5,verylow-overshoot,CO2 FFI,1234,0.10689618599999995
1836.5,verylow-overshoot,CO2 AFOLU,1234,1.901646074
1837.5,high-extension,CO2 FFI,1234,0.10620110199999999
1837.5,high-extension,CO2 AFOLU,1234,1.923630422
1837.5,high-overshoot,CO2 FFI,1234,0.10620110199999999
1837.5,high-overshoot,CO2 AFOLU,1234,1.923630422
1837.5,medium-extension,CO2 FFI,1234,0.10620110199999999
1837.5,medium-extension,CO2 AFOLU,1234,1.923630422
1837.5,medium-overshoot,CO2 FFI,1234,0.10620110199999999
1837.5,medium-overshoot,CO2 AFOLU,1234,1.923630422
1837.5,low,CO2 FFI,1234,0.10620110199999999
1837.5,low,CO2 AFOLU,1234,1.923630422
1837.5,verylow,CO2 FFI,1234,0.10620110199999999
1837.5,verylow,CO2 AFOLU,1234,1.923630422
1837.5,verylow-overshoot,CO2 FFI,1234,0.10620110199999999
1837.5,verylow-overshoot,CO2 AFOLU,1234,1.923630422
1838.5,high-extension,CO2 FFI,1234,0.10584693499999998
1838.5,high-extension,CO2 AFOLU,1234,1.94561477
1838.5,high-overshoot,CO2 FFI,1234,0.10584693499999998
1838.5,high-overshoot,CO2 AFOLU,1234,1.94561477
1838.5,medium-extension,CO2 FFI,1234,0.10584693499999998
1838.5,medium-extension,CO2 AFOLU,1234,1.94561477
1838.5,medium-overshoot,CO2 FFI,1234,0.10584693499999998
1838.5,medium-overshoot,CO2 AFOLU,1234,1.94561477
1838.5,low,CO2 FFI,1234,0.10584693499999998
1838.5,low,CO2 AFOLU,1234,1.94561477
1838.5,verylow,CO2 FFI,1234,0.10584693499999998
1838.5,verylow,CO2 AFOLU,1234,1.94561477
1838.5,verylow-overshoot,CO2 FFI,1234,0.10584693499999998
1838.5,verylow-overshoot,CO2 AFOLU,1234,1.94561477
1839.5,high-extension,CO2 FFI,1234,0.10965476800000018
1839.5,high-extension,CO2 AFOLU,1234,1.967599117
1839.5,high-overshoot,CO2 FFI,1234,0.10965476800000018
1839.5,high-overshoot,CO2 AFOLU,1234,1.967599117
1839.5,medium-extension,CO2 FFI,1234,0.10965476800000018
1839.5,medium-extension,CO2 AFOLU,1234,1.967599117
1839.5,medium-overshoot,CO2 FFI,1234,0.10965476800000018
1839.5,medium-overshoot,CO2 AFOLU,1234,1.967599117
1839.5,low,CO2 FFI,1234,0.10965476800000018
1839.5,low,CO2 AFOLU,1234,1.967599117
1839.5,verylow,CO2 FFI,1234,0.10965476800000018
1839.5,verylow,CO2 AFOLU,1234,1.967599117
1839.5,verylow-overshoot,CO2 FFI,1234,0.10965476800000018
1839.5,verylow-overshoot,CO2 AFOLU,1234,1.967599117
1840.5,high-extension,CO2 FFI,1234,0.1188103909999998
1840.5,high-extension,CO2 AFOLU,1234,1.989583465
1840.5,high-overshoot,CO2 FFI,1234,0.1188103909999998
1840.5,high-overshoot,CO2 AFOLU,1234,1.989583465
1840.5,medium-extension,CO2 FFI,1234,0.1188103909999998
1840.5,medium-extension,CO2 AFOLU,1234,1.989583465
1840.5,medium-overshoot,CO2 FFI,1234,0.1188103909999998
1840.5,medium-overshoot,CO2 AFOLU,1234,1.989583465
1840.5,low,CO2 FFI,1234,0.1188103909999998
1840.5,low,CO2 AFOLU,1234,1.989583465
1840.5,verylow,CO2 FFI,1234,0.1188103909999998
1840.5,verylow,CO2 AFOLU,1234,1.989583465
1840.5,verylow-overshoot,CO2 FFI,1234,0.1188103909999998
1840.5,verylow-overshoot,CO2 AFOLU,1234,1.989583465
1841.5,high-extension,CO2 FFI,1234,0.1221674789999998
1841.5,high-extension,CO2 AFOLU,1234,2.011567813
1841.5,high-overshoot,CO2 FFI,1234,0.1221674789999998
1841.5,high-overshoot,CO2 AFOLU,1234,2.011567813
1841.5,medium-extension,CO2 FFI,1234,0.1221674789999998
1841.5,medium-extension,CO2 AFOLU,1234,2.011567813
1841.5,medium-overshoot,CO2 FFI,1234,0.1221674789999998
1841.5,medium-overshoot,CO2 AFOLU,1234,2.011567813
1841.5,low,CO2 FFI,1234,0.1221674789999998
1841.5,low,CO2 AFOLU,1234,2.011567813
1841.5,verylow,CO2 FFI,1234,0.1221674789999998
1841.5,verylow,CO2 AFOLU,1234,2.011567813
1841.5,verylow-overshoot,CO2 FFI,1234,0.1221674789999998
1841.5,verylow-overshoot,CO2 AFOLU,1234,2.011567813
1842.5,high-extension,CO2 FFI,1234,0.12939083500000015
1842.5,high-extension,CO2 AFOLU,1234,2.033552161
1842.5,high-overshoot,CO2 FFI,1234,0.12939083500000015
1842.5,high-overshoot,CO2 AFOLU,1234,2.033552161
1842.5,medium-extension,CO2 FFI,1234,0.12939083500000015
1842.5,medium-extension,CO2 AFOLU,1234,2.033552161
1842.5,medium-overshoot,CO2 FFI,1234,0.12939083500000015
1842.5,medium-overshoot,CO2 AFOLU,1234,2.033552161
1842.5,low,CO2 FFI,1234,0.12939083500000015
1842.5,low,CO2 AFOLU,1234,2.033552161
1842.5,verylow,CO2 FFI,1234,0.12939083500000015
1842.5,verylow,CO2 AFOLU,1234,2.033552161
1842.5,verylow-overshoot,CO2 FFI,1234,0.12939083500000015
1842.5,verylow-overshoot,CO2 AFOLU,1234,2.033552161
1843.5,high-extension,CO2 FFI,1234,0.13237148199999993
1843.5,high-extension,CO2 AFOLU,1234,2.055536508
1843.5,high-overshoot,CO2 FFI,1234,0.13237148199999993
1843.5,high-overshoot,CO2 AFOLU,1234,2.055536508
1843.5,medium-extension,CO2 FFI,1234,0.13237148199999993
1843.5,medium-extension,CO2 AFOLU,1234,2.055536508
1843.5,medium-overshoot,CO2 FFI,1234,0.13237148199999993
1843.5,medium-overshoot,CO2 AFOLU,1234,2.055536508
1843.5,low,CO2 FFI,1234,0.13237148199999993
1843.5,low,CO2 AFOLU,1234,2.055536508
1843.5,verylow,CO2 FFI,1234,0.13237148199999993
1843.5,verylow,CO2 AFOLU,1234,2.055536508
1843.5,verylow-overshoot,CO2 FFI,1234,0.13237148199999993
1843.5,verylow-overshoot,CO2 AFOLU,1234,2.055536508
1844.5,high-extension,CO2 FFI,1234,0.14194452200000018
1844.5,high-extension,CO2 AFOLU,1234,2.077520856
1844.5,high-overshoot,CO2 FFI,1234,0.14194452200000018
1844.5,high-overshoot,CO2 AFOLU,1234,2.077520856
1844.5,medium-extension,CO2 FFI,1234,0.14194452200000018
1844.5,medium-extension,CO2 AFOLU,1234,2.077520856
1844.5,medium-overshoot,CO2 FFI,1234,0.14194452200000018
1844.5,medium-overshoot,CO2 AFOLU,1234,2.077520856
1844.5,low,CO2 FFI,1234,0.14194452200000018
1844.5,low,CO2 AFOLU,1234,2.077520856
1844.5,verylow,CO2 FFI,1234,0.14194452200000018
1844.5,verylow,CO2 AFOLU,1234,2.077520856
1844.5,verylow-overshoot,CO2 FFI,1234,0.14194452200000018
1844.5,verylow-overshoot,CO2 AFOLU,1234,2.077520856
1845.5,high-extension,CO2 FFI,1234,0.1550398099999999
1845.5,high-extension,CO2 AFOLU,1234,2.099505204
1845.5,high-overshoot,CO2 FFI,1234,0.1550398099999999
1845.5,high-overshoot,CO2 AFOLU,1234,2.099505204
1845.5,medium-extension,CO2 FFI,1234,0.1550398099999999
1845.5,medium-extension,CO2 AFOLU,1234,2.099505204
1845.5,medium-overshoot,CO2 FFI,1234,0.1550398099999999
1845.5,medium-overshoot,CO2 AFOLU,1234,2.099505204
1845.5,low,CO2 FFI,1234,0.1550398099999999
1845.5,low,CO2 AFOLU,1234,2.099505204
1845.5,verylow,CO2 FFI,1234,0.1550398099999999
1845.5,verylow,CO2 AFOLU,1234,2.099505204
1845.5,verylow-overshoot,CO2 FFI,1234,0.1550398099999999
1845.5,verylow-overshoot,CO2 AFOLU,1234,2.099505204
1846.5,high-extension,CO2 FFI,1234,0.15765862099999994
1846.5,high-extension,CO2 AFOLU,1234,2.121489551
1846.5,high-overshoot,CO2 FFI,1234,0.15765862099999994
1846.5,high-overshoot,CO2 AFOLU,1234,2.121489551
1846.5,medium-extension,CO2 FFI,1234,0.15765862099999994
1846.5,medium-extension,CO2 AFOLU,1234,2.121489551
1846.5,medium-overshoot,CO2 FFI,1234,0.15765862099999994
1846.5,medium-overshoot,CO2 AFOLU,1234,2.121489551
1846.5,low,CO2 FFI,1234,0.15765862099999994
1846.5,low,CO2 AFOLU,1234,2.121489551
1846.5,verylow,CO2 FFI,1234,0.15765862099999994
1846.5,verylow,CO2 AFOLU,1234,2.121489551
1846.5,verylow-overshoot,CO2 FFI,1234,0.15765862099999994
1846.5,verylow-overshoot,CO2 AFOLU,1234,2.121489551
1847.5,high-extension,CO2 FFI,1234,0.1707436050000002
1847.5,high-extension,CO2 AFOLU,1234,2.143473899
1847.5,high-overshoot,CO2 FFI,1234,0.1707436050000002
1847.5,high-overshoot,CO2 AFOLU,1234,2.143473899
1847.5,medium-extension,CO2 FFI,1234,0.1707436050000002
1847.5,medium-extension,CO2 AFOLU,1234,2.143473899
1847.5,medium-overshoot,CO2 FFI,1234,0.1707436050000002
1847.5,medium-overshoot,CO2 AFOLU,1234,2.143473899
1847.5,low,CO2 FFI,1234,0.1707436050000002
1847.5,low,CO2 AFOLU,1234,2.143473899
1847.5,verylow,CO2 FFI,1234,0.1707436050000002
1847.5,verylow,CO2 AFOLU,1234,2.143473899
1847.5,verylow-overshoot,CO2 FFI,1234,0.1707436050000002
1847.5,verylow-overshoot,CO2 AFOLU,1234,2.143473899
1848.5,high-extension,CO2 FFI,1234,0.17358262999999985
1848.5,high-extension,CO2 AFOLU,1234,2.165458247
1848.5,high-overshoot,CO2 FFI,1234,0.17358262999999985
1848.5,high-overshoot,CO2 AFOLU,1234,2.165458247
1848.5,medium-extension,CO2 FFI,1234,0.17358262999999985
1848.5,medium-extension,CO2 AFOLU,1234,2.165458247
1848.5,medium-overshoot,CO2 FFI,1234,0.17358262999999985
1848.5,medium-overshoot,CO2 AFOLU,1234,2.165458247
1848.5,low,CO2 FFI,1234,0.17358262999999985
1848.5,low,CO2 AFOLU,1234,2.165458247
1848.5,verylow,CO2 FFI,1234,0.17358262999999985
1848.5,verylow,CO2 AFOLU,1234,2.165458247
1848.5,verylow-overshoot,CO2 FFI,1234,0.17358262999999985
1848.5,verylow-overshoot,CO2 AFOLU,1234,2.165458247
1849.5,high-extension,CO2 FFI,1234,0.18493492300000014
1849.5,high-extension,CO2 AFOLU,1234,2.187442594
1849.5,high-overshoot,CO2 FFI,1234,0.18493492300000014
1849.5,high-overshoot,CO2 AFOLU,1234,2.187442594
1849.5,medium-extension,CO2 FFI,1234,0.18493492300000014
1849.5,medium-extension,CO2 AFOLU,1234,2.187442594
1849.5,medium-overshoot,CO2 FFI,1234,0.18493492300000014
1849.5,medium-overshoot,CO2 AFOLU,1234,2.187442594
1849.5,low,CO2 FFI,1234,0.18493492300000014
1849.5,low,CO2 AFOLU,1234,2.187442594
1849.5,verylow,CO2 FFI,1234,0.18493492300000014
1849.5,verylow,CO2 AFOLU,1234,2.187442594
1849.5,verylow-overshoot,CO2 FFI,1234,0.18493492300000014
1849.5,verylow-overshoot,CO2 AFOLU,1234,2.187442594
1850.5,high-extension,CO2 FFI,1234,0.1967550779999998
1850.5,high-extension,CO2 AFOLU,1234,2.643288043
1850.5,high-overshoot,CO2 FFI,1234,0.1967550779999998
1850.5,high-overshoot,CO2 AFOLU,1234,2.643288043
1850.5,medium-extension,CO2 FFI,1234,0.1967550779999998
1850.5,medium-extension,CO2 AFOLU,1234,2.643288043
1850.5,medium-overshoot,CO2 FFI,1234,0.1967550779999998
1850.5,medium-overshoot,CO2 AFOLU,1234,2.643288043
1850.5,low,CO2 FFI,1234,0.1967550779999998
1850.5,low,CO2 AFOLU,1234,2.643288043
1850.5,verylow,CO2 FFI,1234,0.1967550779999998
1850.5,verylow,CO2 AFOLU,1234,2.643288043
1850.5,verylow-overshoot,CO2 FFI,1234,0.1967550779999998
1850.5,verylow-overshoot,CO2 AFOLU,1234,2.643288043
1851.5,high-extension,CO2 FFI,1234,0.198671241
1851.5,high-extension,CO2 AFOLU,1234,2.732947541
1851.5,high-overshoot,CO2 FFI,1234,0.198671241
1851.5,high-overshoot,CO2 AFOLU,1234,2.732947541
1851.5,medium-extension,CO2 FFI,1234,0.198671241
1851.5,medium-extension,CO2 AFOLU,1234,2.732947541
1851.5,medium-overshoot,CO2 FFI,1234,0.198671241
1851.5,medium-overshoot,CO2 AFOLU,1234,2.732947541
1851.5,low,CO2 FFI,1234,0.198671241
1851.5,low,CO2 AFOLU,1234,2.732947541
1851.5,verylow,CO2 FFI,1234,0.198671241
1851.5,verylow,CO2 AFOLU,1234,2.732947541
1851.5,verylow-overshoot,CO2 FFI,1234,0.198671241
1851.5,verylow-overshoot,CO2 AFOLU,1234,2.732947541
1852.5,high-extension,CO2 FFI,1234,0.20741749600000015
1852.5,high-extension,CO2 AFOLU,1234,2.780262743
1852.5,high-overshoot,CO2 FFI,1234,0.20741749600000015
1852.5,high-overshoot,CO2 AFOLU,1234,2.780262743
1852.5,medium-extension,CO2 FFI,1234,0.20741749600000015
1852.5,medium-extension,CO2 AFOLU,1234,2.780262743
1852.5,medium-overshoot,CO2 FFI,1234,0.20741749600000015
1852.5,medium-overshoot,CO2 AFOLU,1234,2.780262743
1852.5,low,CO2 FFI,1234,0.20741749600000015
1852.5,low,CO2 AFOLU,1234,2.780262743
1852.5,verylow,CO2 FFI,1234,0.20741749600000015
1852.5,verylow,CO2 AFOLU,1234,2.780262743
1852.5,verylow-overshoot,CO2 FFI,1234,0.20741749600000015
1852.5,verylow-overshoot,CO2 AFOLU,1234,2.780262743
1853.5,high-extension,CO2 FFI,1234,0.2171238729999998
1853.5,high-extension,CO2 AFOLU,1234,2.839583841
1853.5,high-overshoot,CO2 FFI,1234,0.2171238729999998
1853.5,high-overshoot,CO2 AFOLU,1234,2.839583841
1853.5,medium-extension,CO2 FFI,1234,0.2171238729999998
1853.5,medium-extension,CO2 AFOLU,1234,2.839583841
1853.5,medium-overshoot,CO2 FFI,1234,0.2171238729999998
1853.5,medium-overshoot,CO2 AFOLU,1234,2.839583841
1853.5,low,CO2 FFI,1234,0.2171238729999998
1853.5,low,CO2 AFOLU,1234,2.839583841
1853.5,verylow,CO2 FFI,1234,0.2171238729999998
1853.5,verylow,CO2 AFOLU,1234,2.839583841
1853.5,verylow-overshoot,CO2 FFI,1234,0.2171238729999998
1853.5,verylow-overshoot,CO2 AFOLU,1234,2.839583841
1854.5,high-extension,CO2 FFI,1234,0.255037202
1854.5,high-extension,CO2 AFOLU,1234,2.875222911
1854.5,high-overshoot,CO2 FFI,1234,0.255037202
1854.5,high-overshoot,CO2 AFOLU,1234,2.875222911
1854.5,medium-extension,CO2 FFI,1234,0.255037202
1854.5,medium-extension,CO2 AFOLU,1234,2.875222911
1854.5,medium-overshoot,CO2 FFI,1234,0.255037202
1854.5,medium-overshoot,CO2 AFOLU,1234,2.875222911
1854.5,low,CO2 FFI,1234,0.255037202
1854.5,low,CO2 AFOLU,1234,2.875222911
1854.5,verylow,CO2 FFI,1234,0.255037202
1854.5,verylow,CO2 AFOLU,1234,2.875222911
1854.5,verylow-overshoot,CO2 FFI,1234,0.255037202
1854.5,verylow-overshoot,CO2 AFOLU,1234,2.875222911
1855.5,high-extension,CO2 FFI,1234,0.26010850800000007
1855.5,high-extension,CO2 AFOLU,1234,2.885323498
1855.5,high-overshoot,CO2 FFI,1234,0.26010850800000007
1855.5,high-overshoot,CO2 AFOLU,1234,2.885323498
1855.5,medium-extension,CO2 FFI,1234,0.26010850800000007
1855.5,medium-extension,CO2 AFOLU,1234,2.885323498
1855.5,medium-overshoot,CO2 FFI,1234,0.26010850800000007
1855.5,medium-overshoot,CO2 AFOLU,1234,2.885323498
1855.5,low,CO2 FFI,1234,0.26010850800000007
1855.5,low,CO2 AFOLU,1234,2.885323498
1855.5,verylow,CO2 FFI,1234,0.26010850800000007
1855.5,verylow,CO2 AFOLU,1234,2.885323498
1855.5,verylow-overshoot,CO2 FFI,1234,0.26010850800000007
1855.5,verylow-overshoot,CO2 AFOLU,1234,2.885323498
1856.5,high-extension,CO2 FFI,1234,0.2773008309999998
1856.5,high-extension,CO2 AFOLU,1234,2.901274364
1856.5,high-overshoot,CO2 FFI,1234,0.2773008309999998
1856.5,high-overshoot,CO2 AFOLU,1234,2.901274364
1856.5,medium-extension,CO2 FFI,1234,0.2773008309999998
1856.5,medium-extension,CO2 AFOLU,1234,2.901274364
1856.5,medium-overshoot,CO2 FFI,1234,0.2773008309999998
1856.5,medium-overshoot,CO2 AFOLU,1234,2.901274364
1856.5,low,CO2 FFI,1234,0.2773008309999998
1856.5,low,CO2 AFOLU,1234,2.901274364
1856.5,verylow,CO2 FFI,1234,0.2773008309999998
1856.5,verylow,CO2 AFOLU,1234,2.901274364
1856.5,verylow-overshoot,CO2 FFI,1234,0.2773008309999998
1856.5,verylow-overshoot,CO2 AFOLU,1234,2.901274364
1857.5,high-extension,CO2 FFI,1234,0.279936443
1857.5,high-extension,CO2 AFOLU,1234,2.940528638
1857.5,high-overshoot,CO2 FFI,1234,0.279936443
1857.5,high-overshoot,CO2 AFOLU,1234,2.940528638
1857.5,medium-extension,CO2 FFI,1234,0.279936443
1857.5,medium-extension,CO2 AFOLU,1234,2.940528638
1857.5,medium-overshoot,CO2 FFI,1234,0.279936443
1857.5,medium-overshoot,CO2 AFOLU,1234,2.940528638
1857.5,low,CO2 FFI,1234,0.279936443
1857.5,low,CO2 AFOLU,1234,2.940528638
1857.5,verylow,CO2 FFI,1234,0.279936443
1857.5,verylow,CO2 AFOLU,1234,2.940528638
1857.5,verylow-overshoot,CO2 FFI,1234,0.279936443
1857.5,verylow-overshoot,CO2 AFOLU,1234,2.940528638
1858.5,high-extension,CO2 FFI,1234,0.2842296499999999
1858.5,high-extension,CO2 AFOLU,1234,2.960192415
1858.5,high-overshoot,CO2 FFI,1234,0.2842296499999999
1858.5,high-overshoot,CO2 AFOLU,1234,2.960192415
1858.5,medium-extension,CO2 FFI,1234,0.2842296499999999
1858.5,medium-extension,CO2 AFOLU,1234,2.960192415
1858.5,medium-overshoot,CO2 FFI,1234,0.2842296499999999
1858.5,medium-overshoot,CO2 AFOLU,1234,2.960192415
1858.5,low,CO2 FFI,1234,0.2842296499999999
1858.5,low,CO2 AFOLU,1234,2.960192415
1858.5,verylow,CO2 FFI,1234,0.2842296499999999
1858.5,verylow,CO2 AFOLU,1234,2.960192415
1858.5,verylow-overshoot,CO2 FFI,1234,0.2842296499999999
1858.5,verylow-overshoot,CO2 AFOLU,1234,2.960192415
1859.5,high-extension,CO2 FFI,1234,0.3014860330000002
1859.5,high-extension,CO2 AFOLU,1234,3.009412927
1859.5,high-overshoot,CO2 FFI,1234,0.3014860330000002
1859.5,high-overshoot,CO2 AFOLU,1234,3.009412927
1859.5,medium-extension,CO2 FFI,1234,0.3014860330000002
1859.5,medium-extension,CO2 AFOLU,1234,3.009412927
1859.5,medium-overshoot,CO2 FFI,1234,0.3014860330000002
1859.5,medium-overshoot,CO2 AFOLU,1234,3.009412927
1859.5,low,CO2 FFI,1234,0.3014860330000002
1859.5,low,CO2 AFOLU,1234,3.009412927
1859.5,verylow,CO2 FFI,1234,0.3014860330000002
1859.5,verylow,CO2 AFOLU,1234,3.009412927
1859.5,verylow-overshoot,CO2 FFI,1234,0.3014860330000002
1859.5,verylow-overshoot,CO2 AFOLU,1234,3.009412927
1860.5,high-extension,CO2 FFI,1234,0.3309678140000001
1860.5,high-extension,CO2 AFOLU,1234,2.855107233
1860.5,high-overshoot,CO2 FFI,1234,0.3309678140000001
1860.5,high-overshoot,CO2 AFOLU,1234,2.855107233
1860.5,medium-extension,CO2 FFI,1234,0.3309678140000001
1860.5,medium-extension,CO2 AFOLU,1234,2.855107233
1860.5,medium-overshoot,CO2 FFI,1234,0.3309678140000001
1860.5,medium-overshoot,CO2 AFOLU,1234,2.855107233
1860.5,low,CO2 FFI,1234,0.3309678140000001
1860.5,low,CO2 AFOLU,1234,2.855107233
1860.5,verylow,CO2 FFI,1234,0.3309678140000001
1860.5,verylow,CO2 AFOLU,1234,2.855107233
1860.5,verylow-overshoot,CO2 FFI,1234,0.3309678140000001
1860.5,verylow-overshoot,CO2 AFOLU,1234,2.855107233
1861.5,high-extension,CO2 FFI,1234,0.3477913130000001
1861.5,high-extension,CO2 AFOLU,1234,2.752037283
1861.5,high-overshoot,CO2 FFI,1234,0.3477913130000001
1861.5,high-overshoot,CO2 AFOLU,1234,2.752037283
1861.5,medium-extension,CO2 FFI,1234,0.3477913130000001
1861.5,medium-extension,CO2 AFOLU,1234,2.752037283
1861.5,medium-overshoot,CO2 FFI,1234,0.3477913130000001
1861.5,medium-overshoot,CO2 AFOLU,1234,2.752037283
1861.5,low,CO2 FFI,1234,0.3477913130000001
1861.5,low,CO2 AFOLU,1234,2.752037283
1861.5,verylow,CO2 FFI,1234,0.3477913130000001
1861.5,verylow,CO2 AFOLU,1234,2.752037283
1861.5,verylow-overshoot,CO2 FFI,1234,0.3477913130000001
1861.5,verylow-overshoot,CO2 AFOLU,1234,2.752037283
1862.5,high-extension,CO2 FFI,1234,0.35449451099999996
1862.5,high-extension,CO2 AFOLU,1234,2.727268252
1862.5,high-overshoot,CO2 FFI,1234,0.35449451099999996
1862.5,high-overshoot,CO2 AFOLU,1234,2.727268252
1862.5,medium-extension,CO2 FFI,1234,0.35449451099999996
1862.5,medium-extension,CO2 AFOLU,1234,2.727268252
1862.5,medium-overshoot,CO2 FFI,1234,0.35449451099999996
1862.5,medium-overshoot,CO2 AFOLU,1234,2.727268252
1862.5,low,CO2 FFI,1234,0.35449451099999996
1862.5,low,CO2 AFOLU,1234,2.727268252
1862.5,verylow,CO2 FFI,1234,0.35449451099999996
1862.5,verylow,CO2 AFOLU,1234,2.727268252
1862.5,verylow-overshoot,CO2 FFI,1234,0.35449451099999996
1862.5,verylow-overshoot,CO2 AFOLU,1234,2.727268252
1863.5,high-extension,CO2 FFI,1234,0.37818612399999996
1863.5,high-extension,CO2 AFOLU,1234,2.713979935
1863.5,high-overshoot,CO2 FFI,1234,0.37818612399999996
1863.5,high-overshoot,CO2 AFOLU,1234,2.713979935
1863.5,medium-extension,CO2 FFI,1234,0.37818612399999996
1863.5,medium-extension,CO2 AFOLU,1234,2.713979935
1863.5,medium-overshoot,CO2 FFI,1234,0.37818612399999996
1863.5,medium-overshoot,CO2 AFOLU,1234,2.713979935
1863.5,low,CO2 FFI,1234,0.37818612399999996
1863.5,low,CO2 AFOLU,1234,2.713979935
1863.5,verylow,CO2 FFI,1234,0.37818612399999996
1863.5,verylow,CO2 AFOLU,1234,2.713979935
1863.5,verylow-overshoot,CO2 FFI,1234,0.37818612399999996
1863.5,verylow-overshoot,CO2 AFOLU,1234,2.713979935
1864.5,high-extension,CO2 FFI,1234,0.40773242200000004
1864.5,high-extension,CO2 AFOLU,1234,2.687513223
1864.5,high-overshoot,CO2 FFI,1234,0.40773242200000004
1864.5,high-overshoot,CO2 AFOLU,1234,2.687513223
1864.5,medium-extension,CO2 FFI,1234,0.40773242200000004
1864.5,medium-extension,CO2 AFOLU,1234,2.687513223
1864.5,medium-overshoot,CO2 FFI,1234,0.40773242200000004
1864.5,medium-overshoot,CO2 AFOLU,1234,2.687513223
1864.5,low,CO2 FFI,1234,0.40773242200000004
1864.5,low,CO2 AFOLU,1234,2.687513223
1864.5,verylow,CO2 FFI,1234,0.40773242200000004
1864.5,verylow,CO2 AFOLU,1234,2.687513223
1864.5,verylow-overshoot,CO2 FFI,1234,0.40773242200000004
1864.5,verylow-overshoot,CO2 AFOLU,1234,2.687513223
1865.5,high-extension,CO2 FFI,1234,0.4328659749999999
1865.5,high-extension,CO2 AFOLU,1234,2.640259089
1865.5,high-overshoot,CO2 FFI,1234,0.4328659749999999
1865.5,high-overshoot,CO2 AFOLU,1234,2.640259089
1865.5,medium-extension,CO2 FFI,1234,0.4328659749999999
1865.5,medium-extension,CO2 AFOLU,1234,2.640259089
1865.5,medium-overshoot,CO2 FFI,1234,0.4328659749999999
1865.5,medium-overshoot,CO2 AFOLU,1234,2.640259089
1865.5,low,CO2 FFI,1234,0.4328659749999999
1865.5,low,CO2 AFOLU,1234,2.640259089
1865.5,verylow,CO2 FFI,1234,0.4328659749999999
1865.5,verylow,CO2 AFOLU,1234,2.640259089
1865.5,verylow-overshoot,CO2 FFI,1234,0.4328659749999999
1865.5,verylow-overshoot,CO2 AFOLU,1234,2.640259089
1866.5,high-extension,CO2 FFI,1234,0.4465606489999998
1866.5,high-extension,CO2 AFOLU,1234,2.658408389
1866.5,high-overshoot,CO2 FFI,1234,0.4465606489999998
1866.5,high-overshoot,CO2 AFOLU,1234,2.658408389
1866.5,medium-extension,CO2 FFI,1234,0.4465606489999998
1866.5,medium-extension,CO2 AFOLU,1234,2.658408389
1866.5,medium-overshoot,CO2 FFI,1234,0.4465606489999998
1866.5,medium-overshoot,CO2 AFOLU,1234,2.658408389
1866.5,low,CO2 FFI,1234,0.4465606489999998
1866.5,low,CO2 AFOLU,1234,2.658408389
1866.5,verylow,CO2 FFI,1234,0.4465606489999998
1866.5,verylow,CO2 AFOLU,1234,2.658408389
1866.5,verylow-overshoot,CO2 FFI,1234,0.4465606489999998
1866.5,verylow-overshoot,CO2 AFOLU,1234,2.658408389
1867.5,high-extension,CO2 FFI,1234,0.47816831000000004
1867.5,high-extension,CO2 AFOLU,1234,2.670853973
1867.5,high-overshoot,CO2 FFI,1234,0.47816831000000004
1867.5,high-overshoot,CO2 AFOLU,1234,2.670853973
1867.5,medium-extension,CO2 FFI,1234,0.47816831000000004
1867.5,medium-extension,CO2 AFOLU,1234,2.670853973
1867.5,medium-overshoot,CO2 FFI,1234,0.47816831000000004
1867.5,medium-overshoot,CO2 AFOLU,1234,2.670853973
1867.5,low,CO2 FFI,1234,0.47816831000000004
1867.5,low,CO2 AFOLU,1234,2.670853973
1867.5,verylow,CO2 FFI,1234,0.47816831000000004
1867.5,verylow,CO2 AFOLU,1234,2.670853973
1867.5,verylow-overshoot,CO2 FFI,1234,0.47816831000000004
1867.5,verylow-overshoot,CO2 AFOLU,1234,2.670853973
1868.5,high-extension,CO2 FFI,1234,0.491559729
1868.5,high-extension,CO2 AFOLU,1234,2.641883488
1868.5,high-overshoot,CO2 FFI,1234,0.491559729
1868.5,high-overshoot,CO2 AFOLU,1234,2.641883488
1868.5,medium-extension,CO2 FFI,1234,0.491559729
1868.5,medium-extension,CO2 AFOLU,1234,2.641883488
1868.5,medium-overshoot,CO2 FFI,1234,0.491559729
1868.5,medium-overshoot,CO2 AFOLU,1234,2.641883488
1868.5,low,CO2 FFI,1234,0.491559729
1868.5,low,CO2 AFOLU,1234,2.641883488
1868.5,verylow,CO2 FFI,1234,0.491559729
1868.5,verylow,CO2 AFOLU,1234,2.641883488
1868.5,verylow-overshoot,CO2 FFI,1234,0.491559729
1868.5,verylow-overshoot,CO2 AFOLU,1234,2.641883488
1869.5,high-extension,CO2 FFI,1234,0.521962459
1869.5,high-extension,CO2 AFOLU,1234,2.626396736
1869.5,high-overshoot,CO2 FFI,1234,0.521962459
1869.5,high-overshoot,CO2 AFOLU,1234,2.626396736
1869.5,medium-extension,CO2 FFI,1234,0.521962459
1869.5,medium-extension,CO2 AFOLU,1234,2.626396736
1869.5,medium-overshoot,CO2 FFI,1234,0.521962459
1869.5,medium-overshoot,CO2 AFOLU,1234,2.626396736
1869.5,low,CO2 FFI,1234,0.521962459
1869.5,low,CO2 AFOLU,1234,2.626396736
1869.5,verylow,CO2 FFI,1234,0.521962459
1869.5,verylow,CO2 AFOLU,1234,2.626396736
1869.5,verylow-overshoot,CO2 FFI,1234,0.521962459
1869.5,verylow-overshoot,CO2 AFOLU,1234,2.626396736
1870.5,high-extension,CO2 FFI,1234,0.5333466819999999
1870.5,high-extension,CO2 AFOLU,1234,2.853385126
1870.5,high-overshoot,CO2 FFI,1234,0.5333466819999999
1870.5,high-overshoot,CO2 AFOLU,1234,2.853385126
1870.5,medium-extension,CO2 FFI,1234,0.5333466819999999
1870.5,medium-extension,CO2 AFOLU,1234,2.853385126
1870.5,medium-overshoot,CO2 FFI,1234,0.5333466819999999
1870.5,medium-overshoot,CO2 AFOLU,1234,2.853385126
1870.5,low,CO2 FFI,1234,0.5333466819999999
1870.5,low,CO2 AFOLU,1234,2.853385126
1870.5,verylow,CO2 FFI,1234,0.5333466819999999
1870.5,verylow,CO2 AFOLU,1234,2.853385126
1870.5,verylow-overshoot,CO2 FFI,1234,0.5333466819999999
1870.5,verylow-overshoot,CO2 AFOLU,1234,2.853385126
1871.5,high-extension,CO2 FFI,1234,0.566900339
1871.5,high-extension,CO2 AFOLU,1234,2.954488698
1871.5,high-overshoot,CO2 FFI,1234,0.566900339
1871.5,high-overshoot,CO2 AFOLU,1234,2.954488698
1871.5,medium-extension,CO2 FFI,1234,0.566900339
1871.5,medium-extension,CO2 AFOLU,1234,2.954488698
1871.5,medium-overshoot,CO2 FFI,1234,0.566900339
1871.5,medium-overshoot,CO2 AFOLU,1234,2.954488698
1871.5,low,CO2 FFI,1234,0.566900339
1871.5,low,CO2 AFOLU,1234,2.954488698
1871.5,verylow,CO2 FFI,1234,0.566900339
1871.5,verylow,CO2 AFOLU,1234,2.954488698
1871.5,verylow-overshoot,CO2 FFI,1234,0.566900339
1871.5,verylow-overshoot,CO2 AFOLU,1234,2.954488698
1872.5,high-extension,CO2 FFI,1234,0.6273111710000001
1872.5,high-extension,CO2 AFOLU,1234,3.003990121
1872.5,high-overshoot,CO2 FFI,1234,0.6273111710000001
1872.5,high-overshoot,CO2 AFOLU,1234,3.003990121
1872.5,medium-extension,CO2 FFI,1234,0.6273111710000001
1872.5,medium-extension,CO2 AFOLU,1234,3.003990121
1872.5,medium-overshoot,CO2 FFI,1234,0.6273111710000001
1872.5,medium-overshoot,CO2 AFOLU,1234,3.003990121
1872.5,low,CO2 FFI,1234,0.6273111710000001
1872.5,low,CO2 AFOLU,1234,3.003990121
1872.5,verylow,CO2 FFI,1234,0.6273111710000001
1872.5,verylow,CO2 AFOLU,1234,3.003990121
1872.5,verylow-overshoot,CO2 FFI,1234,0.6273111710000001
1872.5,verylow-overshoot,CO2 AFOLU,1234,3.003990121
1873.5,high-extension,CO2 FFI,1234,0.6664917620000002
1873.5,high-extension,CO2 AFOLU,1234,3.071335506
1873.5,high-overshoot,CO2 FFI,1234,0.6664917620000002
1873.5,high-overshoot,CO2 AFOLU,1234,3.071335506
1873.5,medium-extension,CO2 FFI,1234,0.6664917620000002
1873.5,medium-extension,CO2 AFOLU,1234,3.071335506
1873.5,medium-overshoot,CO2 FFI,1234,0.6664917620000002
1873.5,medium-overshoot,CO2 AFOLU,1234,3.071335506
1873.5,low,CO2 FFI,1234,0.6664917620000002
1873.5,low,CO2 AFOLU,1234,3.071335506
1873.5,verylow,CO2 FFI,1234,0.6664917620000002
1873.5,verylow,CO2 AFOLU,1234,3.071335506
1873.5,verylow-overshoot,CO2 FFI,1234,0.6664917620000002
1873.5,verylow-overshoot,CO2 AFOLU,1234,3.071335506
1874.5,high-extension,CO2 FFI,1234,0.6242423970000002
1874.5,high-extension,CO2 AFOLU,1234,3.129423038
1874.5,high-overshoot,CO2 FFI,1234,0.6242423970000002
1874.5,high-overshoot,CO2 AFOLU,1234,3.129423038
1874.5,medium-extension,CO2 FFI,1234,0.6242423970000002
1874.5,medium-extension,CO2 AFOLU,1234,3.129423038
1874.5,medium-overshoot,CO2 FFI,1234,0.6242423970000002
1874.5,medium-overshoot,CO2 AFOLU,1234,3.129423038
1874.5,low,CO2 FFI,1234,0.6242423970000002
1874.5,low,CO2 AFOLU,1234,3.129423038
1874.5,verylow,CO2 FFI,1234,0.6242423970000002
1874.5,verylow,CO2 AFOLU,1234,3.129423038
1874.5,verylow-overshoot,CO2 FFI,1234,0.6242423970000002
1874.5,verylow-overshoot,CO2 AFOLU,1234,3.129423038
1875.5,high-extension,CO2 FFI,1234,0.6771245329999998
1875.5,high-extension,CO2 AFOLU,1234,3.152384468
1875.5,high-overshoot,CO2 FFI,1234,0.6771245329999998
1875.5,high-overshoot,CO2 AFOLU,1234,3.152384468
1875.5,medium-extension,CO2 FFI,1234,0.6771245329999998
1875.5,medium-extension,CO2 AFOLU,1234,3.152384468
1875.5,medium-overshoot,CO2 FFI,1234,0.6771245329999998
1875.5,medium-overshoot,CO2 AFOLU,1234,3.152384468
1875.5,low,CO2 FFI,1234,0.6771245329999998
1875.5,low,CO2 AFOLU,1234,3.152384468
1875.5,verylow,CO2 FFI,1234,0.6771245329999998
1875.5,verylow,CO2 AFOLU,1234,3.152384468
1875.5,verylow-overshoot,CO2 FFI,1234,0.6771245329999998
1875.5,verylow-overshoot,CO2 AFOLU,1234,3.152384468
1876.5,high-extension,CO2 FFI,1234,0.686791087
1876.5,high-extension,CO2 AFOLU,1234,3.182649587
1876.5,high-overshoot,CO2 FFI,1234,0.686791087
1876.5,high-overshoot,CO2 AFOLU,1234,3.182649587
1876.5,medium-extension,CO2 FFI,1234,0.686791087
1876.5,medium-extension,CO2 AFOLU,1234,3.182649587
1876.5,medium-overshoot,CO2 FFI,1234,0.686791087
1876.5,medium-overshoot,CO2 AFOLU,1234,3.182649587
1876.5,low,CO2 FFI,1234,0.686791087
1876.5,low,CO2 AFOLU,1234,3.182649587
1876.5,verylow,CO2 FFI,1234,0.686791087
1876.5,verylow,CO2 AFOLU,1234,3.182649587
1876.5,verylow-overshoot,CO2 FFI,1234,0.686791087
1876.5,verylow-overshoot,CO2 AFOLU,1234,3.182649587
1877.5,high-extension,CO2 FFI,1234,0.700415478
1877.5,high-extension,CO2 AFOLU,1234,3.241115738
1877.5,high-overshoot,CO2 FFI,1234,0.700415478
1877.5,high-overshoot,CO2 AFOLU,1234,3.241115738
1877.5,medium-extension,CO2 FFI,1234,0.700415478
1877.5,medium-extension,CO2 AFOLU,1234,3.241115738
1877.5,medium-overshoot,CO2 FFI,1234,0.700415478
1877.5,medium-overshoot,CO2 AFOLU,1234,3.241115738
1877.5,low,CO2 FFI,1234,0.700415478
1877.5,low,CO2 AFOLU,1234,3.241115738
1877.5,verylow,CO2 FFI,1234,0.700415478
1877.5,verylow,CO2 AFOLU,1234,3.241115738
1877.5,verylow-overshoot,CO2 FFI,1234,0.700415478
1877.5,verylow-overshoot,CO2 AFOLU,1234,3.241115738
1878.5,high-extension,CO2 FFI,1234,0.705984725
1878.5,high-extension,CO2 AFOLU,1234,3.300046003
1878.5,high-overshoot,CO2 FFI,1234,0.705984725
1878.5,high-overshoot,CO2 AFOLU,1234,3.300046003
1878.5,medium-extension,CO2 FFI,1234,0.705984725
1878.5,medium-extension,CO2 AFOLU,1234,3.300046003
1878.5,medium-overshoot,CO2 FFI,1234,0.705984725
1878.5,medium-overshoot,CO2 AFOLU,1234,3.300046003
1878.5,low,CO2 FFI,1234,0.705984725
1878.5,low,CO2 AFOLU,1234,3.300046003
1878.5,verylow,CO2 FFI,1234,0.705984725
1878.5,verylow,CO2 AFOLU,1234,3.300046003
1878.5,verylow-overshoot,CO2 FFI,1234,0.705984725
1878.5,verylow-overshoot,CO2 AFOLU,1234,3.300046003
1879.5,high-extension,CO2 FFI,1234,0.7560024370000002
1879.5,high-extension,CO2 AFOLU,1234,3.330665314
1879.5,high-overshoot,CO2 FFI,1234,0.7560024370000002
1879.5,high-overshoot,CO2 AFOLU,1234,3.330665314
1879.5,medium-extension,CO2 FFI,1234,0.7560024370000002
1879.5,medium-extension,CO2 AFOLU,1234,3.330665314
1879.5,medium-overshoot,CO2 FFI,1234,0.7560024370000002
1879.5,medium-overshoot,CO2 AFOLU,1234,3.330665314
1879.5,low,CO2 FFI,1234,0.7560024370000002
1879.5,low,CO2 AFOLU,1234,3.330665314
1879.5,verylow,CO2 FFI,1234,0.7560024370000002
1879.5,verylow,CO2 AFOLU,1234,3.330665314
1879.5,verylow-overshoot,CO2 FFI,1234,0.7560024370000002
1879.5,verylow-overshoot,CO2 AFOLU,1234,3.330665314
1880.5,high-extension,CO2 FFI,1234,0.8539299170000003
1880.5,high-extension,CO2 AFOLU,1234,3.373693568
1880.5,high-overshoot,CO2 FFI,1234,0.8539299170000003
1880.5,high-overshoot,CO2 AFOLU,1234,3.373693568
1880.5,medium-extension,CO2 FFI,1234,0.8539299170000003
1880.5,medium-extension,CO2 AFOLU,1234,3.373693568
1880.5,medium-overshoot,CO2 FFI,1234,0.8539299170000003
1880.5,medium-overshoot,CO2 AFOLU,1234,3.373693568
1880.5,low,CO2 FFI,1234,0.8539299170000003
1880.5,low,CO2 AFOLU,1234,3.373693568
1880.5,verylow,CO2 FFI,1234,0.8539299170000003
1880.5,verylow,CO2 AFOLU,1234,3.373693568
1880.5,verylow-overshoot,CO2 FFI,1234,0.8539299170000003
1880.5,verylow-overshoot,CO2 AFOLU,1234,3.373693568
1881.5,high-extension,CO2 FFI,1234,0.8835580349999996
1881.5,high-extension,CO2 AFOLU,1234,3.339520121
1881.5,high-overshoot,CO2 FFI,1234,0.8835580349999996
1881.5,high-overshoot,CO2 AFOLU,1234,3.339520121
1881.5,medium-extension,CO2 FFI,1234,0.8835580349999996
1881.5,medium-extension,CO2 AFOLU,1234,3.339520121
1881.5,medium-overshoot,CO2 FFI,1234,0.8835580349999996
1881.5,medium-overshoot,CO2 AFOLU,1234,3.339520121
1881.5,low,CO2 FFI,1234,0.8835580349999996
1881.5,low,CO2 AFOLU,1234,3.339520121
1881.5,verylow,CO2 FFI,1234,0.8835580349999996
1881.5,verylow,CO2 AFOLU,1234,3.339520121
1881.5,verylow-overshoot,CO2 FFI,1234,0.8835580349999996
1881.5,verylow-overshoot,CO2 AFOLU,1234,3.339520121
1882.5,high-extension,CO2 FFI,1234,0.9333748970000002
1882.5,high-extension,CO2 AFOLU,1234,3.405473164
1882.5,high-overshoot,CO2 FFI,1234,0.9333748970000002
1882.5,high-overshoot,CO2 AFOLU,1234,3.405473164
1882.5,medium-extension,CO2 FFI,1234,0.9333748970000002
1882.5,medium-extension,CO2 AFOLU,1234,3.405473164
1882.5,medium-overshoot,CO2 FFI,1234,0.9333748970000002
1882.5,medium-overshoot,CO2 AFOLU,1234,3.405473164
1882.5,low,CO2 FFI,1234,0.9333748970000002
1882.5,low,CO2 AFOLU,1234,3.405473164
1882.5,verylow,CO2 FFI,1234,0.9333748970000002
1882.5,verylow,CO2 AFOLU,1234,3.405473164
1882.5,verylow-overshoot,CO2 FFI,1234,0.9333748970000002
1882.5,verylow-overshoot,CO2 AFOLU,1234,3.405473164
1883.5,high-extension,CO2 FFI,1234,0.9927693060000005
1883.5,high-extension,CO2 AFOLU,1234,3.475615447
1883.5,high-overshoot,CO2 FFI,1234,0.9927693060000005
1883.5,high-overshoot,CO2 AFOLU,1234,3.475615447
1883.5,medium-extension,CO2 FFI,1234,0.9927693060000005
1883.5,medium-extension,CO2 AFOLU,1234,3.475615447
1883.5,medium-overshoot,CO2 FFI,1234,0.9927693060000005
1883.5,medium-overshoot,CO2 AFOLU,1234,3.475615447
1883.5,low,CO2 FFI,1234,0.9927693060000005
1883.5,low,CO2 AFOLU,1234,3.475615447
1883.5,verylow,CO2 FFI,1234,0.9927693060000005
1883.5,verylow,CO2 AFOLU,1234,3.475615447
1883.5,verylow-overshoot,CO2 FFI,1234,0.9927693060000005
1883.5,verylow-overshoot,CO2 AFOLU,1234,3.475615447
1884.5,high-extension,CO2 FFI,1234,1.004149962
1884.5,high-extension,CO2 AFOLU,1234,3.483651947
1884.5,high-overshoot,CO2 FFI,1234,1.004149962
1884.5,high-overshoot,CO2 AFOLU,1234,3.483651947
1884.5,medium-extension,CO2 FFI,1234,1.004149962
1884.5,medium-extension,CO2 AFOLU,1234,3.483651947
1884.5,medium-overshoot,CO2 FFI,1234,1.004149962
1884.5,medium-overshoot,CO2 AFOLU,1234,3.483651947
1884.5,low,CO2 FFI,1234,1.004149962
1884.5,low,CO2 AFOLU,1234,3.483651947
1884.5,verylow,CO2 FFI,1234,1.004149962
1884.5,verylow,CO2 AFOLU,1234,3.483651947
1884.5,verylow-overshoot,CO2 FFI,1234,1.004149962
1884.5,verylow-overshoot,CO2 AFOLU,1234,3.483651947
1885.5,high-extension,CO2 FFI,1234,1.0116531310000005
1885.5,high-extension,CO2 AFOLU,1234,3.477813881
1885.5,high-overshoot,CO2 FFI,1234,1.0116531310000005
1885.5,high-overshoot,CO2 AFOLU,1234,3.477813881
1885.5,medium-extension,CO2 FFI,1234,1.0116531310000005
1885.5,medium-extension,CO2 AFOLU,1234,3.477813881
1885.5,medium-overshoot,CO2 FFI,1234,1.0116531310000005
1885.5,medium-overshoot,CO2 AFOLU,1234,3.477813881
1885.5,low,CO2 FFI,1234,1.0116531310000005
1885.5,low,CO2 AFOLU,1234,3.477813881
1885.5,verylow,CO2 FFI,1234,1.0116531310000005
1885.5,verylow,CO2 AFOLU,1234,3.477813881
1885.5,verylow-overshoot,CO2 FFI,1234,1.0116531310000005
1885.5,verylow-overshoot,CO2 AFOLU,1234,3.477813881
1886.5,high-extension,CO2 FFI,1234,1.0274337610000002
1886.5,high-extension,CO2 AFOLU,1234,3.525886322
1886.5,high-overshoot,CO2 FFI,1234,1.0274337610000002
1886.5,high-overshoot,CO2 AFOLU,1234,3.525886322
1886.5,medium-extension,CO2 FFI,1234,1.0274337610000002
1886.5,medium-extension,CO2 AFOLU,1234,3.525886322
1886.5,medium-overshoot,CO2 FFI,1234,1.0274337610000002
1886.5,medium-overshoot,CO2 AFOLU,1234,3.525886322
1886.5,low,CO2 FFI,1234,1.0274337610000002
1886.5,low,CO2 AFOLU,1234,3.525886322
1886.5,verylow,CO2 FFI,1234,1.0274337610000002
1886.5,verylow,CO2 AFOLU,1234,3.525886322
1886.5,verylow-overshoot,CO2 FFI,1234,1.0274337610000002
1886.5,verylow-overshoot,CO2 AFOLU,1234,3.525886322
1887.5,high-extension,CO2 FFI,1234,1.0787638909999995
1887.5,high-extension,CO2 AFOLU,1234,3.583619661
1887.5,high-overshoot,CO2 FFI,1234,1.0787638909999995
1887.5,high-overshoot,CO2 AFOLU,1234,3.583619661
1887.5,medium-extension,CO2 FFI,1234,1.0787638909999995
1887.5,medium-extension,CO2 AFOLU,1234,3.583619661
1887.5,medium-overshoot,CO2 FFI,1234,1.0787638909999995
1887.5,medium-overshoot,CO2 AFOLU,1234,3.583619661
1887.5,low,CO2 FFI,1234,1.0787638909999995
1887.5,low,CO2 AFOLU,1234,3.583619661
1887.5,verylow,CO2 FFI,1234,1.0787638909999995
1887.5,verylow,CO2 AFOLU,1234,3.583619661
1887.5,verylow-overshoot,CO2 FFI,1234,1.0787638909999995
1887.5,verylow-overshoot,CO2 AFOLU,1234,3.583619661
1888.5,high-extension,CO2 FFI,1234,1.194371534
1888.5,high-extension,CO2 AFOLU,1234,3.593024077
1888.5,high-overshoot,CO2 FFI,1234,1.194371534
1888.5,high-overshoot,CO2 AFOLU,1234,3.593024077
1888.5,medium-extension,CO2 FFI,1234,1.194371534
1888.5,medium-extension,CO2 AFOLU,1234,3.593024077
1888.5,medium-overshoot,CO2 FFI,1234,1.194371534
1888.5,medium-overshoot,CO2 AFOLU,1234,3.593024077
1888.5,low,CO2 FFI,1234,1.194371534
1888.5,low,CO2 AFOLU,1234,3.593024077
1888.5,verylow,CO2 FFI,1234,1.194371534
1888.5,verylow,CO2 AFOLU,1234,3.593024077
1888.5,verylow-overshoot,CO2 FFI,1234,1.194371534
1888.5,verylow-overshoot,CO2 AFOLU,1234,3.593024077
1889.5,high-extension,CO2 FFI,1234,1.1946429579999998
1889.5,high-extension,CO2 AFOLU,1234,3.585109712
1889.5,high-overshoot,CO2 FFI,1234,1.1946429579999998
1889.5,high-overshoot,CO2 AFOLU,1234,3.585109712
1889.5,medium-extension,CO2 FFI,1234,1.1946429579999998
1889.5,medium-extension,CO2 AFOLU,1234,3.585109712
1889.5,medium-overshoot,CO2 FFI,1234,1.1946429579999998
1889.5,medium-overshoot,CO2 AFOLU,1234,3.585109712
1889.5,low,CO2 FFI,1234,1.1946429579999998
1889.5,low,CO2 AFOLU,1234,3.585109712
1889.5,verylow,CO2 FFI,1234,1.1946429579999998
1889.5,verylow,CO2 AFOLU,1234,3.585109712
1889.5,verylow-overshoot,CO2 FFI,1234,1.1946429579999998
1889.5,verylow-overshoot,CO2 AFOLU,1234,3.585109712
1890.5,high-extension,CO2 FFI,1234,1.30038287
1890.5,high-extension,CO2 AFOLU,1234,3.848982951
1890.5,high-overshoot,CO2 FFI,1234,1.30038287
1890.5,high-overshoot,CO2 AFOLU,1234,3.848982951
1890.5,medium-extension,CO2 FFI,1234,1.30038287
1890.5,medium-extension,CO2 AFOLU,1234,3.848982951
1890.5,medium-overshoot,CO2 FFI,1234,1.30038287
1890.5,medium-overshoot,CO2 AFOLU,1234,3.848982951
1890.5,low,CO2 FFI,1234,1.30038287
1890.5,low,CO2 AFOLU,1234,3.848982951
1890.5,verylow,CO2 FFI,1234,1.30038287
1890.5,verylow,CO2 AFOLU,1234,3.848982951
1890.5,verylow-overshoot,CO2 FFI,1234,1.30038287
1890.5,verylow-overshoot,CO2 AFOLU,1234,3.848982951
1891.5,high-extension,CO2 FFI,1234,1.3617717159999998
1891.5,high-extension,CO2 AFOLU,1234,3.955949016
1891.5,high-overshoot,CO2 FFI,1234,1.3617717159999998
1891.5,high-overshoot,CO2 AFOLU,1234,3.955949016
1891.5,medium-extension,CO2 FFI,1234,1.3617717159999998
1891.5,medium-extension,CO2 AFOLU,1234,3.955949016
1891.5,medium-overshoot,CO2 FFI,1234,1.3617717159999998
1891.5,medium-overshoot,CO2 AFOLU,1234,3.955949016
1891.5,low,CO2 FFI,1234,1.3617717159999998
1891.5,low,CO2 AFOLU,1234,3.955949016
1891.5,verylow,CO2 FFI,1234,1.3617717159999998
1891.5,verylow,CO2 AFOLU,1234,3.955949016
1891.5,verylow-overshoot,CO2 FFI,1234,1.3617717159999998
1891.5,verylow-overshoot,CO2 AFOLU,1234,3.955949016
1892.5,high-extension,CO2 FFI,1234,1.372418185
1892.5,high-extension,CO2 AFOLU,1234,3.998427662
1892.5,high-overshoot,CO2 FFI,1234,1.372418185
1892.5,high-overshoot,CO2 AFOLU,1234,3.998427662
1892.5,medium-extension,CO2 FFI,1234,1.372418185
1892.5,medium-extension,CO2 AFOLU,1234,3.998427662
1892.5,medium-overshoot,CO2 FFI,1234,1.372418185
1892.5,medium-overshoot,CO2 AFOLU,1234,3.998427662
1892.5,low,CO2 FFI,1234,1.372418185
1892.5,low,CO2 AFOLU,1234,3.998427662
1892.5,verylow,CO2 FFI,1234,1.372418185
1892.5,verylow,CO2 AFOLU,1234,3.998427662
1892.5,verylow-overshoot,CO2 FFI,1234,1.372418185
1892.5,verylow-overshoot,CO2 AFOLU,1234,3.998427662
1893.5,high-extension,CO2 FFI,1234,1.3554987780000003
1893.5,high-extension,CO2 AFOLU,1234,4.075604935
1893.5,high-overshoot,CO2 FFI,1234,1.3554987780000003
1893.5,high-overshoot,CO2 AFOLU,1234,4.075604935
1893.5,medium-extension,CO2 FFI,1234,1.3554987780000003
1893.5,medium-extension,CO2 AFOLU,1234,4.075604935
1893.5,medium-overshoot,CO2 FFI,1234,1.3554987780000003
1893.5,medium-overshoot,CO2 AFOLU,1234,4.075604935
1893.5,low,CO2 FFI,1234,1.3554987780000003
1893.5,low,CO2 AFOLU,1234,4.075604935
1893.5,verylow,CO2 FFI,1234,1.3554987780000003
1893.5,verylow,CO2 AFOLU,1234,4.075604935
1893.5,verylow-overshoot,CO2 FFI,1234,1.3554987780000003
1893.5,verylow-overshoot,CO2 AFOLU,1234,4.075604935
1894.5,high-extension,CO2 FFI,1234,1.403041354
1894.5,high-extension,CO2 AFOLU,1234,4.111488276
1894.5,high-overshoot,CO2 FFI,1234,1.403041354
1894.5,high-overshoot,CO2 AFOLU,1234,4.111488276
1894.5,medium-extension,CO2 FFI,1234,1.403041354
1894.5,medium-extension,CO2 AFOLU,1234,4.111488276
1894.5,medium-overshoot,CO2 FFI,1234,1.403041354
1894.5,medium-overshoot,CO2 AFOLU,1234,4.111488276
1894.5,low,CO2 FFI,1234,1.403041354
1894.5,low,CO2 AFOLU,1234,4.111488276
1894.5,verylow,CO2 FFI,1234,1.403041354
1894.5,verylow,CO2 AFOLU,1234,4.111488276
1894.5,verylow-overshoot,CO2 FFI,1234,1.403041354
1894.5,verylow-overshoot,CO2 AFOLU,1234,4.111488276
1895.5,high-extension,CO2 FFI,1234,1.4874559009999997
1895.5,high-extension,CO2 AFOLU,1234,4.151512003
1895.5,high-overshoot,CO2 FFI,1234,1.4874559009999997
1895.5,high-overshoot,CO2 AFOLU,1234,4.151512003
1895.5,medium-extension,CO2 FFI,1234,1.4874559009999997
1895.5,medium-extension,CO2 AFOLU,1234,4.151512003
1895.5,medium-overshoot,CO2 FFI,1234,1.4874559009999997
1895.5,medium-overshoot,CO2 AFOLU,1234,4.151512003
1895.5,low,CO2 FFI,1234,1.4874559009999997
1895.5,low,CO2 AFOLU,1234,4.151512003
1895.5,verylow,CO2 FFI,1234,1.4874559009999997
1895.5,verylow,CO2 AFOLU,1234,4.151512003
1895.5,verylow-overshoot,CO2 FFI,1234,1.4874559009999997
1895.5,verylow-overshoot,CO2 AFOLU,1234,4.151512003
1896.5,high-extension,CO2 FFI,1234,1.5363899080000003
1896.5,high-extension,CO2 AFOLU,1234,4.19372195
1896.5,high-overshoot,CO2 FFI,1234,1.5363899080000003
1896.5,high-overshoot,CO2 AFOLU,1234,4.19372195
1896.5,medium-extension,CO2 FFI,1234,1.5363899080000003
1896.5,medium-extension,CO2 AFOLU,1234,4.19372195
1896.5,medium-overshoot,CO2 FFI,1234,1.5363899080000003
1896.5,medium-overshoot,CO2 AFOLU,1234,4.19372195
1896.5,low,CO2 FFI,1234,1.5363899080000003
1896.5,low,CO2 AFOLU,1234,4.19372195
1896.5,verylow,CO2 FFI,1234,1.5363899080000003
1896.5,verylow,CO2 AFOLU,1234,4.19372195
1896.5,verylow-overshoot,CO2 FFI,1234,1.5363899080000003
1896.5,verylow-overshoot,CO2 AFOLU,1234,4.19372195
1897.5,high-extension,CO2 FFI,1234,1.6092570129999997
1897.5,high-extension,CO2 AFOLU,1234,4.207804146
1897.5,high-overshoot,CO2 FFI,1234,1.6092570129999997
1897.5,high-overshoot,CO2 AFOLU,1234,4.207804146
1897.5,medium-extension,CO2 FFI,1234,1.6092570129999997
1897.5,medium-extension,CO2 AFOLU,1234,4.207804146
1897.5,medium-overshoot,CO2 FFI,1234,1.6092570129999997
1897.5,medium-overshoot,CO2 AFOLU,1234,4.207804146
1897.5,low,CO2 FFI,1234,1.6092570129999997
1897.5,low,CO2 AFOLU,1234,4.207804146
1897.5,verylow,CO2 FFI,1234,1.6092570129999997
1897.5,verylow,CO2 AFOLU,1234,4.207804146
1897.5,verylow-overshoot,CO2 FFI,1234,1.6092570129999997
1897.5,verylow-overshoot,CO2 AFOLU,1234,4.207804146
1898.5,high-extension,CO2 FFI,1234,1.697193253
1898.5,high-extension,CO2 AFOLU,1234,4.239082988
1898.5,high-overshoot,CO2 FFI,1234,1.697193253
1898.5,high-overshoot,CO2 AFOLU,1234,4.239082988
1898.5,medium-extension,CO2 FFI,1234,1.697193253
1898.5,medium-extension,CO2 AFOLU,1234,4.239082988
1898.5,medium-overshoot,CO2 FFI,1234,1.697193253
1898.5,medium-overshoot,CO2 AFOLU,1234,4.239082988
1898.5,low,CO2 FFI,1234,1.697193253
1898.5,low,CO2 AFOLU,1234,4.239082988
1898.5,verylow,CO2 FFI,1234,1.697193253
1898.5,verylow,CO2 AFOLU,1234,4.239082988
1898.5,verylow-overshoot,CO2 FFI,1234,1.697193253
1898.5,verylow-overshoot,CO2 AFOLU,1234,4.239082988
1899.5,high-extension,CO2 FFI,1234,1.8537385359999998
1899.5,high-extension,CO2 AFOLU,1234,4.298587289
1899.5,high-overshoot,CO2 FFI,1234,1.8537385359999998
1899.5,high-overshoot,CO2 AFOLU,1234,4.298587289
1899.5,medium-extension,CO2 FFI,1234,1.8537385359999998
1899.5,medium-extension,CO2 AFOLU,1234,4.298587289
1899.5,medium-overshoot,CO2 FFI,1234,1.8537385359999998
1899.5,medium-overshoot,CO2 AFOLU,1234,4.298587289
1899.5,low,CO2 FFI,1234,1.8537385359999998
1899.5,low,CO2 AFOLU,1234,4.298587289
1899.5,verylow,CO2 FFI,1234,1.8537385359999998
1899.5,verylow,CO2 AFOLU,1234,4.298587289
1899.5,verylow-overshoot,CO2 FFI,1234,1.8537385359999998
1899.5,verylow-overshoot,CO2 AFOLU,1234,4.298587289
1900.5,high-extension,CO2 FFI,1234,1.9522403590000001
1900.5,high-extension,CO2 AFOLU,1234,4.377388962
1900.5,high-overshoot,CO2 FFI,1234,1.9522403590000001
1900.5,high-overshoot,CO2 AFOLU,1234,4.377388962
1900.5,medium-extension,CO2 FFI,1234,1.9522403590000001
1900.5,medium-extension,CO2 AFOLU,1234,4.377388962
1900.5,medium-overshoot,CO2 FFI,1234,1.9522403590000001
1900.5,medium-overshoot,CO2 AFOLU,1234,4.377388962
1900.5,low,CO2 FFI,1234,1.9522403590000001
1900.5,low,CO2 AFOLU,1234,4.377388962
1900.5,verylow,CO2 FFI,1234,1.9522403590000001
1900.5,verylow,CO2 AFOLU,1234,4.377388962
1900.5,verylow-overshoot,CO2 FFI,1234,1.9522403590000001
1900.5,verylow-overshoot,CO2 AFOLU,1234,4.377388962
1901.5,high-extension,CO2 FFI,1234,2.016776374
1901.5,high-extension,CO2 AFOLU,1234,4.418035578
1901.5,high-overshoot,CO2 FFI,1234,2.016776374
1901.5,high-overshoot,CO2 AFOLU,1234,4.418035578
1901.5,medium-extension,CO2 FFI,1234,2.016776374
1901.5,medium-extension,CO2 AFOLU,1234,4.418035578
1901.5,medium-overshoot,CO2 FFI,1234,2.016776374
1901.5,medium-overshoot,CO2 AFOLU,1234,4.418035578
1901.5,low,CO2 FFI,1234,2.016776374
1901.5,low,CO2 AFOLU,1234,4.418035578
1901.5,verylow,CO2 FFI,1234,2.016776374
1901.5,verylow,CO2 AFOLU,1234,4.418035578
1901.5,verylow-overshoot,CO2 FFI,1234,2.016776374
1901.5,verylow-overshoot,CO2 AFOLU,1234,4.418035578
1902.5,high-extension,CO2 FFI,1234,2.0677166490000003
1902.5,high-extension,CO2 AFOLU,1234,4.486382472
1902.5,high-overshoot,CO2 FFI,1234,2.0677166490000003
1902.5,high-overshoot,CO2 AFOLU,1234,4.486382472
1902.5,medium-extension,CO2 FFI,1234,2.0677166490000003
1902.5,medium-extension,CO2 AFOLU,1234,4.486382472
1902.5,medium-overshoot,CO2 FFI,1234,2.0677166490000003
1902.5,medium-overshoot,CO2 AFOLU,1234,4.486382472
1902.5,low,CO2 FFI,1234,2.0677166490000003
1902.5,low,CO2 AFOLU,1234,4.486382472
1902.5,verylow,CO2 FFI,1234,2.0677166490000003
1902.5,verylow,CO2 AFOLU,1234,4.486382472
1902.5,verylow-overshoot,CO2 FFI,1234,2.0677166490000003
1902.5,verylow-overshoot,CO2 AFOLU,1234,4.486382472
1903.5,high-extension,CO2 FFI,1234,2.254135799
1903.5,high-extension,CO2 AFOLU,1234,4.496128866
1903.5,high-overshoot,CO2 FFI,1234,2.254135799
1903.5,high-overshoot,CO2 AFOLU,1234,4.496128866
1903.5,medium-extension,CO2 FFI,1234,2.254135799
1903.5,medium-extension,CO2 AFOLU,1234,4.496128866
1903.5,medium-overshoot,CO2 FFI,1234,2.254135799
1903.5,medium-overshoot,CO2 AFOLU,1234,4.496128866
1903.5,low,CO2 FFI,1234,2.254135799
1903.5,low,CO2 AFOLU,1234,4.496128866
1903.5,verylow,CO2 FFI,1234,2.254135799
1903.5,verylow,CO2 AFOLU,1234,4.496128866
1903.5,verylow-overshoot,CO2 FFI,1234,2.254135799
1903.5,verylow-overshoot,CO2 AFOLU,1234,4.496128866
1904.5,high-extension,CO2 FFI,1234,2.27978347
1904.5,high-extension,CO2 AFOLU,1234,4.583357872
1904.5,high-overshoot,CO2 FFI,1234,2.27978347
1904.5,high-overshoot,CO2 AFOLU,1234,4.583357872
1904.5,medium-extension,CO2 FFI,1234,2.27978347
1904.5,medium-extension,CO2 AFOLU,1234,4.583357872
1904.5,medium-overshoot,CO2 FFI,1234,2.27978347
1904.5,medium-overshoot,CO2 AFOLU,1234,4.583357872
1904.5,low,CO2 FFI,1234,2.27978347
1904.5,low,CO2 AFOLU,1234,4.583357872
1904.5,verylow,CO2 FFI,1234,2.27978347
1904.5,verylow,CO2 AFOLU,1234,4.583357872
1904.5,verylow-overshoot,CO2 FFI,1234,2.27978347
1904.5,verylow-overshoot,CO2 AFOLU,1234,4.583357872
1905.5,high-extension,CO2 FFI,1234,2.427356767
1905.5,high-extension,CO2 AFOLU,1234,4.598038531
1905.5,high-overshoot,CO2 FFI,1234,2.427356767
1905.5,high-overshoot,CO2 AFOLU,1234,4.598038531
1905.5,medium-extension,CO2 FFI,1234,2.427356767
1905.5,medium-extension,CO2 AFOLU,1234,4.598038531
1905.5,medium-overshoot,CO2 FFI,1234,2.427356767
1905.5,medium-overshoot,CO2 AFOLU,1234,4.598038531
1905.5,low,CO2 FFI,1234,2.427356767
1905.5,low,CO2 AFOLU,1234,4.598038531
1905.5,verylow,CO2 FFI,1234,2.427356767
1905.5,verylow,CO2 AFOLU,1234,4.598038531
1905.5,verylow-overshoot,CO2 FFI,1234,2.427356767
1905.5,verylow-overshoot,CO2 AFOLU,1234,4.598038531
1906.5,high-extension,CO2 FFI,1234,2.5347733239999997
1906.5,high-extension,CO2 AFOLU,1234,4.624041129
1906.5,high-overshoot,CO2 FFI,1234,2.5347733239999997
1906.5,high-overshoot,CO2 AFOLU,1234,4.624041129
1906.5,medium-extension,CO2 FFI,1234,2.5347733239999997
1906.5,medium-extension,CO2 AFOLU,1234,4.624041129
1906.5,medium-overshoot,CO2 FFI,1234,2.5347733239999997
1906.5,medium-overshoot,CO2 AFOLU,1234,4.624041129
1906.5,low,CO2 FFI,1234,2.5347733239999997
1906.5,low,CO2 AFOLU,1234,4.624041129
1906.5,verylow,CO2 FFI,1234,2.5347733239999997
1906.5,verylow,CO2 AFOLU,1234,4.624041129
1906.5,verylow-overshoot,CO2 FFI,1234,2.5347733239999997
1906.5,verylow-overshoot,CO2 AFOLU,1234,4.624041129
1907.5,high-extension,CO2 FFI,1234,2.8883636689999994
1907.5,high-extension,CO2 AFOLU,1234,4.666544201
1907.5,high-overshoot,CO2 FFI,1234,2.8883636689999994
1907.5,high-overshoot,CO2 AFOLU,1234,4.666544201
1907.5,medium-extension,CO2 FFI,1234,2.8883636689999994
1907.5,medium-extension,CO2 AFOLU,1234,4.666544201
1907.5,medium-overshoot,CO2 FFI,1234,2.8883636689999994
1907.5,medium-overshoot,CO2 AFOLU,1234,4.666544201
1907.5,low,CO2 FFI,1234,2.8883636689999994
1907.5,low,CO2 AFOLU,1234,4.666544201
1907.5,verylow,CO2 FFI,1234,2.8883636689999994
1907.5,verylow,CO2 AFOLU,1234,4.666544201
1907.5,verylow-overshoot,CO2 FFI,1234,2.8883636689999994
1907.5,verylow-overshoot,CO2 AFOLU,1234,4.666544201
1908.5,high-extension,CO2 FFI,1234,2.776484847
1908.5,high-extension,CO2 AFOLU,1234,4.705322148
1908.5,high-overshoot,CO2 FFI,1234,2.776484847
1908.5,high-overshoot,CO2 AFOLU,1234,4.705322148
1908.5,medium-extension,CO2 FFI,1234,2.776484847
1908.5,medium-extension,CO2 AFOLU,1234,4.705322148
1908.5,medium-overshoot,CO2 FFI,1234,2.776484847
1908.5,medium-overshoot,CO2 AFOLU,1234,4.705322148
1908.5,low,CO2 FFI,1234,2.776484847
1908.5,low,CO2 AFOLU,1234,4.705322148
1908.5,verylow,CO2 FFI,1234,2.776484847
1908.5,verylow,CO2 AFOLU,1234,4.705322148
1908.5,verylow-overshoot,CO2 FFI,1234,2.776484847
1908.5,verylow-overshoot,CO2 AFOLU,1234,4.705322148
1909.5,high-extension,CO2 FFI,1234,2.8905404950000007
1909.5,high-extension,CO2 AFOLU,1234,4.745932123
1909.5,high-overshoot,CO2 FFI,1234,2.8905404950000007
1909.5,high-overshoot,CO2 AFOLU,1234,4.745932123
1909.5,medium-extension,CO2 FFI,1234,2.8905404950000007
1909.5,medium-extension,CO2 AFOLU,1234,4.745932123
1909.5,medium-overshoot,CO2 FFI,1234,2.8905404950000007
1909.5,medium-overshoot,CO2 AFOLU,1234,4.745932123
1909.5,low,CO2 FFI,1234,2.8905404950000007
1909.5,low,CO2 AFOLU,1234,4.745932123
1909.5,verylow,CO2 FFI,1234,2.8905404950000007
1909.5,verylow,CO2 AFOLU,1234,4.745932123
1909.5,verylow-overshoot,CO2 FFI,1234,2.8905404950000007
1909.5,verylow-overshoot,CO2 AFOLU,1234,4.745932123
1910.5,high-extension,CO2 FFI,1234,3.034137801
1910.5,high-extension,CO2 AFOLU,1234,4.642776679
1910.5,high-overshoot,CO2 FFI,1234,3.034137801
1910.5,high-overshoot,CO2 AFOLU,1234,4.642776679
1910.5,medium-extension,CO2 FFI,1234,3.034137801
1910.5,medium-extension,CO2 AFOLU,1234,4.642776679
1910.5,medium-overshoot,CO2 FFI,1234,3.034137801
1910.5,medium-overshoot,CO2 AFOLU,1234,4.642776679
1910.5,low,CO2 FFI,1234,3.034137801
1910.5,low,CO2 AFOLU,1234,4.642776679
1910.5,verylow,CO2 FFI,1234,3.034137801
1910.5,verylow,CO2 AFOLU,1234,4.642776679
1910.5,verylow-overshoot,CO2 FFI,1234,3.034137801
1910.5,verylow-overshoot,CO2 AFOLU,1234,4.642776679
1911.5,high-extension,CO2 FFI,1234,3.0795507099999995
1911.5,high-extension,CO2 AFOLU,1234,4.608517737
1911.5,high-overshoot,CO2 FFI,1234,3.0795507099999995
1911.5,high-overshoot,CO2 AFOLU,1234,4.608517737
1911.5,medium-extension,CO2 FFI,1234,3.0795507099999995
1911.5,medium-extension,CO2 AFOLU,1234,4.608517737
1911.5,medium-overshoot,CO2 FFI,1234,3.0795507099999995
1911.5,medium-overshoot,CO2 AFOLU,1234,4.608517737
1911.5,low,CO2 FFI,1234,3.0795507099999995
1911.5,low,CO2 AFOLU,1234,4.608517737
1911.5,verylow,CO2 FFI,1234,3.0795507099999995
1911.5,verylow,CO2 AFOLU,1234,4.608517737
1911.5,verylow-overshoot,CO2 FFI,1234,3.0795507099999995
1911.5,verylow-overshoot,CO2 AFOLU,1234,4.608517737
1912.5,high-extension,CO2 FFI,1234,3.2360147920000006
1912.5,high-extension,CO2 AFOLU,1234,4.549868383
1912.5,high-overshoot,CO2 FFI,1234,3.2360147920000006
1912.5,high-overshoot,CO2 AFOLU,1234,4.549868383
1912.5,medium-extension,CO2 FFI,1234,3.2360147920000006
1912.5,medium-extension,CO2 AFOLU,1234,4.549868383
1912.5,medium-overshoot,CO2 FFI,1234,3.2360147920000006
1912.5,medium-overshoot,CO2 AFOLU,1234,4.549868383
1912.5,low,CO2 FFI,1234,3.2360147920000006
1912.5,low,CO2 AFOLU,1234,4.549868383
1912.5,verylow,CO2 FFI,1234,3.2360147920000006
1912.5,verylow,CO2 AFOLU,1234,4.549868383
1912.5,verylow-overshoot,CO2 FFI,1234,3.2360147920000006
1912.5,verylow-overshoot,CO2 AFOLU,1234,4.549868383
1913.5,high-extension,CO2 FFI,1234,3.506331211
1913.5,high-extension,CO2 AFOLU,1234,4.538705219
1913.5,high-overshoot,CO2 FFI,1234,3.506331211
1913.5,high-overshoot,CO2 AFOLU,1234,4.538705219
1913.5,medium-extension,CO2 FFI,1234,3.506331211
1913.5,medium-extension,CO2 AFOLU,1234,4.538705219
1913.5,medium-overshoot,CO2 FFI,1234,3.506331211
1913.5,medium-overshoot,CO2 AFOLU,1234,4.538705219
1913.5,low,CO2 FFI,1234,3.506331211
1913.5,low,CO2 AFOLU,1234,4.538705219
1913.5,verylow,CO2 FFI,1234,3.506331211
1913.5,verylow,CO2 AFOLU,1234,4.538705219
1913.5,verylow-overshoot,CO2 FFI,1234,3.506331211
1913.5,verylow-overshoot,CO2 AFOLU,1234,4.538705219
1914.5,high-extension,CO2 FFI,1234,3.180405876
1914.5,high-extension,CO2 AFOLU,1234,4.536445717
1914.5,high-overshoot,CO2 FFI,1234,3.180405876
1914.5,high-overshoot,CO2 AFOLU,1234,4.536445717
1914.5,medium-extension,CO2 FFI,1234,3.180405876
1914.5,medium-extension,CO2 AFOLU,1234,4.536445717
1914.5,medium-overshoot,CO2 FFI,1234,3.180405876
1914.5,medium-overshoot,CO2 AFOLU,1234,4.536445717
1914.5,low,CO2 FFI,1234,3.180405876
1914.5,low,CO2 AFOLU,1234,4.536445717
1914.5,verylow,CO2 FFI,1234,3.180405876
1914.5,verylow,CO2 AFOLU,1234,4.536445717
1914.5,verylow-overshoot,CO2 FFI,1234,3.180405876
1914.5,verylow-overshoot,CO2 AFOLU,1234,4.536445717
1915.5,high-extension,CO2 FFI,1234,3.134903637
1915.5,high-extension,CO2 AFOLU,1234,4.490266373
1915.5,high-overshoot,CO2 FFI,1234,3.134903637
1915.5,high-overshoot,CO2 AFOLU,1234,4.490266373
1915.5,medium-extension,CO2 FFI,1234,3.134903637
1915.5,medium-extension,CO2 AFOLU,1234,4.490266373
1915.5,medium-overshoot,CO2 FFI,1234,3.134903637
1915.5,medium-overshoot,CO2 AFOLU,1234,4.490266373
1915.5,low,CO2 FFI,1234,3.134903637
1915.5,low,CO2 AFOLU,1234,4.490266373
1915.5,verylow,CO2 FFI,1234,3.134903637
1915.5,verylow,CO2 AFOLU,1234,4.490266373
1915.5,verylow-overshoot,CO2 FFI,1234,3.134903637
1915.5,verylow-overshoot,CO2 AFOLU,1234,4.490266373
1916.5,high-extension,CO2 FFI,1234,3.3859119479999995
1916.5,high-extension,CO2 AFOLU,1234,4.442951172
1916.5,high-overshoot,CO2 FFI,1234,3.3859119479999995
1916.5,high-overshoot,CO2 AFOLU,1234,4.442951172
1916.5,medium-extension,CO2 FFI,1234,3.3859119479999995
1916.5,medium-extension,CO2 AFOLU,1234,4.442951172
1916.5,medium-overshoot,CO2 FFI,1234,3.3859119479999995
1916.5,medium-overshoot,CO2 AFOLU,1234,4.442951172
1916.5,low,CO2 FFI,1234,3.3859119479999995
1916.5,low,CO2 AFOLU,1234,4.442951172
1916.5,verylow,CO2 FFI,1234,3.3859119479999995
1916.5,verylow,CO2 AFOLU,1234,4.442951172
1916.5,verylow-overshoot,CO2 FFI,1234,3.3859119479999995
1916.5,verylow-overshoot,CO2 AFOLU,1234,4.442951172
1917.5,high-extension,CO2 FFI,1234,3.54048269
1917.5,high-extension,CO2 AFOLU,1234,4.428441502
1917.5,high-overshoot,CO2 FFI,1234,3.54048269
1917.5,high-overshoot,CO2 AFOLU,1234,4.428441502
1917.5,medium-extension,CO2 FFI,1234,3.54048269
1917.5,medium-extension,CO2 AFOLU,1234,4.428441502
1917.5,medium-overshoot,CO2 FFI,1234,3.54048269
1917.5,medium-overshoot,CO2 AFOLU,1234,4.428441502
1917.5,low,CO2 FFI,1234,3.54048269
1917.5,low,CO2 AFOLU,1234,4.428441502
1917.5,verylow,CO2 FFI,1234,3.54048269
1917.5,verylow,CO2 AFOLU,1234,4.428441502
1917.5,verylow-overshoot,CO2 FFI,1234,3.54048269
1917.5,verylow-overshoot,CO2 AFOLU,1234,4.428441502
1918.5,high-extension,CO2 FFI,1234,3.4933193860000005
1918.5,high-extension,CO2 AFOLU,1234,4.455494463
1918.5,high-overshoot,CO2 FFI,1234,3.4933193860000005
1918.5,high-overshoot,CO2 AFOLU,1234,4.455494463
1918.5,medium-extension,CO2 FFI,1234,3.4933193860000005
1918.5,medium-extension,CO2 AFOLU,1234,4.455494463
1918.5,medium-overshoot,CO2 FFI,1234,3.4933193860000005
1918.5,medium-overshoot,CO2 AFOLU,1234,4.455494463
1918.5,low,CO2 FFI,1234,3.4933193860000005
1918.5,low,CO2 AFOLU,1234,4.455494463
1918.5,verylow,CO2 FFI,1234,3.4933193860000005
1918.5,verylow,CO2 AFOLU,1234,4.455494463
1918.5,verylow-overshoot,CO2 FFI,1234,3.4933193860000005
1918.5,verylow-overshoot,CO2 AFOLU,1234,4.455494463
1919.5,high-extension,CO2 FFI,1234,3.0290544539999997
1919.5,high-extension,CO2 AFOLU,1234,4.413382224
1919.5,high-overshoot,CO2 FFI,1234,3.0290544539999997
1919.5,high-overshoot,CO2 AFOLU,1234,4.413382224
1919.5,medium-extension,CO2 FFI,1234,3.0290544539999997
1919.5,medium-extension,CO2 AFOLU,1234,4.413382224
1919.5,medium-overshoot,CO2 FFI,1234,3.0290544539999997
1919.5,medium-overshoot,CO2 AFOLU,1234,4.413382224
1919.5,low,CO2 FFI,1234,3.0290544539999997
1919.5,low,CO2 AFOLU,1234,4.413382224
1919.5,verylow,CO2 FFI,1234,3.0290544539999997
1919.5,verylow,CO2 AFOLU,1234,4.413382224
1919.5,verylow-overshoot,CO2 FFI,1234,3.0290544539999997
1919.5,verylow-overshoot,CO2 AFOLU,1234,4.413382224
1920.5,high-extension,CO2 FFI,1234,3.521483086
1920.5,high-extension,CO2 AFOLU,1234,4.608481096
1920.5,high-overshoot,CO2 FFI,1234,3.521483086
1920.5,high-overshoot,CO2 AFOLU,1234,4.608481096
1920.5,medium-extension,CO2 FFI,1234,3.521483086
1920.5,medium-extension,CO2 AFOLU,1234,4.608481096
1920.5,medium-overshoot,CO2 FFI,1234,3.521483086
1920.5,medium-overshoot,CO2 AFOLU,1234,4.608481096
1920.5,low,CO2 FFI,1234,3.521483086
1920.5,low,CO2 AFOLU,1234,4.608481096
1920.5,verylow,CO2 FFI,1234,3.521483086
1920.5,verylow,CO2 AFOLU,1234,4.608481096
1920.5,verylow-overshoot,CO2 FFI,1234,3.521483086
1920.5,verylow-overshoot,CO2 AFOLU,1234,4.608481096
1921.5,high-extension,CO2 FFI,1234,3.090145563
1921.5,high-extension,CO2 AFOLU,1234,4.731898781
1921.5,high-overshoot,CO2 FFI,1234,3.090145563
1921.5,high-overshoot,CO2 AFOLU,1234,4.731898781
1921.5,medium-extension,CO2 FFI,1234,3.090145563
1921.5,medium-extension,CO2 AFOLU,1234,4.731898781
1921.5,medium-overshoot,CO2 FFI,1234,3.090145563
1921.5,medium-overshoot,CO2 AFOLU,1234,4.731898781
1921.5,low,CO2 FFI,1234,3.090145563
1921.5,low,CO2 AFOLU,1234,4.731898781
1921.5,verylow,CO2 FFI,1234,3.090145563
1921.5,verylow,CO2 AFOLU,1234,4.731898781
1921.5,verylow-overshoot,CO2 FFI,1234,3.090145563
1921.5,verylow-overshoot,CO2 AFOLU,1234,4.731898781
1922.5,high-extension,CO2 FFI,1234,3.240365121000001
1922.5,high-extension,CO2 AFOLU,1234,4.794138912
1922.5,high-overshoot,CO2 FFI,1234,3.240365121000001
1922.5,high-overshoot,CO2 AFOLU,1234,4.794138912
1922.5,medium-extension,CO2 FFI,1234,3.240365121000001
1922.5,medium-extension,CO2 AFOLU,1234,4.794138912
1922.5,medium-overshoot,CO2 FFI,1234,3.240365121000001
1922.5,medium-overshoot,CO2 AFOLU,1234,4.794138912
1922.5,low,CO2 FFI,1234,3.240365121000001
1922.5,low,CO2 AFOLU,1234,4.794138912
1922.5,verylow,CO2 FFI,1234,3.240365121000001
1922.5,verylow,CO2 AFOLU,1234,4.794138912
1922.5,verylow-overshoot,CO2 FFI,1234,3.240365121000001
1922.5,verylow-overshoot,CO2 AFOLU,1234,4.794138912
1923.5,high-extension,CO2 FFI,1234,3.676291281
1923.5,high-extension,CO2 AFOLU,1234,4.788056576
1923.5,high-overshoot,CO2 FFI,1234,3.676291281
1923.5,high-overshoot,CO2 AFOLU,1234,4.788056576
1923.5,medium-extension,CO2 FFI,1234,3.676291281
1923.5,medium-extension,CO2 AFOLU,1234,4.788056576
1923.5,medium-overshoot,CO2 FFI,1234,3.676291281
1923.5,medium-overshoot,CO2 AFOLU,1234,4.788056576
1923.5,low,CO2 FFI,1234,3.676291281
1923.5,low,CO2 AFOLU,1234,4.788056576
1923.5,verylow,CO2 FFI,1234,3.676291281
1923.5,verylow,CO2 AFOLU,1234,4.788056576
1923.5,verylow-overshoot,CO2 FFI,1234,3.676291281
1923.5,verylow-overshoot,CO2 AFOLU,1234,4.788056576
1924.5,high-extension,CO2 FFI,1234,3.6872785180000003
1924.5,high-extension,CO2 AFOLU,1234,4.807036396
1924.5,high-overshoot,CO2 FFI,1234,3.6872785180000003
1924.5,high-overshoot,CO2 AFOLU,1234,4.807036396
1924.5,medium-extension,CO2 FFI,1234,3.6872785180000003
1924.5,medium-extension,CO2 AFOLU,1234,4.807036396
1924.5,medium-overshoot,CO2 FFI,1234,3.6872785180000003
1924.5,medium-overshoot,CO2 AFOLU,1234,4.807036396
1924.5,low,CO2 FFI,1234,3.6872785180000003
1924.5,low,CO2 AFOLU,1234,4.807036396
1924.5,verylow,CO2 FFI,1234,3.6872785180000003
1924.5,verylow,CO2 AFOLU,1234,4.807036396
1924.5,verylow-overshoot,CO2 FFI,1234,3.6872785180000003
1924.5,verylow-overshoot,CO2 AFOLU,1234,4.807036396
1925.5,high-extension,CO2 FFI,1234,3.7270927269999996
1925.5,high-extension,CO2 AFOLU,1234,4.874809255
1925.5,high-overshoot,CO2 FFI,1234,3.7270927269999996
1925.5,high-overshoot,CO2 AFOLU,1234,4.874809255
1925.5,medium-extension,CO2 FFI,1234,3.7270927269999996
1925.5,medium-extension,CO2 AFOLU,1234,4.874809255
1925.5,medium-overshoot,CO2 FFI,1234,3.7270927269999996
1925.5,medium-overshoot,CO2 AFOLU,1234,4.874809255
1925.5,low,CO2 FFI,1234,3.7270927269999996
1925.5,low,CO2 AFOLU,1234,4.874809255
1925.5,verylow,CO2 FFI,1234,3.7270927269999996
1925.5,verylow,CO2 AFOLU,1234,4.874809255
1925.5,verylow-overshoot,CO2 FFI,1234,3.7270927269999996
1925.5,verylow-overshoot,CO2 AFOLU,1234,4.874809255
1926.5,high-extension,CO2 FFI,1234,3.6610885059999996
1926.5,high-extension,CO2 AFOLU,1234,4.858382062
1926.5,high-overshoot,CO2 FFI,1234,3.6610885059999996
1926.5,high-overshoot,CO2 AFOLU,1234,4.858382062
1926.5,medium-extension,CO2 FFI,1234,3.6610885059999996
1926.5,medium-extension,CO2 AFOLU,1234,4.858382062
1926.5,medium-overshoot,CO2 FFI,1234,3.6610885059999996
1926.5,medium-overshoot,CO2 AFOLU,1234,4.858382062
1926.5,low,CO2 FFI,1234,3.6610885059999996
1926.5,low,CO2 AFOLU,1234,4.858382062
1926.5,verylow,CO2 FFI,1234,3.6610885059999996
1926.5,verylow,CO2 AFOLU,1234,4.858382062
1926.5,verylow-overshoot,CO2 FFI,1234,3.6610885059999996
1926.5,verylow-overshoot,CO2 AFOLU,1234,4.858382062
1927.5,high-extension,CO2 FFI,1234,3.9961917930000004
1927.5,high-extension,CO2 AFOLU,1234,4.866907103
1927.5,high-overshoot,CO2 FFI,1234,3.9961917930000004
1927.5,high-overshoot,CO2 AFOLU,1234,4.866907103
1927.5,medium-extension,CO2 FFI,1234,3.9961917930000004
1927.5,medium-extension,CO2 AFOLU,1234,4.866907103
1927.5,medium-overshoot,CO2 FFI,1234,3.9961917930000004
1927.5,medium-overshoot,CO2 AFOLU,1234,4.866907103
1927.5,low,CO2 FFI,1234,3.9961917930000004
1927.5,low,CO2 AFOLU,1234,4.866907103
1927.5,verylow,CO2 FFI,1234,3.9961917930000004
1927.5,verylow,CO2 AFOLU,1234,4.866907103
1927.5,verylow-overshoot,CO2 FFI,1234,3.9961917930000004
1927.5,verylow-overshoot,CO2 AFOLU,1234,4.866907103
1928.5,high-extension,CO2 FFI,1234,3.9788261080000007
1928.5,high-extension,CO2 AFOLU,1234,4.875151234
1928.5,high-overshoot,CO2 FFI,1234,3.9788261080000007
1928.5,high-overshoot,CO2 AFOLU,1234,4.875151234
1928.5,medium-extension,CO2 FFI,1234,3.9788261080000007
1928.5,medium-extension,CO2 AFOLU,1234,4.875151234
1928.5,medium-overshoot,CO2 FFI,1234,3.9788261080000007
1928.5,medium-overshoot,CO2 AFOLU,1234,4.875151234
1928.5,low,CO2 FFI,1234,3.9788261080000007
1928.5,low,CO2 AFOLU,1234,4.875151234
1928.5,verylow,CO2 FFI,1234,3.9788261080000007
1928.5,verylow,CO2 AFOLU,1234,4.875151234
1928.5,verylow-overshoot,CO2 FFI,1234,3.9788261080000007
1928.5,verylow-overshoot,CO2 AFOLU,1234,4.875151234
1929.5,high-extension,CO2 FFI,1234,4.270975416000001
1929.5,high-extension,CO2 AFOLU,1234,4.889160148
1929.5,high-overshoot,CO2 FFI,1234,4.270975416000001
1929.5,high-overshoot,CO2 AFOLU,1234,4.889160148
1929.5,medium-extension,CO2 FFI,1234,4.270975416000001
1929.5,medium-extension,CO2 AFOLU,1234,4.889160148
1929.5,medium-overshoot,CO2 FFI,1234,4.270975416000001
1929.5,medium-overshoot,CO2 AFOLU,1234,4.889160148
1929.5,low,CO2 FFI,1234,4.270975416000001
1929.5,low,CO2 AFOLU,1234,4.889160148
1929.5,verylow,CO2 FFI,1234,4.270975416000001
1929.5,verylow,CO2 AFOLU,1234,4.889160148
1929.5,verylow-overshoot,CO2 FFI,1234,4.270975416000001
1929.5,verylow-overshoot,CO2 AFOLU,1234,4.889160148
1930.5,high-extension,CO2 FFI,1234,3.938660798999999
1930.5,high-extension,CO2 AFOLU,1234,4.964029066
1930.5,high-overshoot,CO2 FFI,1234,3.938660798999999
1930.5,high-overshoot,CO2 AFOLU,1234,4.964029066
1930.5,medium-extension,CO2 FFI,1234,3.938660798999999
1930.5,medium-extension,CO2 AFOLU,1234,4.964029066
1930.5,medium-overshoot,CO2 FFI,1234,3.938660798999999
1930.5,medium-overshoot,CO2 AFOLU,1234,4.964029066
1930.5,low,CO2 FFI,1234,3.938660798999999
1930.5,low,CO2 AFOLU,1234,4.964029066
1930.5,verylow,CO2 FFI,1234,3.938660798999999
1930.5,verylow,CO2 AFOLU,1234,4.964029066
1930.5,verylow-overshoot,CO2 FFI,1234,3.938660798999999
1930.5,verylow-overshoot,CO2 AFOLU,1234,4.964029066
1931.5,high-extension,CO2 FFI,1234,3.5199589
1931.5,high-extension,CO2 AFOLU,1234,5.035380488
1931.5,high-overshoot,CO2 FFI,1234,3.5199589
1931.5,high-overshoot,CO2 AFOLU,1234,5.035380488
1931.5,medium-extension,CO2 FFI,1234,3.5199589
1931.5,medium-extension,CO2 AFOLU,1234,5.035380488
1931.5,medium-overshoot,CO2 FFI,1234,3.5199589
1931.5,medium-overshoot,CO2 AFOLU,1234,5.035380488
1931.5,low,CO2 FFI,1234,3.5199589
1931.5,low,CO2 AFOLU,1234,5.035380488
1931.5,verylow,CO2 FFI,1234,3.5199589
1931.5,verylow,CO2 AFOLU,1234,5.035380488
1931.5,verylow-overshoot,CO2 FFI,1234,3.5199589
1931.5,verylow-overshoot,CO2 AFOLU,1234,5.035380488
1932.5,high-extension,CO2 FFI,1234,3.1735265030000006
1932.5,high-extension,CO2 AFOLU,1234,5.091697058
1932.5,high-overshoot,CO2 FFI,1234,3.1735265030000006
1932.5,high-overshoot,CO2 AFOLU,1234,5.091697058
1932.5,medium-extension,CO2 FFI,1234,3.1735265030000006
1932.5,medium-extension,CO2 AFOLU,1234,5.091697058
1932.5,medium-overshoot,CO2 FFI,1234,3.1735265030000006
1932.5,medium-overshoot,CO2 AFOLU,1234,5.091697058
1932.5,low,CO2 FFI,1234,3.1735265030000006
1932.5,low,CO2 AFOLU,1234,5.091697058
1932.5,verylow,CO2 FFI,1234,3.1735265030000006
1932.5,verylow,CO2 AFOLU,1234,5.091697058
1932.5,verylow-overshoot,CO2 FFI,1234,3.1735265030000006
1932.5,verylow-overshoot,CO2 AFOLU,1234,5.091697058
1933.5,high-extension,CO2 FFI,1234,3.3415710480000005
1933.5,high-extension,CO2 AFOLU,1234,5.112411199
1933.5,high-overshoot,CO2 FFI,1234,3.3415710480000005
1933.5,high-overshoot,CO2 AFOLU,1234,5.112411199
1933.5,medium-extension,CO2 FFI,1234,3.3415710480000005
1933.5,medium-extension,CO2 AFOLU,1234,5.112411199
1933.5,medium-overshoot,CO2 FFI,1234,3.3415710480000005
1933.5,medium-overshoot,CO2 AFOLU,1234,5.112411199
1933.5,low,CO2 FFI,1234,3.3415710480000005
1933.5,low,CO2 AFOLU,1234,5.112411199
1933.5,verylow,CO2 FFI,1234,3.3415710480000005
1933.5,verylow,CO2 AFOLU,1234,5.112411199
1933.5,verylow-overshoot,CO2 FFI,1234,3.3415710480000005
1933.5,verylow-overshoot,CO2 AFOLU,1234,5.112411199
1934.5,high-extension,CO2 FFI,1234,3.6342992329999992
1934.5,high-extension,CO2 AFOLU,1234,5.161472935
1934.5,high-overshoot,CO2 FFI,1234,3.6342992329999992
1934.5,high-overshoot,CO2 AFOLU,1234,5.161472935
1934.5,medium-extension,CO2 FFI,1234,3.6342992329999992
1934.5,medium-extension,CO2 AFOLU,1234,5.161472935
1934.5,medium-overshoot,CO2 FFI,1234,3.6342992329999992
1934.5,medium-overshoot,CO2 AFOLU,1234,5.161472935
1934.5,low,CO2 FFI,1234,3.6342992329999992
1934.5,low,CO2 AFOLU,1234,5.161472935
1934.5,verylow,CO2 FFI,1234,3.6342992329999992
1934.5,verylow,CO2 AFOLU,1234,5.161472935
1934.5,verylow-overshoot,CO2 FFI,1234,3.6342992329999992
1934.5,verylow-overshoot,CO2 AFOLU,1234,5.161472935
1935.5,high-extension,CO2 FFI,1234,3.814858684
1935.5,high-extension,CO2 AFOLU,1234,5.164575171
1935.5,high-overshoot,CO2 FFI,1234,3.814858684
1935.5,high-overshoot,CO2 AFOLU,1234,5.164575171
1935.5,medium-extension,CO2 FFI,1234,3.814858684
1935.5,medium-extension,CO2 AFOLU,1234,5.164575171
1935.5,medium-overshoot,CO2 FFI,1234,3.814858684
1935.5,medium-overshoot,CO2 AFOLU,1234,5.164575171
1935.5,low,CO2 FFI,1234,3.814858684
1935.5,low,CO2 AFOLU,1234,5.164575171
1935.5,verylow,CO2 FFI,1234,3.814858684
1935.5,verylow,CO2 AFOLU,1234,5.164575171
1935.5,verylow-overshoot,CO2 FFI,1234,3.814858684
1935.5,verylow-overshoot,CO2 AFOLU,1234,5.164575171
1936.5,high-extension,CO2 FFI,1234,4.185579971999999
1936.5,high-extension,CO2 AFOLU,1234,5.190382352
1936.5,high-overshoot,CO2 FFI,1234,4.185579971999999
1936.5,high-overshoot,CO2 AFOLU,1234,5.190382352
1936.5,medium-extension,CO2 FFI,1234,4.185579971999999
1936.5,medium-extension,CO2 AFOLU,1234,5.190382352
1936.5,medium-overshoot,CO2 FFI,1234,4.185579971999999
1936.5,medium-overshoot,CO2 AFOLU,1234,5.190382352
1936.5,low,CO2 FFI,1234,4.185579971999999
1936.5,low,CO2 AFOLU,1234,5.190382352
1936.5,verylow,CO2 FFI,1234,4.185579971999999
1936.5,verylow,CO2 AFOLU,1234,5.190382352
1936.5,verylow-overshoot,CO2 FFI,1234,4.185579971999999
1936.5,verylow-overshoot,CO2 AFOLU,1234,5.190382352
1937.5,high-extension,CO2 FFI,1234,4.474303583
1937.5,high-extension,CO2 AFOLU,1234,5.176483359
1937.5,high-overshoot,CO2 FFI,1234,4.474303583
1937.5,high-overshoot,CO2 AFOLU,1234,5.176483359
1937.5,medium-extension,CO2 FFI,1234,4.474303583
1937.5,medium-extension,CO2 AFOLU,1234,5.176483359
1937.5,medium-overshoot,CO2 FFI,1234,4.474303583
1937.5,medium-overshoot,CO2 AFOLU,1234,5.176483359
1937.5,low,CO2 FFI,1234,4.474303583
1937.5,low,CO2 AFOLU,1234,5.176483359
1937.5,verylow,CO2 FFI,1234,4.474303583
1937.5,verylow,CO2 AFOLU,1234,5.176483359
1937.5,verylow-overshoot,CO2 FFI,1234,4.474303583
1937.5,verylow-overshoot,CO2 AFOLU,1234,5.176483359
1938.5,high-extension,CO2 FFI,1234,4.206967494999999
1938.5,high-extension,CO2 AFOLU,1234,5.203756164
1938.5,high-overshoot,CO2 FFI,1234,4.206967494999999
1938.5,high-overshoot,CO2 AFOLU,1234,5.203756164
1938.5,medium-extension,CO2 FFI,1234,4.206967494999999
1938.5,medium-extension,CO2 AFOLU,1234,5.203756164
1938.5,medium-overshoot,CO2 FFI,1234,4.206967494999999
1938.5,medium-overshoot,CO2 AFOLU,1234,5.203756164
1938.5,low,CO2 FFI,1234,4.206967494999999
1938.5,low,CO2 AFOLU,1234,5.203756164
1938.5,verylow,CO2 FFI,1234,4.206967494999999
1938.5,verylow,CO2 AFOLU,1234,5.203756164
1938.5,verylow-overshoot,CO2 FFI,1234,4.206967494999999
1938.5,verylow-overshoot,CO2 AFOLU,1234,5.203756164
1939.5,high-extension,CO2 FFI,1234,4.451317707000001
1939.5,high-extension,CO2 AFOLU,1234,5.206382072
1939.5,high-overshoot,CO2 FFI,1234,4.451317707000001
1939.5,high-overshoot,CO2 AFOLU,1234,5.206382072
1939.5,medium-extension,CO2 FFI,1234,4.451317707000001
1939.5,medium-extension,CO2 AFOLU,1234,5.206382072
1939.5,medium-overshoot,CO2 FFI,1234,4.451317707000001
1939.5,medium-overshoot,CO2 AFOLU,1234,5.206382072
1939.5,low,CO2 FFI,1234,4.451317707000001
1939.5,low,CO2 AFOLU,1234,5.206382072
1939.5,verylow,CO2 FFI,1234,4.451317707000001
1939.5,verylow,CO2 AFOLU,1234,5.206382072
1939.5,verylow-overshoot,CO2 FFI,1234,4.451317707000001
1939.5,verylow-overshoot,CO2 AFOLU,1234,5.206382072
1940.5,high-extension,CO2 FFI,1234,4.861422359
1940.5,high-extension,CO2 AFOLU,1234,5.342062138
1940.5,high-overshoot,CO2 FFI,1234,4.861422359
1940.5,high-overshoot,CO2 AFOLU,1234,5.342062138
1940.5,medium-extension,CO2 FFI,1234,4.861422359
1940.5,medium-extension,CO2 AFOLU,1234,5.342062138
1940.5,medium-overshoot,CO2 FFI,1234,4.861422359
1940.5,medium-overshoot,CO2 AFOLU,1234,5.342062138
1940.5,low,CO2 FFI,1234,4.861422359
1940.5,low,CO2 AFOLU,1234,5.342062138
1940.5,verylow,CO2 FFI,1234,4.861422359
1940.5,verylow,CO2 AFOLU,1234,5.342062138
1940.5,verylow-overshoot,CO2 FFI,1234,4.861422359
1940.5,verylow-overshoot,CO2 AFOLU,1234,5.342062138
1941.5,high-extension,CO2 FFI,1234,4.9708930549999994
1941.5,high-extension,CO2 AFOLU,1234,5.514736975
1941.5,high-overshoot,CO2 FFI,1234,4.9708930549999994
1941.5,high-overshoot,CO2 AFOLU,1234,5.514736975
1941.5,medium-extension,CO2 FFI,1234,4.9708930549999994
1941.5,medium-extension,CO2 AFOLU,1234,5.514736975
1941.5,medium-overshoot,CO2 FFI,1234,4.9708930549999994
1941.5,medium-overshoot,CO2 AFOLU,1234,5.514736975
1941.5,low,CO2 FFI,1234,4.9708930549999994
1941.5,low,CO2 AFOLU,1234,5.514736975
1941.5,verylow,CO2 FFI,1234,4.9708930549999994
1941.5,verylow,CO2 AFOLU,1234,5.514736975
1941.5,verylow-overshoot,CO2 FFI,1234,4.9708930549999994
1941.5,verylow-overshoot,CO2 AFOLU,1234,5.514736975
1942.5,high-extension,CO2 FFI,1234,4.959664504999999
1942.5,high-extension,CO2 AFOLU,1234,5.550156202
1942.5,high-overshoot,CO2 FFI,1234,4.959664504999999
1942.5,high-overshoot,CO2 AFOLU,1234,5.550156202
1942.5,medium-extension,CO2 FFI,1234,4.959664504999999
1942.5,medium-extension,CO2 AFOLU,1234,5.550156202
1942.5,medium-overshoot,CO2 FFI,1234,4.959664504999999
1942.5,medium-overshoot,CO2 AFOLU,1234,5.550156202
1942.5,low,CO2 FFI,1234,4.959664504999999
1942.5,low,CO2 AFOLU,1234,5.550156202
1942.5,verylow,CO2 FFI,1234,4.959664504999999
1942.5,verylow,CO2 AFOLU,1234,5.550156202
1942.5,verylow-overshoot,CO2 FFI,1234,4.959664504999999
1942.5,verylow-overshoot,CO2 AFOLU,1234,5.550156202
1943.5,high-extension,CO2 FFI,1234,5.04177404
1943.5,high-extension,CO2 AFOLU,1234,5.539029679
1943.5,high-overshoot,CO2 FFI,1234,5.04177404
1943.5,high-overshoot,CO2 AFOLU,1234,5.539029679
1943.5,medium-extension,CO2 FFI,1234,5.04177404
1943.5,medium-extension,CO2 AFOLU,1234,5.539029679
1943.5,medium-overshoot,CO2 FFI,1234,5.04177404
1943.5,medium-overshoot,CO2 AFOLU,1234,5.539029679
1943.5,low,CO2 FFI,1234,5.04177404
1943.5,low,CO2 AFOLU,1234,5.539029679
1943.5,verylow,CO2 FFI,1234,5.04177404
1943.5,verylow,CO2 AFOLU,1234,5.539029679
1943.5,verylow-overshoot,CO2 FFI,1234,5.04177404
1943.5,verylow-overshoot,CO2 AFOLU,1234,5.539029679
1944.5,high-extension,CO2 FFI,1234,5.117989611999999
1944.5,high-extension,CO2 AFOLU,1234,5.539750278
1944.5,high-overshoot,CO2 FFI,1234,5.117989611999999
1944.5,high-overshoot,CO2 AFOLU,1234,5.539750278
1944.5,medium-extension,CO2 FFI,1234,5.117989611999999
1944.5,medium-extension,CO2 AFOLU,1234,5.539750278
1944.5,medium-overshoot,CO2 FFI,1234,5.117989611999999
1944.5,medium-overshoot,CO2 AFOLU,1234,5.539750278
1944.5,low,CO2 FFI,1234,5.117989611999999
1944.5,low,CO2 AFOLU,1234,5.539750278
1944.5,verylow,CO2 FFI,1234,5.117989611999999
1944.5,verylow,CO2 AFOLU,1234,5.539750278
1944.5,verylow-overshoot,CO2 FFI,1234,5.117989611999999
1944.5,verylow-overshoot,CO2 AFOLU,1234,5.539750278
1945.5,high-extension,CO2 FFI,1234,4.257203662
1945.5,high-extension,CO2 AFOLU,1234,5.505503549
1945.5,high-overshoot,CO2 FFI,1234,4.257203662
1945.5,high-overshoot,CO2 AFOLU,1234,5.505503549
1945.5,medium-extension,CO2 FFI,1234,4.257203662
1945.5,medium-extension,CO2 AFOLU,1234,5.505503549
1945.5,medium-overshoot,CO2 FFI,1234,4.257203662
1945.5,medium-overshoot,CO2 AFOLU,1234,5.505503549
1945.5,low,CO2 FFI,1234,4.257203662
1945.5,low,CO2 AFOLU,1234,5.505503549
1945.5,verylow,CO2 FFI,1234,4.257203662
1945.5,verylow,CO2 AFOLU,1234,5.505503549
1945.5,verylow-overshoot,CO2 FFI,1234,4.257203662
1945.5,verylow-overshoot,CO2 AFOLU,1234,5.505503549
1946.5,high-extension,CO2 FFI,1234,4.646197083000001
1946.5,high-extension,CO2 AFOLU,1234,5.489833595
1946.5,high-overshoot,CO2 FFI,1234,4.646197083000001
1946.5,high-overshoot,CO2 AFOLU,1234,5.489833595
1946.5,medium-extension,CO2 FFI,1234,4.646197083000001
1946.5,medium-extension,CO2 AFOLU,1234,5.489833595
1946.5,medium-overshoot,CO2 FFI,1234,4.646197083000001
1946.5,medium-overshoot,CO2 AFOLU,1234,5.489833595
1946.5,low,CO2 FFI,1234,4.646197083000001
1946.5,low,CO2 AFOLU,1234,5.489833595
1946.5,verylow,CO2 FFI,1234,4.646197083000001
1946.5,verylow,CO2 AFOLU,1234,5.489833595
1946.5,verylow-overshoot,CO2 FFI,1234,4.646197083000001
1946.5,verylow-overshoot,CO2 AFOLU,1234,5.489833595
1947.5,high-extension,CO2 FFI,1234,5.145863202000001
1947.5,high-extension,CO2 AFOLU,1234,5.443642038
1947.5,high-overshoot,CO2 FFI,1234,5.145863202000001
1947.5,high-overshoot,CO2 AFOLU,1234,5.443642038
1947.5,medium-extension,CO2 FFI,1234,5.145863202000001
1947.5,medium-extension,CO2 AFOLU,1234,5.443642038
1947.5,medium-overshoot,CO2 FFI,1234,5.145863202000001
1947.5,medium-overshoot,CO2 AFOLU,1234,5.443642038
1947.5,low,CO2 FFI,1234,5.145863202000001
1947.5,low,CO2 AFOLU,1234,5.443642038
1947.5,verylow,CO2 FFI,1234,5.145863202000001
1947.5,verylow,CO2 AFOLU,1234,5.443642038
1947.5,verylow-overshoot,CO2 FFI,1234,5.145863202000001
1947.5,verylow-overshoot,CO2 AFOLU,1234,5.443642038
1948.5,high-extension,CO2 FFI,1234,5.42503849
1948.5,high-extension,CO2 AFOLU,1234,5.368675412
1948.5,high-overshoot,CO2 FFI,1234,5.42503849
1948.5,high-overshoot,CO2 AFOLU,1234,5.368675412
1948.5,medium-extension,CO2 FFI,1234,5.42503849
1948.5,medium-extension,CO2 AFOLU,1234,5.368675412
1948.5,medium-overshoot,CO2 FFI,1234,5.42503849
1948.5,medium-overshoot,CO2 AFOLU,1234,5.368675412
1948.5,low,CO2 FFI,1234,5.42503849
1948.5,low,CO2 AFOLU,1234,5.368675412
1948.5,verylow,CO2 FFI,1234,5.42503849
1948.5,verylow,CO2 AFOLU,1234,5.368675412
1948.5,verylow-overshoot,CO2 FFI,1234,5.42503849
1948.5,verylow-overshoot,CO2 AFOLU,1234,5.368675412
1949.5,high-extension,CO2 FFI,1234,5.181087671000001
1949.5,high-extension,CO2 AFOLU,1234,5.31671907
1949.5,high-overshoot,CO2 FFI,1234,5.181087671000001
1949.5,high-overshoot,CO2 AFOLU,1234,5.31671907
1949.5,medium-extension,CO2 FFI,1234,5.181087671000001
1949.5,medium-extension,CO2 AFOLU,1234,5.31671907
1949.5,medium-overshoot,CO2 FFI,1234,5.181087671000001
1949.5,medium-overshoot,CO2 AFOLU,1234,5.31671907
1949.5,low,CO2 FFI,1234,5.181087671000001
1949.5,low,CO2 AFOLU,1234,5.31671907
1949.5,verylow,CO2 FFI,1234,5.181087671000001
1949.5,verylow,CO2 AFOLU,1234,5.31671907
1949.5,verylow-overshoot,CO2 FFI,1234,5.181087671000001
1949.5,verylow-overshoot,CO2 AFOLU,1234,5.31671907
1950.5,high-extension,CO2 FFI,1234,5.929435443
1950.5,high-extension,CO2 AFOLU,1234,6.067166992
1950.5,high-overshoot,CO2 FFI,1234,5.929435443
1950.5,high-overshoot,CO2 AFOLU,1234,6.067166992
1950.5,medium-extension,CO2 FFI,1234,5.929435443
1950.5,medium-extension,CO2 AFOLU,1234,6.067166992
1950.5,medium-overshoot,CO2 FFI,1234,5.929435443
1950.5,medium-overshoot,CO2 AFOLU,1234,6.067166992
1950.5,low,CO2 FFI,1234,5.929435443
1950.5,low,CO2 AFOLU,1234,6.067166992
1950.5,verylow,CO2 FFI,1234,5.929435443
1950.5,verylow,CO2 AFOLU,1234,6.067166992
1950.5,verylow-overshoot,CO2 FFI,1234,5.929435443
1950.5,verylow-overshoot,CO2 AFOLU,1234,6.067166992
1951.5,high-extension,CO2 FFI,1234,6.381506718999999
1951.5,high-extension,CO2 AFOLU,1234,6.162933253
1951.5,high-overshoot,CO2 FFI,1234,6.381506718999999
1951.5,high-overshoot,CO2 AFOLU,1234,6.162933253
1951.5,medium-extension,CO2 FFI,1234,6.381506718999999
1951.5,medium-extension,CO2 AFOLU,1234,6.162933253
1951.5,medium-overshoot,CO2 FFI,1234,6.381506718999999
1951.5,medium-overshoot,CO2 AFOLU,1234,6.162933253
1951.5,low,CO2 FFI,1234,6.381506718999999
1951.5,low,CO2 AFOLU,1234,6.162933253
1951.5,verylow,CO2 FFI,1234,6.381506718999999
1951.5,verylow,CO2 AFOLU,1234,6.162933253
1951.5,verylow-overshoot,CO2 FFI,1234,6.381506718999999
1951.5,verylow-overshoot,CO2 AFOLU,1234,6.162933253
1952.5,high-extension,CO2 FFI,1234,6.467539345
1952.5,high-extension,CO2 AFOLU,1234,6.304952139
1952.5,high-overshoot,CO2 FFI,1234,6.467539345
1952.5,high-overshoot,CO2 AFOLU,1234,6.304952139
1952.5,medium-extension,CO2 FFI,1234,6.467539345
1952.5,medium-extension,CO2 AFOLU,1234,6.304952139
1952.5,medium-overshoot,CO2 FFI,1234,6.467539345
1952.5,medium-overshoot,CO2 AFOLU,1234,6.304952139
1952.5,low,CO2 FFI,1234,6.467539345
1952.5,low,CO2 AFOLU,1234,6.304952139
1952.5,verylow,CO2 FFI,1234,6.467539345
1952.5,verylow,CO2 AFOLU,1234,6.304952139
1952.5,verylow-overshoot,CO2 FFI,1234,6.467539345
1952.5,verylow-overshoot,CO2 AFOLU,1234,6.304952139
1953.5,high-extension,CO2 FFI,1234,6.65096651
1953.5,high-extension,CO2 AFOLU,1234,6.417304369
1953.5,high-overshoot,CO2 FFI,1234,6.65096651
1953.5,high-overshoot,CO2 AFOLU,1234,6.417304369
1953.5,medium-extension,CO2 FFI,1234,6.65096651
1953.5,medium-extension,CO2 AFOLU,1234,6.417304369
1953.5,medium-overshoot,CO2 FFI,1234,6.65096651
1953.5,medium-overshoot,CO2 AFOLU,1234,6.417304369
1953.5,low,CO2 FFI,1234,6.65096651
1953.5,low,CO2 AFOLU,1234,6.417304369
1953.5,verylow,CO2 FFI,1234,6.65096651
1953.5,verylow,CO2 AFOLU,1234,6.417304369
1953.5,verylow-overshoot,CO2 FFI,1234,6.65096651
1953.5,verylow-overshoot,CO2 AFOLU,1234,6.417304369
1954.5,high-extension,CO2 FFI,1234,6.789604721
1954.5,high-extension,CO2 AFOLU,1234,6.572355088
1954.5,high-overshoot,CO2 FFI,1234,6.789604721
1954.5,high-overshoot,CO2 AFOLU,1234,6.572355088
1954.5,medium-extension,CO2 FFI,1234,6.789604721
1954.5,medium-extension,CO2 AFOLU,1234,6.572355088
1954.5,medium-overshoot,CO2 FFI,1234,6.789604721
1954.5,medium-overshoot,CO2 AFOLU,1234,6.572355088
1954.5,low,CO2 FFI,1234,6.789604721
1954.5,low,CO2 AFOLU,1234,6.572355088
1954.5,verylow,CO2 FFI,1234,6.789604721
1954.5,verylow,CO2 AFOLU,1234,6.572355088
1954.5,verylow-overshoot,CO2 FFI,1234,6.789604721
1954.5,verylow-overshoot,CO2 AFOLU,1234,6.572355088
1955.5,high-extension,CO2 FFI,1234,7.443978505999999
1955.5,high-extension,CO2 AFOLU,1234,6.793529839
1955.5,high-overshoot,CO2 FFI,1234,7.443978505999999
1955.5,high-overshoot,CO2 AFOLU,1234,6.793529839
1955.5,medium-extension,CO2 FFI,1234,7.443978505999999
1955.5,medium-extension,CO2 AFOLU,1234,6.793529839
1955.5,medium-overshoot,CO2 FFI,1234,7.443978505999999
1955.5,medium-overshoot,CO2 AFOLU,1234,6.793529839
1955.5,low,CO2 FFI,1234,7.443978505999999
1955.5,low,CO2 AFOLU,1234,6.793529839
1955.5,verylow,CO2 FFI,1234,7.443978505999999
1955.5,verylow,CO2 AFOLU,1234,6.793529839
1955.5,verylow-overshoot,CO2 FFI,1234,7.443978505999999
1955.5,verylow-overshoot,CO2 AFOLU,1234,6.793529839
1956.5,high-extension,CO2 FFI,1234,7.9261057809999995
1956.5,high-extension,CO2 AFOLU,1234,6.992708029
1956.5,high-overshoot,CO2 FFI,1234,7.9261057809999995
1956.5,high-overshoot,CO2 AFOLU,1234,6.992708029
1956.5,medium-extension,CO2 FFI,1234,7.9261057809999995
1956.5,medium-extension,CO2 AFOLU,1234,6.992708029
1956.5,medium-overshoot,CO2 FFI,1234,7.9261057809999995
1956.5,medium-overshoot,CO2 AFOLU,1234,6.992708029
1956.5,low,CO2 FFI,1234,7.9261057809999995
1956.5,low,CO2 AFOLU,1234,6.992708029
1956.5,verylow,CO2 FFI,1234,7.9261057809999995
1956.5,verylow,CO2 AFOLU,1234,6.992708029
1956.5,verylow-overshoot,CO2 FFI,1234,7.9261057809999995
1956.5,verylow-overshoot,CO2 AFOLU,1234,6.992708029
1957.5,high-extension,CO2 FFI,1234,8.185743074999998
1957.5,high-extension,CO2 AFOLU,1234,7.173004107
1957.5,high-overshoot,CO2 FFI,1234,8.185743074999998
1957.5,high-overshoot,CO2 AFOLU,1234,7.173004107
1957.5,medium-extension,CO2 FFI,1234,8.185743074999998
1957.5,medium-extension,CO2 AFOLU,1234,7.173004107
1957.5,medium-overshoot,CO2 FFI,1234,8.185743074999998
1957.5,medium-overshoot,CO2 AFOLU,1234,7.173004107
1957.5,low,CO2 FFI,1234,8.185743074999998
1957.5,low,CO2 AFOLU,1234,7.173004107
1957.5,verylow,CO2 FFI,1234,8.185743074999998
1957.5,verylow,CO2 AFOLU,1234,7.173004107
1957.5,verylow-overshoot,CO2 FFI,1234,8.185743074999998
1957.5,verylow-overshoot,CO2 AFOLU,1234,7.173004107
1958.5,high-extension,CO2 FFI,1234,8.417292792
1958.5,high-extension,CO2 AFOLU,1234,7.381965332
1958.5,high-overshoot,CO2 FFI,1234,8.417292792
1958.5,high-overshoot,CO2 AFOLU,1234,7.381965332
1958.5,medium-extension,CO2 FFI,1234,8.417292792
1958.5,medium-extension,CO2 AFOLU,1234,7.381965332
1958.5,medium-overshoot,CO2 FFI,1234,8.417292792
1958.5,medium-overshoot,CO2 AFOLU,1234,7.381965332
1958.5,low,CO2 FFI,1234,8.417292792
1958.5,low,CO2 AFOLU,1234,7.381965332
1958.5,verylow,CO2 FFI,1234,8.417292792
1958.5,verylow,CO2 AFOLU,1234,7.381965332
1958.5,verylow-overshoot,CO2 FFI,1234,8.417292792
1958.5,verylow-overshoot,CO2 AFOLU,1234,7.381965332
1959.5,high-extension,CO2 FFI,1234,8.854802267000002
1959.5,high-extension,CO2 AFOLU,1234,7.773396643
1959.5,high-overshoot,CO2 FFI,1234,8.854802267000002
1959.5,high-overshoot,CO2 AFOLU,1234,7.773396643
1959.5,medium-extension,CO2 FFI,1234,8.854802267000002
1959.5,medium-extension,CO2 AFOLU,1234,7.773396643
1959.5,medium-overshoot,CO2 FFI,1234,8.854802267000002
1959.5,medium-overshoot,CO2 AFOLU,1234,7.773396643
1959.5,low,CO2 FFI,1234,8.854802267000002
1959.5,low,CO2 AFOLU,1234,7.773396643
1959.5,verylow,CO2 FFI,1234,8.854802267000002
1959.5,verylow,CO2 AFOLU,1234,7.773396643
1959.5,verylow-overshoot,CO2 FFI,1234,8.854802267000002
1959.5,verylow-overshoot,CO2 AFOLU,1234,7.773396643
1960.5,high-extension,CO2 FFI,1234,9.386569763
1960.5,high-extension,CO2 AFOLU,1234,6.83128185
1960.5,high-overshoot,CO2 FFI,1234,9.386569763
1960.5,high-overshoot,CO2 AFOLU,1234,6.83128185
1960.5,medium-extension,CO2 FFI,1234,9.386569763
1960.5,medium-extension,CO2 AFOLU,1234,6.83128185
1960.5,medium-overshoot,CO2 FFI,1234,9.386569763
1960.5,medium-overshoot,CO2 AFOLU,1234,6.83128185
1960.5,low,CO2 FFI,1234,9.386569763
1960.5,low,CO2 AFOLU,1234,6.83128185
1960.5,verylow,CO2 FFI,1234,9.386569763
1960.5,verylow,CO2 AFOLU,1234,6.83128185
1960.5,verylow-overshoot,CO2 FFI,1234,9.386569763
1960.5,verylow-overshoot,CO2 AFOLU,1234,6.83128185
1961.5,high-extension,CO2 FFI,1234,9.414531304
1961.5,high-extension,CO2 AFOLU,1234,6.549442512
1961.5,high-overshoot,CO2 FFI,1234,9.414531304
1961.5,high-overshoot,CO2 AFOLU,1234,6.549442512
1961.5,medium-extension,CO2 FFI,1234,9.414531304
1961.5,medium-extension,CO2 AFOLU,1234,6.549442512
1961.5,medium-overshoot,CO2 FFI,1234,9.414531304
1961.5,medium-overshoot,CO2 AFOLU,1234,6.549442512
1961.5,low,CO2 FFI,1234,9.414531304
1961.5,low,CO2 AFOLU,1234,6.549442512
1961.5,verylow,CO2 FFI,1234,9.414531304
1961.5,verylow,CO2 AFOLU,1234,6.549442512
1961.5,verylow-overshoot,CO2 FFI,1234,9.414531304
1961.5,verylow-overshoot,CO2 AFOLU,1234,6.549442512
1962.5,high-extension,CO2 FFI,1234,9.746710103
1962.5,high-extension,CO2 AFOLU,1234,6.074116488
1962.5,high-overshoot,CO2 FFI,1234,9.746710103
1962.5,high-overshoot,CO2 AFOLU,1234,6.074116488
1962.5,medium-extension,CO2 FFI,1234,9.746710103
1962.5,medium-extension,CO2 AFOLU,1234,6.074116488
1962.5,medium-overshoot,CO2 FFI,1234,9.746710103
1962.5,medium-overshoot,CO2 AFOLU,1234,6.074116488
1962.5,low,CO2 FFI,1234,9.746710103
1962.5,low,CO2 AFOLU,1234,6.074116488
1962.5,verylow,CO2 FFI,1234,9.746710103
1962.5,verylow,CO2 AFOLU,1234,6.074116488
1962.5,verylow-overshoot,CO2 FFI,1234,9.746710103
1962.5,verylow-overshoot,CO2 AFOLU,1234,6.074116488
1963.5,high-extension,CO2 FFI,1234,10.266209569999997
1963.5,high-extension,CO2 AFOLU,1234,5.877356577
1963.5,high-overshoot,CO2 FFI,1234,10.266209569999997
1963.5,high-overshoot,CO2 AFOLU,1234,5.877356577
1963.5,medium-extension,CO2 FFI,1234,10.266209569999997
1963.5,medium-extension,CO2 AFOLU,1234,5.877356577
1963.5,medium-overshoot,CO2 FFI,1234,10.266209569999997
1963.5,medium-overshoot,CO2 AFOLU,1234,5.877356577
1963.5,low,CO2 FFI,1234,10.266209569999997
1963.5,low,CO2 AFOLU,1234,5.877356577
1963.5,verylow,CO2 FFI,1234,10.266209569999997
1963.5,verylow,CO2 AFOLU,1234,5.877356577
1963.5,verylow-overshoot,CO2 FFI,1234,10.266209569999997
1963.5,verylow-overshoot,CO2 AFOLU,1234,5.877356577
1964.5,high-extension,CO2 FFI,1234,10.823789220000002
1964.5,high-extension,CO2 AFOLU,1234,5.735178915
1964.5,high-overshoot,CO2 FFI,1234,10.823789220000002
1964.5,high-overshoot,CO2 AFOLU,1234,5.735178915
1964.5,medium-extension,CO2 FFI,1234,10.823789220000002
1964.5,medium-extension,CO2 AFOLU,1234,5.735178915
1964.5,medium-overshoot,CO2 FFI,1234,10.823789220000002
1964.5,medium-overshoot,CO2 AFOLU,1234,5.735178915
1964.5,low,CO2 FFI,1234,10.823789220000002
1964.5,low,CO2 AFOLU,1234,5.735178915
1964.5,verylow,CO2 FFI,1234,10.823789220000002
1964.5,verylow,CO2 AFOLU,1234,5.735178915
1964.5,verylow-overshoot,CO2 FFI,1234,10.823789220000002
1964.5,verylow-overshoot,CO2 AFOLU,1234,5.735178915
1965.5,high-extension,CO2 FFI,1234,11.309868130000002
1965.5,high-extension,CO2 AFOLU,1234,5.205637047
1965.5,high-overshoot,CO2 FFI,1234,11.309868130000002
1965.5,high-overshoot,CO2 AFOLU,1234,5.205637047
1965.5,medium-extension,CO2 FFI,1234,11.309868130000002
1965.5,medium-extension,CO2 AFOLU,1234,5.205637047
1965.5,medium-overshoot,CO2 FFI,1234,11.309868130000002
1965.5,medium-overshoot,CO2 AFOLU,1234,5.205637047
1965.5,low,CO2 FFI,1234,11.309868130000002
1965.5,low,CO2 AFOLU,1234,5.205637047
1965.5,verylow,CO2 FFI,1234,11.309868130000002
1965.5,verylow,CO2 AFOLU,1234,5.205637047
1965.5,verylow-overshoot,CO2 FFI,1234,11.309868130000002
1965.5,verylow-overshoot,CO2 AFOLU,1234,5.205637047
1966.5,high-extension,CO2 FFI,1234,11.861896080000001
1966.5,high-extension,CO2 AFOLU,1234,5.034623249
1966.5,high-overshoot,CO2 FFI,1234,11.861896080000001
1966.5,high-overshoot,CO2 AFOLU,1234,5.034623249
1966.5,medium-extension,CO2 FFI,1234,11.861896080000001
1966.5,medium-extension,CO2 AFOLU,1234,5.034623249
1966.5,medium-overshoot,CO2 FFI,1234,11.861896080000001
1966.5,medium-overshoot,CO2 AFOLU,1234,5.034623249
1966.5,low,CO2 FFI,1234,11.861896080000001
1966.5,low,CO2 AFOLU,1234,5.034623249
1966.5,verylow,CO2 FFI,1234,11.861896080000001
1966.5,verylow,CO2 AFOLU,1234,5.034623249
1966.5,verylow-overshoot,CO2 FFI,1234,11.861896080000001
1966.5,verylow-overshoot,CO2 AFOLU,1234,5.034623249
1967.5,high-extension,CO2 FFI,1234,12.236522
1967.5,high-extension,CO2 AFOLU,1234,5.170730788
1967.5,high-overshoot,CO2 FFI,1234,12.236522
1967.5,high-overshoot,CO2 AFOLU,1234,5.170730788
1967.5,medium-extension,CO2 FFI,1234,12.236522
1967.5,medium-extension,CO2 AFOLU,1234,5.170730788
1967.5,medium-overshoot,CO2 FFI,1234,12.236522
1967.5,medium-overshoot,CO2 AFOLU,1234,5.170730788
1967.5,low,CO2 FFI,1234,12.236522
1967.5,low,CO2 AFOLU,1234,5.170730788
1967.5,verylow,CO2 FFI,1234,12.236522
1967.5,verylow,CO2 AFOLU,1234,5.170730788
1967.5,verylow-overshoot,CO2 FFI,1234,12.236522
1967.5,verylow-overshoot,CO2 AFOLU,1234,5.170730788
1968.5,high-extension,CO2 FFI,1234,12.90453981
1968.5,high-extension,CO2 AFOLU,1234,5.232433524
1968.5,high-overshoot,CO2 FFI,1234,12.90453981
1968.5,high-overshoot,CO2 AFOLU,1234,5.232433524
1968.5,medium-extension,CO2 FFI,1234,12.90453981
1968.5,medium-extension,CO2 AFOLU,1234,5.232433524
1968.5,medium-overshoot,CO2 FFI,1234,12.90453981
1968.5,medium-overshoot,CO2 AFOLU,1234,5.232433524
1968.5,low,CO2 FFI,1234,12.90453981
1968.5,low,CO2 AFOLU,1234,5.232433524
1968.5,verylow,CO2 FFI,1234,12.90453981
1968.5,verylow,CO2 AFOLU,1234,5.232433524
1968.5,verylow-overshoot,CO2 FFI,1234,12.90453981
1968.5,verylow-overshoot,CO2 AFOLU,1234,5.232433524
1969.5,high-extension,CO2 FFI,1234,13.761057029999998
1969.5,high-extension,CO2 AFOLU,1234,4.91160861
1969.5,high-overshoot,CO2 FFI,1234,13.761057029999998
1969.5,high-overshoot,CO2 AFOLU,1234,4.91160861
1969.5,medium-extension,CO2 FFI,1234,13.761057029999998
1969.5,medium-extension,CO2 AFOLU,1234,4.91160861
1969.5,medium-overshoot,CO2 FFI,1234,13.761057029999998
1969.5,medium-overshoot,CO2 AFOLU,1234,4.91160861
1969.5,low,CO2 FFI,1234,13.761057029999998
1969.5,low,CO2 AFOLU,1234,4.91160861
1969.5,verylow,CO2 FFI,1234,13.761057029999998
1969.5,verylow,CO2 AFOLU,1234,4.91160861
1969.5,verylow-overshoot,CO2 FFI,1234,13.761057029999998
1969.5,verylow-overshoot,CO2 AFOLU,1234,4.91160861
1970.5,high-extension,CO2 FFI,1234,14.89839199
1970.5,high-extension,CO2 AFOLU,1234,5.114267655
1970.5,high-overshoot,CO2 FFI,1234,14.89839199
1970.5,high-overshoot,CO2 AFOLU,1234,5.114267655
1970.5,medium-extension,CO2 FFI,1234,14.89839199
1970.5,medium-extension,CO2 AFOLU,1234,5.114267655
1970.5,medium-overshoot,CO2 FFI,1234,14.89839199
1970.5,medium-overshoot,CO2 AFOLU,1234,5.114267655
1970.5,low,CO2 FFI,1234,14.89839199
1970.5,low,CO2 AFOLU,1234,5.114267655
1970.5,verylow,CO2 FFI,1234,14.89839199
1970.5,verylow,CO2 AFOLU,1234,5.114267655
1970.5,verylow-overshoot,CO2 FFI,1234,14.89839199
1970.5,verylow-overshoot,CO2 AFOLU,1234,5.114267655
1971.5,high-extension,CO2 FFI,1234,15.50303089
1971.5,high-extension,CO2 AFOLU,1234,4.819396485
1971.5,high-overshoot,CO2 FFI,1234,15.50303089
1971.5,high-overshoot,CO2 AFOLU,1234,4.819396485
1971.5,medium-extension,CO2 FFI,1234,15.50303089
1971.5,medium-extension,CO2 AFOLU,1234,4.819396485
1971.5,medium-overshoot,CO2 FFI,1234,15.50303089
1971.5,medium-overshoot,CO2 AFOLU,1234,4.819396485
1971.5,low,CO2 FFI,1234,15.50303089
1971.5,low,CO2 AFOLU,1234,4.819396485
1971.5,verylow,CO2 FFI,1234,15.50303089
1971.5,verylow,CO2 AFOLU,1234,4.819396485
1971.5,verylow-overshoot,CO2 FFI,1234,15.50303089
1971.5,verylow-overshoot,CO2 AFOLU,1234,4.819396485
1972.5,high-extension,CO2 FFI,1234,16.22369628
1972.5,high-extension,CO2 AFOLU,1234,4.822303304
1972.5,high-overshoot,CO2 FFI,1234,16.22369628
1972.5,high-overshoot,CO2 AFOLU,1234,4.822303304
1972.5,medium-extension,CO2 FFI,1234,16.22369628
1972.5,medium-extension,CO2 AFOLU,1234,4.822303304
1972.5,medium-overshoot,CO2 FFI,1234,16.22369628
1972.5,medium-overshoot,CO2 AFOLU,1234,4.822303304
1972.5,low,CO2 FFI,1234,16.22369628
1972.5,low,CO2 AFOLU,1234,4.822303304
1972.5,verylow,CO2 FFI,1234,16.22369628
1972.5,verylow,CO2 AFOLU,1234,4.822303304
1972.5,verylow-overshoot,CO2 FFI,1234,16.22369628
1972.5,verylow-overshoot,CO2 AFOLU,1234,4.822303304
1973.5,high-extension,CO2 FFI,1234,17.083770780000002
1973.5,high-extension,CO2 AFOLU,1234,4.695368124
1973.5,high-overshoot,CO2 FFI,1234,17.083770780000002
1973.5,high-overshoot,CO2 AFOLU,1234,4.695368124
1973.5,medium-extension,CO2 FFI,1234,17.083770780000002
1973.5,medium-extension,CO2 AFOLU,1234,4.695368124
1973.5,medium-overshoot,CO2 FFI,1234,17.083770780000002
1973.5,medium-overshoot,CO2 AFOLU,1234,4.695368124
1973.5,low,CO2 FFI,1234,17.083770780000002
1973.5,low,CO2 AFOLU,1234,4.695368124
1973.5,verylow,CO2 FFI,1234,17.083770780000002
1973.5,verylow,CO2 AFOLU,1234,4.695368124
1973.5,verylow-overshoot,CO2 FFI,1234,17.083770780000002
1973.5,verylow-overshoot,CO2 AFOLU,1234,4.695368124
1974.5,high-extension,CO2 FFI,1234,17.00965113
1974.5,high-extension,CO2 AFOLU,1234,4.56423149
1974.5,high-overshoot,CO2 FFI,1234,17.00965113
1974.5,high-overshoot,CO2 AFOLU,1234,4.56423149
1974.5,medium-extension,CO2 FFI,1234,17.00965113
1974.5,medium-extension,CO2 AFOLU,1234,4.56423149
1974.5,medium-overshoot,CO2 FFI,1234,17.00965113
1974.5,medium-overshoot,CO2 AFOLU,1234,4.56423149
1974.5,low,CO2 FFI,1234,17.00965113
1974.5,low,CO2 AFOLU,1234,4.56423149
1974.5,verylow,CO2 FFI,1234,17.00965113
1974.5,verylow,CO2 AFOLU,1234,4.56423149
1974.5,verylow-overshoot,CO2 FFI,1234,17.00965113
1974.5,verylow-overshoot,CO2 AFOLU,1234,4.56423149
1975.5,high-extension,CO2 FFI,1234,17.050249
1975.5,high-extension,CO2 AFOLU,1234,4.612877966
1975.5,high-overshoot,CO2 FFI,1234,17.050249
1975.5,high-overshoot,CO2 AFOLU,1234,4.612877966
1975.5,medium-extension,CO2 FFI,1234,17.050249
1975.5,medium-extension,CO2 AFOLU,1234,4.612877966
1975.5,medium-overshoot,CO2 FFI,1234,17.050249
1975.5,medium-overshoot,CO2 AFOLU,1234,4.612877966
1975.5,low,CO2 FFI,1234,17.050249
1975.5,low,CO2 AFOLU,1234,4.612877966
1975.5,verylow,CO2 FFI,1234,17.050249
1975.5,verylow,CO2 AFOLU,1234,4.612877966
1975.5,verylow-overshoot,CO2 FFI,1234,17.050249
1975.5,verylow-overshoot,CO2 AFOLU,1234,4.612877966
1976.5,high-extension,CO2 FFI,1234,17.98552944
1976.5,high-extension,CO2 AFOLU,1234,4.590893618
1976.5,high-overshoot,CO2 FFI,1234,17.98552944
1976.5,high-overshoot,CO2 AFOLU,1234,4.590893618
1976.5,medium-extension,CO2 FFI,1234,17.98552944
1976.5,medium-extension,CO2 AFOLU,1234,4.590893618
1976.5,medium-overshoot,CO2 FFI,1234,17.98552944
1976.5,medium-overshoot,CO2 AFOLU,1234,4.590893618
1976.5,low,CO2 FFI,1234,17.98552944
1976.5,low,CO2 AFOLU,1234,4.590893618
1976.5,verylow,CO2 FFI,1234,17.98552944
1976.5,verylow,CO2 AFOLU,1234,4.590893618
1976.5,verylow-overshoot,CO2 FFI,1234,17.98552944
1976.5,verylow-overshoot,CO2 AFOLU,1234,4.590893618
1977.5,high-extension,CO2 FFI,1234,18.494944070000003
1977.5,high-extension,CO2 AFOLU,1234,4.591296664
1977.5,high-overshoot,CO2 FFI,1234,18.494944070000003
1977.5,high-overshoot,CO2 AFOLU,1234,4.591296664
1977.5,medium-extension,CO2 FFI,1234,18.494944070000003
1977.5,medium-extension,CO2 AFOLU,1234,4.591296664
1977.5,medium-overshoot,CO2 FFI,1234,18.494944070000003
1977.5,medium-overshoot,CO2 AFOLU,1234,4.591296664
1977.5,low,CO2 FFI,1234,18.494944070000003
1977.5,low,CO2 AFOLU,1234,4.591296664
1977.5,verylow,CO2 FFI,1234,18.494944070000003
1977.5,verylow,CO2 AFOLU,1234,4.591296664
1977.5,verylow-overshoot,CO2 FFI,1234,18.494944070000003
1977.5,verylow-overshoot,CO2 AFOLU,1234,4.591296664
1978.5,high-extension,CO2 FFI,1234,19.06425652
1978.5,high-extension,CO2 AFOLU,1234,4.456508186
1978.5,high-overshoot,CO2 FFI,1234,19.06425652
1978.5,high-overshoot,CO2 AFOLU,1234,4.456508186
1978.5,medium-extension,CO2 FFI,1234,19.06425652
1978.5,medium-extension,CO2 AFOLU,1234,4.456508186
1978.5,medium-overshoot,CO2 FFI,1234,19.06425652
1978.5,medium-overshoot,CO2 AFOLU,1234,4.456508186
1978.5,low,CO2 FFI,1234,19.06425652
1978.5,low,CO2 AFOLU,1234,4.456508186
1978.5,verylow,CO2 FFI,1234,19.06425652
1978.5,verylow,CO2 AFOLU,1234,4.456508186
1978.5,verylow-overshoot,CO2 FFI,1234,19.06425652
1978.5,verylow-overshoot,CO2 AFOLU,1234,4.456508186
1979.5,high-extension,CO2 FFI,1234,19.60331224
1979.5,high-extension,CO2 AFOLU,1234,4.229690786
1979.5,high-overshoot,CO2 FFI,1234,19.60331224
1979.5,high-overshoot,CO2 AFOLU,1234,4.229690786
1979.5,medium-extension,CO2 FFI,1234,19.60331224
1979.5,medium-extension,CO2 AFOLU,1234,4.229690786
1979.5,medium-overshoot,CO2 FFI,1234,19.60331224
1979.5,medium-overshoot,CO2 AFOLU,1234,4.229690786
1979.5,low,CO2 FFI,1234,19.60331224
1979.5,low,CO2 AFOLU,1234,4.229690786
1979.5,verylow,CO2 FFI,1234,19.60331224
1979.5,verylow,CO2 AFOLU,1234,4.229690786
1979.5,verylow-overshoot,CO2 FFI,1234,19.60331224
1979.5,verylow-overshoot,CO2 AFOLU,1234,4.229690786
1980.5,high-extension,CO2 FFI,1234,19.48274873
1980.5,high-extension,CO2 AFOLU,1234,4.40657929
1980.5,high-overshoot,CO2 FFI,1234,19.48274873
1980.5,high-overshoot,CO2 AFOLU,1234,4.40657929
1980.5,medium-extension,CO2 FFI,1234,19.48274873
1980.5,medium-extension,CO2 AFOLU,1234,4.40657929
1980.5,medium-overshoot,CO2 FFI,1234,19.48274873
1980.5,medium-overshoot,CO2 AFOLU,1234,4.40657929
1980.5,low,CO2 FFI,1234,19.48274873
1980.5,low,CO2 AFOLU,1234,4.40657929
1980.5,verylow,CO2 FFI,1234,19.48274873
1980.5,verylow,CO2 AFOLU,1234,4.40657929
1980.5,verylow-overshoot,CO2 FFI,1234,19.48274873
1980.5,verylow-overshoot,CO2 AFOLU,1234,4.40657929
1981.5,high-extension,CO2 FFI,1234,19.01724972
1981.5,high-extension,CO2 AFOLU,1234,4.654990205
1981.5,high-overshoot,CO2 FFI,1234,19.01724972
1981.5,high-overshoot,CO2 AFOLU,1234,4.654990205
1981.5,medium-extension,CO2 FFI,1234,19.01724972
1981.5,medium-extension,CO2 AFOLU,1234,4.654990205
1981.5,medium-overshoot,CO2 FFI,1234,19.01724972
1981.5,medium-overshoot,CO2 AFOLU,1234,4.654990205
1981.5,low,CO2 FFI,1234,19.01724972
1981.5,low,CO2 AFOLU,1234,4.654990205
1981.5,verylow,CO2 FFI,1234,19.01724972
1981.5,verylow,CO2 AFOLU,1234,4.654990205
1981.5,verylow-overshoot,CO2 FFI,1234,19.01724972
1981.5,verylow-overshoot,CO2 AFOLU,1234,4.654990205
1982.5,high-extension,CO2 FFI,1234,18.86567155
1982.5,high-extension,CO2 AFOLU,1234,4.676730282
1982.5,high-overshoot,CO2 FFI,1234,18.86567155
1982.5,high-overshoot,CO2 AFOLU,1234,4.676730282
1982.5,medium-extension,CO2 FFI,1234,18.86567155
1982.5,medium-extension,CO2 AFOLU,1234,4.676730282
1982.5,medium-overshoot,CO2 FFI,1234,18.86567155
1982.5,medium-overshoot,CO2 AFOLU,1234,4.676730282
1982.5,low,CO2 FFI,1234,18.86567155
1982.5,low,CO2 AFOLU,1234,4.676730282
1982.5,verylow,CO2 FFI,1234,18.86567155
1982.5,verylow,CO2 AFOLU,1234,4.676730282
1982.5,verylow-overshoot,CO2 FFI,1234,18.86567155
1982.5,verylow-overshoot,CO2 AFOLU,1234,4.676730282
1983.5,high-extension,CO2 FFI,1234,18.98620158
1983.5,high-extension,CO2 AFOLU,1234,5.159763041
1983.5,high-overshoot,CO2 FFI,1234,18.98620158
1983.5,high-overshoot,CO2 AFOLU,1234,5.159763041
1983.5,medium-extension,CO2 FFI,1234,18.98620158
1983.5,medium-extension,CO2 AFOLU,1234,5.159763041
1983.5,medium-overshoot,CO2 FFI,1234,18.98620158
1983.5,medium-overshoot,CO2 AFOLU,1234,5.159763041
1983.5,low,CO2 FFI,1234,18.98620158
1983.5,low,CO2 AFOLU,1234,5.159763041
1983.5,verylow,CO2 FFI,1234,18.98620158
1983.5,verylow,CO2 AFOLU,1234,5.159763041
1983.5,verylow-overshoot,CO2 FFI,1234,18.98620158
1983.5,verylow-overshoot,CO2 AFOLU,1234,5.159763041
1984.5,high-extension,CO2 FFI,1234,19.64203929
1984.5,high-extension,CO2 AFOLU,1234,5.967040502
1984.5,high-overshoot,CO2 FFI,1234,19.64203929
1984.5,high-overshoot,CO2 AFOLU,1234,5.967040502
1984.5,medium-extension,CO2 FFI,1234,19.64203929
1984.5,medium-extension,CO2 AFOLU,1234,5.967040502
1984.5,medium-overshoot,CO2 FFI,1234,19.64203929
1984.5,medium-overshoot,CO2 AFOLU,1234,5.967040502
1984.5,low,CO2 FFI,1234,19.64203929
1984.5,low,CO2 AFOLU,1234,5.967040502
1984.5,verylow,CO2 FFI,1234,19.64203929
1984.5,verylow,CO2 AFOLU,1234,5.967040502
1984.5,verylow-overshoot,CO2 FFI,1234,19.64203929
1984.5,verylow-overshoot,CO2 AFOLU,1234,5.967040502
1985.5,high-extension,CO2 FFI,1234,20.305451650000002
1985.5,high-extension,CO2 AFOLU,1234,5.504392118
1985.5,high-overshoot,CO2 FFI,1234,20.305451650000002
1985.5,high-overshoot,CO2 AFOLU,1234,5.504392118
1985.5,medium-extension,CO2 FFI,1234,20.305451650000002
1985.5,medium-extension,CO2 AFOLU,1234,5.504392118
1985.5,medium-overshoot,CO2 FFI,1234,20.305451650000002
1985.5,medium-overshoot,CO2 AFOLU,1234,5.504392118
1985.5,low,CO2 FFI,1234,20.305451650000002
1985.5,low,CO2 AFOLU,1234,5.504392118
1985.5,verylow,CO2 FFI,1234,20.305451650000002
1985.5,verylow,CO2 AFOLU,1234,5.504392118
1985.5,verylow-overshoot,CO2 FFI,1234,20.305451650000002
1985.5,verylow-overshoot,CO2 AFOLU,1234,5.504392118
1986.5,high-extension,CO2 FFI,1234,20.60783875
1986.5,high-extension,CO2 AFOLU,1234,5.6929079
1986.5,high-overshoot,CO2 FFI,1234,20.60783875
1986.5,high-overshoot,CO2 AFOLU,1234,5.6929079
1986.5,medium-extension,CO2 FFI,1234,20.60783875
1986.5,medium-extension,CO2 AFOLU,1234,5.6929079
1986.5,medium-overshoot,CO2 FFI,1234,20.60783875
1986.5,medium-overshoot,CO2 AFOLU,1234,5.6929079
1986.5,low,CO2 FFI,1234,20.60783875
1986.5,low,CO2 AFOLU,1234,5.6929079
1986.5,verylow,CO2 FFI,1234,20.60783875
1986.5,verylow,CO2 AFOLU,1234,5.6929079
1986.5,verylow-overshoot,CO2 FFI,1234,20.60783875
1986.5,verylow-overshoot,CO2 AFOLU,1234,5.6929079
1987.5,high-extension,CO2 FFI,1234,21.24611893
1987.5,high-extension,CO2 AFOLU,1234,5.514651481
1987.5,high-overshoot,CO2 FFI,1234,21.24611893
1987.5,high-overshoot,CO2 AFOLU,1234,5.514651481
1987.5,medium-extension,CO2 FFI,1234,21.24611893
1987.5,medium-extension,CO2 AFOLU,1234,5.514651481
1987.5,medium-overshoot,CO2 FFI,1234,21.24611893
1987.5,medium-overshoot,CO2 AFOLU,1234,5.514651481
1987.5,low,CO2 FFI,1234,21.24611893
1987.5,low,CO2 AFOLU,1234,5.514651481
1987.5,verylow,CO2 FFI,1234,21.24611893
1987.5,verylow,CO2 AFOLU,1234,5.514651481
1987.5,verylow-overshoot,CO2 FFI,1234,21.24611893
1987.5,verylow-overshoot,CO2 AFOLU,1234,5.514651481
1988.5,high-extension,CO2 FFI,1234,22.07773403
1988.5,high-extension,CO2 AFOLU,1234,5.2987774
1988.5,high-overshoot,CO2 FFI,1234,22.07773403
1988.5,high-overshoot,CO2 AFOLU,1234,5.2987774
1988.5,medium-extension,CO2 FFI,1234,22.07773403
1988.5,medium-extension,CO2 AFOLU,1234,5.2987774
1988.5,medium-overshoot,CO2 FFI,1234,22.07773403
1988.5,medium-overshoot,CO2 AFOLU,1234,5.2987774
1988.5,low,CO2 FFI,1234,22.07773403
1988.5,low,CO2 AFOLU,1234,5.2987774
1988.5,verylow,CO2 FFI,1234,22.07773403
1988.5,verylow,CO2 AFOLU,1234,5.2987774
1988.5,verylow-overshoot,CO2 FFI,1234,22.07773403
1988.5,verylow-overshoot,CO2 AFOLU,1234,5.2987774
1989.5,high-extension,CO2 FFI,1234,22.37932343
1989.5,high-extension,CO2 AFOLU,1234,5.240934138
1989.5,high-overshoot,CO2 FFI,1234,22.37932343
1989.5,high-overshoot,CO2 AFOLU,1234,5.240934138
1989.5,medium-extension,CO2 FFI,1234,22.37932343
1989.5,medium-extension,CO2 AFOLU,1234,5.240934138
1989.5,medium-overshoot,CO2 FFI,1234,22.37932343
1989.5,medium-overshoot,CO2 AFOLU,1234,5.240934138
1989.5,low,CO2 FFI,1234,22.37932343
1989.5,low,CO2 AFOLU,1234,5.240934138
1989.5,verylow,CO2 FFI,1234,22.37932343
1989.5,verylow,CO2 AFOLU,1234,5.240934138
1989.5,verylow-overshoot,CO2 FFI,1234,22.37932343
1989.5,verylow-overshoot,CO2 AFOLU,1234,5.240934138
1990.5,high-extension,CO2 FFI,1234,22.75306011
1990.5,high-extension,CO2 AFOLU,1234,5.166981236
1990.5,high-overshoot,CO2 FFI,1234,22.75306011
1990.5,high-overshoot,CO2 AFOLU,1234,5.166981236
1990.5,medium-extension,CO2 FFI,1234,22.75306011
1990.5,medium-extension,CO2 AFOLU,1234,5.166981236
1990.5,medium-overshoot,CO2 FFI,1234,22.75306011
1990.5,medium-overshoot,CO2 AFOLU,1234,5.166981236
1990.5,low,CO2 FFI,1234,22.75306011
1990.5,low,CO2 AFOLU,1234,5.166981236
1990.5,verylow,CO2 FFI,1234,22.75306011
1990.5,verylow,CO2 AFOLU,1234,5.166981236
1990.5,verylow-overshoot,CO2 FFI,1234,22.75306011
1990.5,verylow-overshoot,CO2 AFOLU,1234,5.166981236
1991.5,high-extension,CO2 FFI,1234,23.22984251
1991.5,high-extension,CO2 AFOLU,1234,4.946612577
1991.5,high-overshoot,CO2 FFI,1234,23.22984251
1991.5,high-overshoot,CO2 AFOLU,1234,4.946612577
1991.5,medium-extension,CO2 FFI,1234,23.22984251
1991.5,medium-extension,CO2 AFOLU,1234,4.946612577
1991.5,medium-overshoot,CO2 FFI,1234,23.22984251
1991.5,medium-overshoot,CO2 AFOLU,1234,4.946612577
1991.5,low,CO2 FFI,1234,23.22984251
1991.5,low,CO2 AFOLU,1234,4.946612577
1991.5,verylow,CO2 FFI,1234,23.22984251
1991.5,verylow,CO2 AFOLU,1234,4.946612577
1991.5,verylow-overshoot,CO2 FFI,1234,23.22984251
1991.5,verylow-overshoot,CO2 AFOLU,1234,4.946612577
1992.5,high-extension,CO2 FFI,1234,22.56755587
1992.5,high-extension,CO2 AFOLU,1234,5.223187884
1992.5,high-overshoot,CO2 FFI,1234,22.56755587
1992.5,high-overshoot,CO2 AFOLU,1234,5.223187884
1992.5,medium-extension,CO2 FFI,1234,22.56755587
1992.5,medium-extension,CO2 AFOLU,1234,5.223187884
1992.5,medium-overshoot,CO2 FFI,1234,22.56755587
1992.5,medium-overshoot,CO2 AFOLU,1234,5.223187884
1992.5,low,CO2 FFI,1234,22.56755587
1992.5,low,CO2 AFOLU,1234,5.223187884
1992.5,verylow,CO2 FFI,1234,22.56755587
1992.5,verylow,CO2 AFOLU,1234,5.223187884
1992.5,verylow-overshoot,CO2 FFI,1234,22.56755587
1992.5,verylow-overshoot,CO2 AFOLU,1234,5.223187884
1993.5,high-extension,CO2 FFI,1234,22.79871086
1993.5,high-extension,CO2 AFOLU,1234,5.12914373
1993.5,high-overshoot,CO2 FFI,1234,22.79871086
1993.5,high-overshoot,CO2 AFOLU,1234,5.12914373
1993.5,medium-extension,CO2 FFI,1234,22.79871086
1993.5,medium-extension,CO2 AFOLU,1234,5.12914373
1993.5,medium-overshoot,CO2 FFI,1234,22.79871086
1993.5,medium-overshoot,CO2 AFOLU,1234,5.12914373
1993.5,low,CO2 FFI,1234,22.79871086
1993.5,low,CO2 AFOLU,1234,5.12914373
1993.5,verylow,CO2 FFI,1234,22.79871086
1993.5,verylow,CO2 AFOLU,1234,5.12914373
1993.5,verylow-overshoot,CO2 FFI,1234,22.79871086
1993.5,verylow-overshoot,CO2 AFOLU,1234,5.12914373
1994.5,high-extension,CO2 FFI,1234,23.03513938
1994.5,high-extension,CO2 AFOLU,1234,5.776521702
1994.5,high-overshoot,CO2 FFI,1234,23.03513938
1994.5,high-overshoot,CO2 AFOLU,1234,5.776521702
1994.5,medium-extension,CO2 FFI,1234,23.03513938
1994.5,medium-extension,CO2 AFOLU,1234,5.776521702
1994.5,medium-overshoot,CO2 FFI,1234,23.03513938
1994.5,medium-overshoot,CO2 AFOLU,1234,5.776521702
1994.5,low,CO2 FFI,1234,23.03513938
1994.5,low,CO2 AFOLU,1234,5.776521702
1994.5,verylow,CO2 FFI,1234,23.03513938
1994.5,verylow,CO2 AFOLU,1234,5.776521702
1994.5,verylow-overshoot,CO2 FFI,1234,23.03513938
1994.5,verylow-overshoot,CO2 AFOLU,1234,5.776521702
1995.5,high-extension,CO2 FFI,1234,23.52486397
1995.5,high-extension,CO2 AFOLU,1234,5.63957143
1995.5,high-overshoot,CO2 FFI,1234,23.52486397
1995.5,high-overshoot,CO2 AFOLU,1234,5.63957143
1995.5,medium-extension,CO2 FFI,1234,23.52486397
1995.5,medium-extension,CO2 AFOLU,1234,5.63957143
1995.5,medium-overshoot,CO2 FFI,1234,23.52486397
1995.5,medium-overshoot,CO2 AFOLU,1234,5.63957143
1995.5,low,CO2 FFI,1234,23.52486397
1995.5,low,CO2 AFOLU,1234,5.63957143
1995.5,verylow,CO2 FFI,1234,23.52486397
1995.5,verylow,CO2 AFOLU,1234,5.63957143
1995.5,verylow-overshoot,CO2 FFI,1234,23.52486397
1995.5,verylow-overshoot,CO2 AFOLU,1234,5.63957143
1996.5,high-extension,CO2 FFI,1234,24.2505464
1996.5,high-extension,CO2 AFOLU,1234,5.997403329
1996.5,high-overshoot,CO2 FFI,1234,24.2505464
1996.5,high-overshoot,CO2 AFOLU,1234,5.997403329
1996.5,medium-extension,CO2 FFI,1234,24.2505464
1996.5,medium-extension,CO2 AFOLU,1234,5.997403329
1996.5,medium-overshoot,CO2 FFI,1234,24.2505464
1996.5,medium-overshoot,CO2 AFOLU,1234,5.997403329
1996.5,low,CO2 FFI,1234,24.2505464
1996.5,low,CO2 AFOLU,1234,5.997403329
1996.5,verylow,CO2 FFI,1234,24.2505464
1996.5,verylow,CO2 AFOLU,1234,5.997403329
1996.5,verylow-overshoot,CO2 FFI,1234,24.2505464
1996.5,verylow-overshoot,CO2 AFOLU,1234,5.997403329
1997.5,high-extension,CO2 FFI,1234,24.39633634
1997.5,high-extension,CO2 AFOLU,1234,7.48111474
1997.5,high-overshoot,CO2 FFI,1234,24.39633634
1997.5,high-overshoot,CO2 AFOLU,1234,7.48111474
1997.5,medium-extension,CO2 FFI,1234,24.39633634
1997.5,medium-extension,CO2 AFOLU,1234,7.48111474
1997.5,medium-overshoot,CO2 FFI,1234,24.39633634
1997.5,medium-overshoot,CO2 AFOLU,1234,7.48111474
1997.5,low,CO2 FFI,1234,24.39633634
1997.5,low,CO2 AFOLU,1234,7.48111474
1997.5,verylow,CO2 FFI,1234,24.39633634
1997.5,verylow,CO2 AFOLU,1234,7.48111474
1997.5,verylow-overshoot,CO2 FFI,1234,24.39633634
1997.5,verylow-overshoot,CO2 AFOLU,1234,7.48111474
1998.5,high-extension,CO2 FFI,1234,24.33133046
1998.5,high-extension,CO2 AFOLU,1234,6.165229396
1998.5,high-overshoot,CO2 FFI,1234,24.33133046
1998.5,high-overshoot,CO2 AFOLU,1234,6.165229396
1998.5,medium-extension,CO2 FFI,1234,24.33133046
1998.5,medium-extension,CO2 AFOLU,1234,6.165229396
1998.5,medium-overshoot,CO2 FFI,1234,24.33133046
1998.5,medium-overshoot,CO2 AFOLU,1234,6.165229396
1998.5,low,CO2 FFI,1234,24.33133046
1998.5,low,CO2 AFOLU,1234,6.165229396
1998.5,verylow,CO2 FFI,1234,24.33133046
1998.5,verylow,CO2 AFOLU,1234,6.165229396
1998.5,verylow-overshoot,CO2 FFI,1234,24.33133046
1998.5,verylow-overshoot,CO2 AFOLU,1234,6.165229396
1999.5,high-extension,CO2 FFI,1234,24.83388737
1999.5,high-extension,CO2 AFOLU,1234,6.004096341
1999.5,high-overshoot,CO2 FFI,1234,24.83388737
1999.5,high-overshoot,CO2 AFOLU,1234,6.004096341
1999.5,medium-extension,CO2 FFI,1234,24.83388737
1999.5,medium-extension,CO2 AFOLU,1234,6.004096341
1999.5,medium-overshoot,CO2 FFI,1234,24.83388737
1999.5,medium-overshoot,CO2 AFOLU,1234,6.004096341
1999.5,low,CO2 FFI,1234,24.83388737
1999.5,low,CO2 AFOLU,1234,6.004096341
1999.5,verylow,CO2 FFI,1234,24.83388737
1999.5,verylow,CO2 AFOLU,1234,6.004096341
1999.5,verylow-overshoot,CO2 FFI,1234,24.83388737
1999.5,verylow-overshoot,CO2 AFOLU,1234,6.004096341
2000.5,high-extension,CO2 FFI,1234,25.50169108
2000.5,high-extension,CO2 AFOLU,1234,5.375747044
2000.5,high-overshoot,CO2 FFI,1234,25.50169108
2000.5,high-overshoot,CO2 AFOLU,1234,5.375747044
2000.5,medium-extension,CO2 FFI,1234,25.50169108
2000.5,medium-extension,CO2 AFOLU,1234,5.375747044
2000.5,medium-overshoot,CO2 FFI,1234,25.50169108
2000.5,medium-overshoot,CO2 AFOLU,1234,5.375747044
2000.5,low,CO2 FFI,1234,25.50169108
2000.5,low,CO2 AFOLU,1234,5.375747044
2000.5,verylow,CO2 FFI,1234,25.50169108
2000.5,verylow,CO2 AFOLU,1234,5.375747044
2000.5,verylow-overshoot,CO2 FFI,1234,25.50169108
2000.5,verylow-overshoot,CO2 AFOLU,1234,5.375747044
2001.5,high-extension,CO2 FFI,1234,25.6753364
2001.5,high-extension,CO2 AFOLU,1234,5.036247648
2001.5,high-overshoot,CO2 FFI,1234,25.6753364
2001.5,high-overshoot,CO2 AFOLU,1234,5.036247648
2001.5,medium-extension,CO2 FFI,1234,25.6753364
2001.5,medium-extension,CO2 AFOLU,1234,5.036247648
2001.5,medium-overshoot,CO2 FFI,1234,25.6753364
2001.5,medium-overshoot,CO2 AFOLU,1234,5.036247648
2001.5,low,CO2 FFI,1234,25.6753364
2001.5,low,CO2 AFOLU,1234,5.036247648
2001.5,verylow,CO2 FFI,1234,25.6753364
2001.5,verylow,CO2 AFOLU,1234,5.036247648
2001.5,verylow-overshoot,CO2 FFI,1234,25.6753364
2001.5,verylow-overshoot,CO2 AFOLU,1234,5.036247648
2002.5,high-extension,CO2 FFI,1234,26.24870458
2002.5,high-extension,CO2 AFOLU,1234,5.385261381
2002.5,high-overshoot,CO2 FFI,1234,26.24870458
2002.5,high-overshoot,CO2 AFOLU,1234,5.385261381
2002.5,medium-extension,CO2 FFI,1234,26.24870458
2002.5,medium-extension,CO2 AFOLU,1234,5.385261381
2002.5,medium-overshoot,CO2 FFI,1234,26.24870458
2002.5,medium-overshoot,CO2 AFOLU,1234,5.385261381
2002.5,low,CO2 FFI,1234,26.24870458
2002.5,low,CO2 AFOLU,1234,5.385261381
2002.5,verylow,CO2 FFI,1234,26.24870458
2002.5,verylow,CO2 AFOLU,1234,5.385261381
2002.5,verylow-overshoot,CO2 FFI,1234,26.24870458
2002.5,verylow-overshoot,CO2 AFOLU,1234,5.385261381
2003.5,high-extension,CO2 FFI,1234,27.64908657
2003.5,high-extension,CO2 AFOLU,1234,5.833632152
2003.5,high-overshoot,CO2 FFI,1234,27.64908657
2003.5,high-overshoot,CO2 AFOLU,1234,5.833632152
2003.5,medium-extension,CO2 FFI,1234,27.64908657
2003.5,medium-extension,CO2 AFOLU,1234,5.833632152
2003.5,medium-overshoot,CO2 FFI,1234,27.64908657
2003.5,medium-overshoot,CO2 AFOLU,1234,5.833632152
2003.5,low,CO2 FFI,1234,27.64908657
2003.5,low,CO2 AFOLU,1234,5.833632152
2003.5,verylow,CO2 FFI,1234,27.64908657
2003.5,verylow,CO2 AFOLU,1234,5.833632152
2003.5,verylow-overshoot,CO2 FFI,1234,27.64908657
2003.5,verylow-overshoot,CO2 AFOLU,1234,5.833632152
2004.5,high-extension,CO2 FFI,1234,28.62064524
2004.5,high-extension,CO2 AFOLU,1234,5.393896344
2004.5,high-overshoot,CO2 FFI,1234,28.62064524
2004.5,high-overshoot,CO2 AFOLU,1234,5.393896344
2004.5,medium-extension,CO2 FFI,1234,28.62064524
2004.5,medium-extension,CO2 AFOLU,1234,5.393896344
2004.5,medium-overshoot,CO2 FFI,1234,28.62064524
2004.5,medium-overshoot,CO2 AFOLU,1234,5.393896344
2004.5,low,CO2 FFI,1234,28.62064524
2004.5,low,CO2 AFOLU,1234,5.393896344
2004.5,verylow,CO2 FFI,1234,28.62064524
2004.5,verylow,CO2 AFOLU,1234,5.393896344
2004.5,verylow-overshoot,CO2 FFI,1234,28.62064524
2004.5,verylow-overshoot,CO2 AFOLU,1234,5.393896344
2005.5,high-extension,CO2 FFI,1234,29.592570869999996
2005.5,high-extension,CO2 AFOLU,1234,4.891981473
2005.5,high-overshoot,CO2 FFI,1234,29.592570869999996
2005.5,high-overshoot,CO2 AFOLU,1234,4.891981473
2005.5,medium-extension,CO2 FFI,1234,29.592570869999996
2005.5,medium-extension,CO2 AFOLU,1234,4.891981473
2005.5,medium-overshoot,CO2 FFI,1234,29.592570869999996
2005.5,medium-overshoot,CO2 AFOLU,1234,4.891981473
2005.5,low,CO2 FFI,1234,29.592570869999996
2005.5,low,CO2 AFOLU,1234,4.891981473
2005.5,verylow,CO2 FFI,1234,29.592570869999996
2005.5,verylow,CO2 AFOLU,1234,4.891981473
2005.5,verylow-overshoot,CO2 FFI,1234,29.592570869999996
2005.5,verylow-overshoot,CO2 AFOLU,1234,4.891981473
2006.5,high-extension,CO2 FFI,1234,30.60625121
2006.5,high-extension,CO2 AFOLU,1234,5.234790735
2006.5,high-overshoot,CO2 FFI,1234,30.60625121
2006.5,high-overshoot,CO2 AFOLU,1234,5.234790735
2006.5,medium-extension,CO2 FFI,1234,30.60625121
2006.5,medium-extension,CO2 AFOLU,1234,5.234790735
2006.5,medium-overshoot,CO2 FFI,1234,30.60625121
2006.5,medium-overshoot,CO2 AFOLU,1234,5.234790735
2006.5,low,CO2 FFI,1234,30.60625121
2006.5,low,CO2 AFOLU,1234,5.234790735
2006.5,verylow,CO2 FFI,1234,30.60625121
2006.5,verylow,CO2 AFOLU,1234,5.234790735
2006.5,verylow-overshoot,CO2 FFI,1234,30.60625121
2006.5,verylow-overshoot,CO2 AFOLU,1234,5.234790735
2007.5,high-extension,CO2 FFI,1234,31.50023219
2007.5,high-extension,CO2 AFOLU,1234,4.556109495
2007.5,high-overshoot,CO2 FFI,1234,31.50023219
2007.5,high-overshoot,CO2 AFOLU,1234,4.556109495
2007.5,medium-extension,CO2 FFI,1234,31.50023219
2007.5,medium-extension,CO2 AFOLU,1234,4.556109495
2007.5,medium-overshoot,CO2 FFI,1234,31.50023219
2007.5,medium-overshoot,CO2 AFOLU,1234,4.556109495
2007.5,low,CO2 FFI,1234,31.50023219
2007.5,low,CO2 AFOLU,1234,4.556109495
2007.5,verylow,CO2 FFI,1234,31.50023219
2007.5,verylow,CO2 AFOLU,1234,4.556109495
2007.5,verylow-overshoot,CO2 FFI,1234,31.50023219
2007.5,verylow-overshoot,CO2 AFOLU,1234,4.556109495
2008.5,high-extension,CO2 FFI,1234,32.04240927
2008.5,high-extension,CO2 AFOLU,1234,4.74086351
2008.5,high-overshoot,CO2 FFI,1234,32.04240927
2008.5,high-overshoot,CO2 AFOLU,1234,4.74086351
2008.5,medium-extension,CO2 FFI,1234,32.04240927
2008.5,medium-extension,CO2 AFOLU,1234,4.74086351
2008.5,medium-overshoot,CO2 FFI,1234,32.04240927
2008.5,medium-overshoot,CO2 AFOLU,1234,4.74086351
2008.5,low,CO2 FFI,1234,32.04240927
2008.5,low,CO2 AFOLU,1234,4.74086351
2008.5,verylow,CO2 FFI,1234,32.04240927
2008.5,verylow,CO2 AFOLU,1234,4.74086351
2008.5,verylow-overshoot,CO2 FFI,1234,32.04240927
2008.5,verylow-overshoot,CO2 AFOLU,1234,4.74086351
2009.5,high-extension,CO2 FFI,1234,31.493764650000003
2009.5,high-extension,CO2 AFOLU,1234,5.236231931
2009.5,high-overshoot,CO2 FFI,1234,31.493764650000003
2009.5,high-overshoot,CO2 AFOLU,1234,5.236231931
2009.5,medium-extension,CO2 FFI,1234,31.493764650000003
2009.5,medium-extension,CO2 AFOLU,1234,5.236231931
2009.5,medium-overshoot,CO2 FFI,1234,31.493764650000003
2009.5,medium-overshoot,CO2 AFOLU,1234,5.236231931
2009.5,low,CO2 FFI,1234,31.493764650000003
2009.5,low,CO2 AFOLU,1234,5.236231931
2009.5,verylow,CO2 FFI,1234,31.493764650000003
2009.5,verylow,CO2 AFOLU,1234,5.236231931
2009.5,verylow-overshoot,CO2 FFI,1234,31.493764650000003
2009.5,verylow-overshoot,CO2 AFOLU,1234,5.236231931
2010.5,high-extension,CO2 FFI,1234,33.30685473
2010.5,high-extension,CO2 AFOLU,1234,5.17759479
2010.5,high-overshoot,CO2 FFI,1234,33.30685473
2010.5,high-overshoot,CO2 AFOLU,1234,5.17759479
2010.5,medium-extension,CO2 FFI,1234,33.30685473
2010.5,medium-extension,CO2 AFOLU,1234,5.17759479
2010.5,medium-overshoot,CO2 FFI,1234,33.30685473
2010.5,medium-overshoot,CO2 AFOLU,1234,5.17759479
2010.5,low,CO2 FFI,1234,33.30685473
2010.5,low,CO2 AFOLU,1234,5.17759479
2010.5,verylow,CO2 FFI,1234,33.30685473
2010.5,verylow,CO2 AFOLU,1234,5.17759479
2010.5,verylow-overshoot,CO2 FFI,1234,33.30685473
2010.5,verylow-overshoot,CO2 AFOLU,1234,5.17759479
2011.5,high-extension,CO2 FFI,1234,34.43701517
2011.5,high-extension,CO2 AFOLU,1234,5.21808263
2011.5,high-overshoot,CO2 FFI,1234,34.43701517
2011.5,high-overshoot,CO2 AFOLU,1234,5.21808263
2011.5,medium-extension,CO2 FFI,1234,34.43701517
2011.5,medium-extension,CO2 AFOLU,1234,5.21808263
2011.5,medium-overshoot,CO2 FFI,1234,34.43701517
2011.5,medium-overshoot,CO2 AFOLU,1234,5.21808263
2011.5,low,CO2 FFI,1234,34.43701517
2011.5,low,CO2 AFOLU,1234,5.21808263
2011.5,verylow,CO2 FFI,1234,34.43701517
2011.5,verylow,CO2 AFOLU,1234,5.21808263
2011.5,verylow-overshoot,CO2 FFI,1234,34.43701517
2011.5,verylow-overshoot,CO2 AFOLU,1234,5.21808263
2012.5,high-extension,CO2 FFI,1234,34.93600588
2012.5,high-extension,CO2 AFOLU,1234,5.345274295
2012.5,high-overshoot,CO2 FFI,1234,34.93600588
2012.5,high-overshoot,CO2 AFOLU,1234,5.345274295
2012.5,medium-extension,CO2 FFI,1234,34.93600588
2012.5,medium-extension,CO2 AFOLU,1234,5.345274295
2012.5,medium-overshoot,CO2 FFI,1234,34.93600588
2012.5,medium-overshoot,CO2 AFOLU,1234,5.345274295
2012.5,low,CO2 FFI,1234,34.93600588
2012.5,low,CO2 AFOLU,1234,5.345274295
2012.5,verylow,CO2 FFI,1234,34.93600588
2012.5,verylow,CO2 AFOLU,1234,5.345274295
2012.5,verylow-overshoot,CO2 FFI,1234,34.93600588
2012.5,verylow-overshoot,CO2 AFOLU,1234,5.345274295
2013.5,high-extension,CO2 FFI,1234,35.23302432
2013.5,high-extension,CO2 AFOLU,1234,4.858858389
2013.5,high-overshoot,CO2 FFI,1234,35.23302432
2013.5,high-overshoot,CO2 AFOLU,1234,4.858858389
2013.5,medium-extension,CO2 FFI,1234,35.23302432
2013.5,medium-extension,CO2 AFOLU,1234,4.858858389
2013.5,medium-overshoot,CO2 FFI,1234,35.23302432
2013.5,medium-overshoot,CO2 AFOLU,1234,4.858858389
2013.5,low,CO2 FFI,1234,35.23302432
2013.5,low,CO2 AFOLU,1234,4.858858389
2013.5,verylow,CO2 FFI,1234,35.23302432
2013.5,verylow,CO2 AFOLU,1234,4.858858389
2013.5,verylow-overshoot,CO2 FFI,1234,35.23302432
2013.5,verylow-overshoot,CO2 AFOLU,1234,4.858858389
2014.5,high-extension,CO2 FFI,1234,35.46675574
2014.5,high-extension,CO2 AFOLU,1234,5.214369718
2014.5,high-overshoot,CO2 FFI,1234,35.46675574
2014.5,high-overshoot,CO2 AFOLU,1234,5.214369718
2014.5,medium-extension,CO2 FFI,1234,35.46675574
2014.5,medium-extension,CO2 AFOLU,1234,5.214369718
2014.5,medium-overshoot,CO2 FFI,1234,35.46675574
2014.5,medium-overshoot,CO2 AFOLU,1234,5.214369718
2014.5,low,CO2 FFI,1234,35.46675574
2014.5,low,CO2 AFOLU,1234,5.214369718
2014.5,verylow,CO2 FFI,1234,35.46675574
2014.5,verylow,CO2 AFOLU,1234,5.214369718
2014.5,verylow-overshoot,CO2 FFI,1234,35.46675574
2014.5,verylow-overshoot,CO2 AFOLU,1234,5.214369718
2015.5,high-extension,CO2 FFI,1234,35.46377562
2015.5,high-extension,CO2 AFOLU,1234,5.630350217
2015.5,high-overshoot,CO2 FFI,1234,35.46377562
2015.5,high-overshoot,CO2 AFOLU,1234,5.630350217
2015.5,medium-extension,CO2 FFI,1234,35.46377562
2015.5,medium-extension,CO2 AFOLU,1234,5.630350217
2015.5,medium-overshoot,CO2 FFI,1234,35.46377562
2015.5,medium-overshoot,CO2 AFOLU,1234,5.630350217
2015.5,low,CO2 FFI,1234,35.46377562
2015.5,low,CO2 AFOLU,1234,5.630350217
2015.5,verylow,CO2 FFI,1234,35.46377562
2015.5,verylow,CO2 AFOLU,1234,5.630350217
2015.5,verylow-overshoot,CO2 FFI,1234,35.46377562
2015.5,verylow-overshoot,CO2 AFOLU,1234,5.630350217
2016.5,high-extension,CO2 FFI,1234,35.46058646
2016.5,high-extension,CO2 AFOLU,1234,4.599064467
2016.5,high-overshoot,CO2 FFI,1234,35.46058646
2016.5,high-overshoot,CO2 AFOLU,1234,4.599064467
2016.5,medium-extension,CO2 FFI,1234,35.46058646
2016.5,medium-extension,CO2 AFOLU,1234,4.599064467
2016.5,medium-overshoot,CO2 FFI,1234,35.46058646
2016.5,medium-overshoot,CO2 AFOLU,1234,4.599064467
2016.5,low,CO2 FFI,1234,35.46058646
2016.5,low,CO2 AFOLU,1234,4.599064467
2016.5,verylow,CO2 FFI,1234,35.46058646
2016.5,verylow,CO2 AFOLU,1234,4.599064467
2016.5,verylow-overshoot,CO2 FFI,1234,35.46058646
2016.5,verylow-overshoot,CO2 AFOLU,1234,4.599064467
2017.5,high-extension,CO2 FFI,1234,36.02602111
2017.5,high-extension,CO2 AFOLU,1234,4.56506201
2017.5,high-overshoot,CO2 FFI,1234,36.02602111
2017.5,high-overshoot,CO2 AFOLU,1234,4.56506201
2017.5,medium-extension,CO2 FFI,1234,36.02602111
2017.5,medium-extension,CO2 AFOLU,1234,4.56506201
2017.5,medium-overshoot,CO2 FFI,1234,36.02602111
2017.5,medium-overshoot,CO2 AFOLU,1234,4.56506201
2017.5,low,CO2 FFI,1234,36.02602111
2017.5,low,CO2 AFOLU,1234,4.56506201
2017.5,verylow,CO2 FFI,1234,36.02602111
2017.5,verylow,CO2 AFOLU,1234,4.56506201
2017.5,verylow-overshoot,CO2 FFI,1234,36.02602111
2017.5,verylow-overshoot,CO2 AFOLU,1234,4.56506201
2018.5,high-extension,CO2 FFI,1234,36.76752658
2018.5,high-extension,CO2 AFOLU,1234,4.285213477
2018.5,high-overshoot,CO2 FFI,1234,36.76752658
2018.5,high-overshoot,CO2 AFOLU,1234,4.285213477
2018.5,medium-extension,CO2 FFI,1234,36.76752658
2018.5,medium-extension,CO2 AFOLU,1234,4.285213477
2018.5,medium-overshoot,CO2 FFI,1234,36.76752658
2018.5,medium-overshoot,CO2 AFOLU,1234,4.285213477
2018.5,low,CO2 FFI,1234,36.76752658
2018.5,low,CO2 AFOLU,1234,4.285213477
2018.5,verylow,CO2 FFI,1234,36.76752658
2018.5,verylow,CO2 AFOLU,1234,4.285213477
2018.5,verylow-overshoot,CO2 FFI,1234,36.76752658
2018.5,verylow-overshoot,CO2 AFOLU,1234,4.285213477
2019.5,high-extension,CO2 FFI,1234,37.04068918
2019.5,high-extension,CO2 AFOLU,1234,4.597586631
2019.5,high-overshoot,CO2 FFI,1234,37.04068918
2019.5,high-overshoot,CO2 AFOLU,1234,4.597586631
2019.5,medium-extension,CO2 FFI,1234,37.04068918
2019.5,medium-extension,CO2 AFOLU,1234,4.597586631
2019.5,medium-overshoot,CO2 FFI,1234,37.04068918
2019.5,medium-overshoot,CO2 AFOLU,1234,4.597586631
2019.5,low,CO2 FFI,1234,37.04068918
2019.5,low,CO2 AFOLU,1234,4.597586631
2019.5,verylow,CO2 FFI,1234,37.04068918
2019.5,verylow,CO2 AFOLU,1234,4.597586631
2019.5,verylow-overshoot,CO2 FFI,1234,37.04068918
2019.5,verylow-overshoot,CO2 AFOLU,1234,4.597586631
2020.5,high-extension,CO2 FFI,1234,35.00829257
2020.5,high-extension,CO2 AFOLU,1234,4.295252996
2020.5,high-overshoot,CO2 FFI,1234,35.00829257
2020.5,high-overshoot,CO2 AFOLU,1234,4.295252996
2020.5,medium-extension,CO2 FFI,1234,35.00829257
2020.5,medium-extension,CO2 AFOLU,1234,4.295252996
2020.5,medium-overshoot,CO2 FFI,1234,35.00829257
2020.5,medium-overshoot,CO2 AFOLU,1234,4.295252996
2020.5,low,CO2 FFI,1234,35.00829257
2020.5,low,CO2 AFOLU,1234,4.295252996
2020.5,verylow,CO2 FFI,1234,35.00829257
2020.5,verylow,CO2 AFOLU,1234,4.295252996
2020.5,verylow-overshoot,CO2 FFI,1234,35.00829257
2020.5,verylow-overshoot,CO2 AFOLU,1234,4.295252996
2021.5,high-extension,CO2 FFI,1234,36.8171247
2021.5,high-extension,CO2 AFOLU,1234,4.321646427
2021.5,high-overshoot,CO2 FFI,1234,36.8171247
2021.5,high-overshoot,CO2 AFOLU,1234,4.321646427
2021.5,medium-extension,CO2 FFI,1234,36.8171247
2021.5,medium-extension,CO2 AFOLU,1234,4.321646427
2021.5,medium-overshoot,CO2 FFI,1234,36.8171247
2021.5,medium-overshoot,CO2 AFOLU,1234,4.321646427
2021.5,low,CO2 FFI,1234,36.8171247
2021.5,low,CO2 AFOLU,1234,4.321646427
2021.5,verylow,CO2 FFI,1234,36.8171247
2021.5,verylow,CO2 AFOLU,1234,4.321646427
2021.5,verylow-overshoot,CO2 FFI,1234,36.8171247
2021.5,verylow-overshoot,CO2 AFOLU,1234,4.321646427
2022.5,high-extension,CO2 FFI,1234,37.15037226
2022.5,high-extension,CO2 AFOLU,1234,4.310019149
2022.5,high-overshoot,CO2 FFI,1234,37.15037226
2022.5,high-overshoot,CO2 AFOLU,1234,4.310019149
2022.5,medium-extension,CO2 FFI,1234,37.15037226
2022.5,medium-extension,CO2 AFOLU,1234,4.310019149
2022.5,medium-overshoot,CO2 FFI,1234,37.15037226
2022.5,medium-overshoot,CO2 AFOLU,1234,4.310019149
2022.5,low,CO2 FFI,1234,37.15037226
2022.5,low,CO2 AFOLU,1234,4.310019149
2022.5,verylow,CO2 FFI,1234,37.15037226
2022.5,verylow,CO2 AFOLU,1234,4.310019149
2022.5,verylow-overshoot,CO2 FFI,1234,37.15037226
2022.5,verylow-overshoot,CO2 AFOLU,1234,4.310019149
2023.5,high-extension,CO2 FFI,1234,37.15037226
2023.5,high-extension,CO2 AFOLU,1234,4.310019149
2023.5,high-overshoot,CO2 FFI,1234,37.15037226
2023.5,high-overshoot,CO2 AFOLU,1234,4.310019149
2023.5,medium-extension,CO2 FFI,1234,37.15037226
2023.5,medium-extension,CO2 AFOLU,1234,4.310019149
2023.5,medium-overshoot,CO2 FFI,1234,37.15037226
2023.5,medium-overshoot,CO2 AFOLU,1234,4.310019149
2023.5,low,CO2 FFI,1234,37.15037226
2023.5,low,CO2 AFOLU,1234,4.310019149
2023.5,verylow,CO2 FFI,1234,37.15037226
2023.5,verylow,CO2 AFOLU,1234,4.310019149
2023.5,verylow-overshoot,CO2 FFI,1234,37.15037226
2023.5,verylow-overshoot,CO2 AFOLU,1234,4.310019149
2024.5,high-extension,CO2 FFI,1234,37.15037226
2024.5,high-extension,CO2 AFOLU,1234,4.310019149
2024.5,high-overshoot,CO2 FFI,1234,37.15037226
2024.5,high-overshoot,CO2 AFOLU,1234,4.310019149
2024.5,medium-extension,CO2 FFI,1234,37.15037226
2024.5,medium-extension,CO2 AFOLU,1234,4.310019149
2024.5,medium-overshoot,CO2 FFI,1234,37.15037226
2024.5,medium-overshoot,CO2 AFOLU,1234,4.310019149
2024.5,low,CO2 FFI,1234,37.15037226
2024.5,low,CO2 AFOLU,1234,4.310019149
2024.5,verylow,CO2 FFI,1234,37.15037226
2024.5,verylow,CO2 AFOLU,1234,4.310019149
2024.5,verylow-overshoot,CO2 FFI,1234,37.15037226
2024.5,verylow-overshoot,CO2 AFOLU,1234,4.310019149
2025.5,high-extension,CO2 FFI,1234,37.15037226
2025.5,high-extension,CO2 AFOLU,1234,4.310019149
2025.5,high-overshoot,CO2 FFI,1234,37.15037226
2025.5,high-overshoot,CO2 AFOLU,1234,4.310019149
2025.5,medium-extension,CO2 FFI,1234,37.15037226
2025.5,medium-extension,CO2 AFOLU,1234,4.310019149
2025.5,medium-overshoot,CO2 FFI,1234,37.15037226
2025.5,medium-overshoot,CO2 AFOLU,1234,4.310019149
2025.5,low,CO2 FFI,1234,37.15037226
2025.5,low,CO2 AFOLU,1234,4.310019149
2025.5,verylow,CO2 FFI,1234,37.15037226
2025.5,verylow,CO2 AFOLU,1234,4.310019149
2025.5,verylow-overshoot,CO2 FFI,1234,37.15037226
2025.5,verylow-overshoot,CO2 AFOLU,1234,4.310019149
2026.5,high-extension,CO2 FFI,1234,37.46249357612727
2026.5,high-extension,CO2 AFOLU,1234,4.278293862800001
2026.5,high-overshoot,CO2 FFI,1234,37.46249357612727
2026.5,high-overshoot,CO2 AFOLU,1234,4.278293862800001
2026.5,medium-extension,CO2 FFI,1234,37.19017500461818
2026.5,medium-extension,CO2 AFOLU,1234,4.272742968200001
2026.5,medium-overshoot,CO2 FFI,1234,37.19017500461818
2026.5,medium-overshoot,CO2 AFOLU,1234,4.272742968200001
2026.5,low,CO2 FFI,1234,37.14000275203637
2026.5,low,CO2 AFOLU,1234,4.2570854946
2026.5,verylow,CO2 FFI,1234,36.56976515250909
2026.5,verylow,CO2 AFOLU,1234,4.075192069200001
2026.5,verylow-overshoot,CO2 FFI,1234,37.43400195723636
2026.5,verylow-overshoot,CO2 AFOLU,1234,4.075192069200001
2027.5,high-extension,CO2 FFI,1234,37.80619672618182
2027.5,high-extension,CO2 AFOLU,1234,4.2307157074
2027.5,high-overshoot,CO2 FFI,1234,37.80619672618182
2027.5,high-overshoot,CO2 AFOLU,1234,4.2307157074
2027.5,medium-extension,CO2 FFI,1234,37.19454557985454
2027.5,medium-extension,CO2 AFOLU,1234,4.216839045
2027.5,medium-overshoot,CO2 FFI,1234,37.19454557985454
2027.5,medium-overshoot,CO2 AFOLU,1234,4.216839045
2027.5,low,CO2 FFI,1234,37.31486450410909
2027.5,low,CO2 AFOLU,1234,4.1739062262
2027.5,verylow,CO2 FFI,1234,36.11984107752727
2027.5,verylow,CO2 AFOLU,1234,3.7230281886
2027.5,verylow-overshoot,CO2 FFI,1234,37.92589365570909
2027.5,verylow-overshoot,CO2 AFOLU,1234,3.7230281886
2028.5,high-extension,CO2 FFI,1234,38.18148170956364
2028.5,high-extension,CO2 AFOLU,1234,4.1672846834
2028.5,high-overshoot,CO2 FFI,1234,38.18148170956364
2028.5,high-overshoot,CO2 AFOLU,1234,4.1672846834
2028.5,medium-extension,CO2 FFI,1234,37.16348398570909
2028.5,medium-extension,CO2 AFOLU,1234,4.1423073794
2028.5,medium-overshoot,CO2 FFI,1234,37.16348398570909
2028.5,medium-overshoot,CO2 AFOLU,1234,4.1423073794
2028.5,low,CO2 FFI,1234,37.67495751621817
2028.5,low,CO2 AFOLU,1234,4.0604813438
2028.5,verylow,CO2 FFI,1234,35.80060003565454
2028.5,verylow,CO2 AFOLU,1234,3.2535275066000002
2028.5,verylow-overshoot,CO2 FFI,1234,38.62604735601818
2028.5,verylow-overshoot,CO2 AFOLU,1234,3.2535275066000002
2029.5,high-extension,CO2 FFI,1234,38.588426720872725
2029.5,high-extension,CO2 AFOLU,1234,4.0879225962
2029.5,high-overshoot,CO2 FFI,1234,38.588426720872725
2029.5,high-overshoot,CO2 AFOLU,1234,4.0879225962
2029.5,medium-extension,CO2 FFI,1234,37.097073006981816
2029.5,medium-extension,CO2 AFOLU,1234,4.0490651866
2029.5,medium-overshoot,CO2 FFI,1234,37.097073006981816
2029.5,medium-overshoot,CO2 AFOLU,1234,4.0490651866
2029.5,low,CO2 FFI,1234,38.220281788363636
2029.5,low,CO2 AFOLU,1234,3.9168108474
2029.5,verylow,CO2 FFI,1234,35.612655937090906
2029.5,verylow,CO2 AFOLU,1234,2.666076113
2029.5,verylow-overshoot,CO2 FFI,1234,39.53507696836364
2029.5,verylow-overshoot,CO2 AFOLU,1234,2.666076113
2030.5,high-extension,CO2 FFI,1234,39.357233714
2030.5,high-extension,CO2 AFOLU,1234,3.992766286
2030.5,high-overshoot,CO2 FFI,1234,39.357233714
2030.5,high-overshoot,CO2 AFOLU,1234,3.992766286
2030.5,medium-extension,CO2 FFI,1234,37.06274266
2030.5,medium-extension,CO2 AFOLU,1234,3.93725734
2030.5,medium-overshoot,CO2 FFI,1234,37.06274266
2030.5,medium-overshoot,CO2 AFOLU,1234,3.93725734
2030.5,low,CO2 FFI,1234,38.532105263
2030.5,low,CO2 AFOLU,1234,3.742894737
2030.5,verylow,CO2 FFI,1234,34.413251649
2030.5,verylow,CO2 AFOLU,1234,1.961748351
2030.5,verylow-overshoot,CO2 FFI,1234,40.288251649
2030.5,verylow-overshoot,CO2 AFOLU,1234,1.961748351
2031.5,high-extension,CO2 FFI,1234,40.096783316999996
2031.5,high-extension,CO2 AFOLU,1234,3.953216683
2031.5,high-overshoot,CO2 FFI,1234,40.096783316999996
2031.5,high-overshoot,CO2 AFOLU,1234,3.953216683
2031.5,medium-extension,CO2 FFI,1234,37.143209761
2031.5,medium-extension,CO2 AFOLU,1234,3.856790239
2031.5,medium-overshoot,CO2 FFI,1234,37.143209761
2031.5,medium-overshoot,CO2 AFOLU,1234,3.856790239
2031.5,low,CO2 FFI,1234,38.157719298
2031.5,low,CO2 AFOLU,1234,3.667280702
2031.5,verylow,CO2 FFI,1234,32.07542007
2031.5,verylow,CO2 AFOLU,1234,2.04957993
2031.5,verylow-overshoot,CO2 FFI,1234,39.70042007
2031.5,verylow-overshoot,CO2 AFOLU,1234,2.04957993
2032.5,high-extension,CO2 FFI,1234,40.836332919
2032.5,high-extension,CO2 AFOLU,1234,3.913667081
2032.5,high-overshoot,CO2 FFI,1234,40.836332919
2032.5,high-overshoot,CO2 AFOLU,1234,3.913667081
2032.5,medium-extension,CO2 FFI,1234,37.223676861
2032.5,medium-extension,CO2 AFOLU,1234,3.776323139
2032.5,medium-overshoot,CO2 FFI,1234,37.223676861
2032.5,medium-overshoot,CO2 AFOLU,1234,3.776323139
2032.5,low,CO2 FFI,1234,37.783333333
2032.5,low,CO2 AFOLU,1234,3.591666667
2032.5,verylow,CO2 FFI,1234,29.737588492
2032.5,verylow,CO2 AFOLU,1234,2.137411508
2032.5,verylow-overshoot,CO2 FFI,1234,39.112588492
2032.5,verylow-overshoot,CO2 AFOLU,1234,2.137411508
2033.5,high-extension,CO2 FFI,1234,41.575980038000004
2033.5,high-extension,CO2 AFOLU,1234,3.874019962
2033.5,high-overshoot,CO2 FFI,1234,41.575980038000004
2033.5,high-overshoot,CO2 AFOLU,1234,3.874019962
2033.5,medium-extension,CO2 FFI,1234,37.304340313
2033.5,medium-extension,CO2 AFOLU,1234,3.695659687
2033.5,medium-overshoot,CO2 FFI,1234,37.304340313
2033.5,medium-overshoot,CO2 AFOLU,1234,3.695659687
2033.5,low,CO2 FFI,1234,37.408947368
2033.5,low,CO2 AFOLU,1234,3.516052632
2033.5,verylow,CO2 FFI,1234,27.399479991
2033.5,verylow,CO2 AFOLU,1234,2.225520009
2033.5,verylow-overshoot,CO2 FFI,1234,38.524479991
2033.5,verylow-overshoot,CO2 AFOLU,1234,2.225520009
2034.5,high-extension,CO2 FFI,1234,42.31552964
2034.5,high-extension,CO2 AFOLU,1234,3.83447036
2034.5,high-overshoot,CO2 FFI,1234,42.31552964
2034.5,high-overshoot,CO2 AFOLU,1234,3.83447036
2034.5,medium-extension,CO2 FFI,1234,37.384807413
2034.5,medium-extension,CO2 AFOLU,1234,3.615192587
2034.5,medium-overshoot,CO2 FFI,1234,37.384807413
2034.5,medium-overshoot,CO2 AFOLU,1234,3.615192587
2034.5,low,CO2 FFI,1234,37.034561404
2034.5,low,CO2 AFOLU,1234,3.440438596
2034.5,verylow,CO2 FFI,1234,25.061648413
2034.5,verylow,CO2 AFOLU,1234,2.313351587
2034.5,verylow-overshoot,CO2 FFI,1234,37.936648413
2034.5,verylow-overshoot,CO2 AFOLU,1234,2.313351587
2035.5,high-extension,CO2 FFI,1234,43.055079243
2035.5,high-extension,CO2 AFOLU,1234,3.794920757
2035.5,high-overshoot,CO2 FFI,1234,43.055079243
2035.5,high-overshoot,CO2 AFOLU,1234,3.794920757
2035.5,medium-extension,CO2 FFI,1234,37.465274514
2035.5,medium-extension,CO2 AFOLU,1234,3.534725486
2035.5,medium-overshoot,CO2 FFI,1234,37.465274514
2035.5,medium-overshoot,CO2 AFOLU,1234,3.534725486
2035.5,low,CO2 FFI,1234,36.660175439
2035.5,low,CO2 AFOLU,1234,3.364824561
2035.5,verylow,CO2 FFI,1234,22.723816834
2035.5,verylow,CO2 AFOLU,1234,2.401183166
2035.5,verylow-overshoot,CO2 FFI,1234,37.348816834
2035.5,verylow-overshoot,CO2 AFOLU,1234,2.401183166
2036.5,high-extension,CO2 FFI,1234,43.794628845
2036.5,high-extension,CO2 AFOLU,1234,3.755371155
2036.5,high-overshoot,CO2 FFI,1234,43.794628845
2036.5,high-overshoot,CO2 AFOLU,1234,3.755371155
2036.5,medium-extension,CO2 FFI,1234,37.545741614
2036.5,medium-extension,CO2 AFOLU,1234,3.454258386
2036.5,medium-overshoot,CO2 FFI,1234,37.545741614
2036.5,medium-overshoot,CO2 AFOLU,1234,3.454258386
2036.5,low,CO2 FFI,1234,36.285789474000005
2036.5,low,CO2 AFOLU,1234,3.289210526
2036.5,verylow,CO2 FFI,1234,20.385985256
2036.5,verylow,CO2 AFOLU,1234,2.489014744
2036.5,verylow-overshoot,CO2 FFI,1234,36.760985256
2036.5,verylow-overshoot,CO2 AFOLU,1234,2.489014744
2037.5,high-extension,CO2 FFI,1234,44.534275964
2037.5,high-extension,CO2 AFOLU,1234,3.715724036
2037.5,high-overshoot,CO2 FFI,1234,44.534275964
2037.5,high-overshoot,CO2 AFOLU,1234,3.715724036
2037.5,medium-extension,CO2 FFI,1234,37.626405066
2037.5,medium-extension,CO2 AFOLU,1234,3.373594934
2037.5,medium-overshoot,CO2 FFI,1234,37.626405066
2037.5,medium-overshoot,CO2 AFOLU,1234,3.373594934
2037.5,low,CO2 FFI,1234,35.911403509
2037.5,low,CO2 AFOLU,1234,3.213596491
2037.5,verylow,CO2 FFI,1234,18.047876755
2037.5,verylow,CO2 AFOLU,1234,2.577123245
2037.5,verylow-overshoot,CO2 FFI,1234,36.172876755
2037.5,verylow-overshoot,CO2 AFOLU,1234,2.577123245
2038.5,high-extension,CO2 FFI,1234,45.273825567
2038.5,high-extension,CO2 AFOLU,1234,3.676174433
2038.5,high-overshoot,CO2 FFI,1234,45.273825567
2038.5,high-overshoot,CO2 AFOLU,1234,3.676174433
2038.5,medium-extension,CO2 FFI,1234,37.706872166
2038.5,medium-extension,CO2 AFOLU,1234,3.293127834
2038.5,medium-overshoot,CO2 FFI,1234,37.706872166
2038.5,medium-overshoot,CO2 AFOLU,1234,3.293127834
2038.5,low,CO2 FFI,1234,35.537017543999994
2038.5,low,CO2 AFOLU,1234,3.137982456
2038.5,verylow,CO2 FFI,1234,15.710045176
2038.5,verylow,CO2 AFOLU,1234,2.664954824
2038.5,verylow-overshoot,CO2 FFI,1234,35.585045176
2038.5,verylow-overshoot,CO2 AFOLU,1234,2.664954824
2039.5,high-extension,CO2 FFI,1234,46.013375169
2039.5,high-extension,CO2 AFOLU,1234,3.636624831
2039.5,high-overshoot,CO2 FFI,1234,46.013375169
2039.5,high-overshoot,CO2 AFOLU,1234,3.636624831
2039.5,medium-extension,CO2 FFI,1234,37.787339267
2039.5,medium-extension,CO2 AFOLU,1234,3.212660733
2039.5,medium-overshoot,CO2 FFI,1234,37.787339267
2039.5,medium-overshoot,CO2 AFOLU,1234,3.212660733
2039.5,low,CO2 FFI,1234,35.162631579
2039.5,low,CO2 AFOLU,1234,3.062368421
2039.5,verylow,CO2 FFI,1234,13.372213598
2039.5,verylow,CO2 AFOLU,1234,2.752786402
2039.5,verylow-overshoot,CO2 FFI,1234,34.997213598
2039.5,verylow-overshoot,CO2 AFOLU,1234,2.752786402
2040.5,high-extension,CO2 FFI,1234,46.777924771
2040.5,high-extension,CO2 AFOLU,1234,3.597075229
2040.5,high-overshoot,CO2 FFI,1234,46.777924771
2040.5,high-overshoot,CO2 AFOLU,1234,3.597075229
2040.5,medium-extension,CO2 FFI,1234,37.867806367
2040.5,medium-extension,CO2 AFOLU,1234,3.132193633
2040.5,medium-overshoot,CO2 FFI,1234,37.717806367
2040.5,medium-overshoot,CO2 AFOLU,1234,3.132193633
2040.5,low,CO2 FFI,1234,34.213245614
2040.5,low,CO2 AFOLU,1234,2.986754386
2040.5,verylow,CO2 FFI,1234,11.50938202
2040.5,verylow,CO2 AFOLU,1234,2.84061798
2040.5,verylow-overshoot,CO2 FFI,1234,33.08438202
2040.5,verylow-overshoot,CO2 AFOLU,1234,2.84061798
2041.5,high-extension,CO2 FFI,1234,47.559211217
2041.5,high-extension,CO2 AFOLU,1234,3.565788783
2041.5,high-overshoot,CO2 FFI,1234,47.559211217
2041.5,high-overshoot,CO2 AFOLU,1234,3.565788783
2041.5,medium-extension,CO2 FFI,1234,38.043263507
2041.5,medium-extension,CO2 AFOLU,1234,2.956736493
2041.5,medium-overshoot,CO2 FFI,1234,37.593263506999996
2041.5,medium-overshoot,CO2 AFOLU,1234,2.956736493
2041.5,low,CO2 FFI,1234,32.688859649
2041.5,low,CO2 AFOLU,1234,2.911140351
2041.5,verylow,CO2 FFI,1234,10.442922153000001
2041.5,verylow,CO2 AFOLU,1234,2.607077847
2041.5,verylow-overshoot,CO2 FFI,1234,30.167922153
2041.5,verylow-overshoot,CO2 AFOLU,1234,2.607077847
2042.5,high-extension,CO2 FFI,1234,48.340422989
2042.5,high-extension,CO2 AFOLU,1234,3.534577011
2042.5,high-overshoot,CO2 FFI,1234,48.340422989
2042.5,high-overshoot,CO2 AFOLU,1234,3.534577011
2042.5,medium-extension,CO2 FFI,1234,38.218265297
2042.5,medium-extension,CO2 AFOLU,1234,2.781734703
2042.5,medium-overshoot,CO2 FFI,1234,37.468265297
2042.5,medium-overshoot,CO2 AFOLU,1234,2.781734703
2042.5,low,CO2 FFI,1234,31.164473684
2042.5,low,CO2 AFOLU,1234,2.835526316
2042.5,verylow,CO2 FFI,1234,9.375860387
2042.5,verylow,CO2 AFOLU,1234,2.374139613
2042.5,verylow-overshoot,CO2 FFI,1234,27.250860387
2042.5,verylow-overshoot,CO2 AFOLU,1234,2.374139613
2043.5,high-extension,CO2 FFI,1234,49.121634761
2043.5,high-extension,CO2 AFOLU,1234,3.503365239
2043.5,high-overshoot,CO2 FFI,1234,49.121634761
2043.5,high-overshoot,CO2 AFOLU,1234,3.503365239
2043.5,medium-extension,CO2 FFI,1234,38.393267087
2043.5,medium-extension,CO2 AFOLU,1234,2.606732913
2043.5,medium-overshoot,CO2 FFI,1234,37.343267087
2043.5,medium-overshoot,CO2 AFOLU,1234,2.606732913
2043.5,low,CO2 FFI,1234,29.640087719
2043.5,low,CO2 AFOLU,1234,2.759912281
2043.5,verylow,CO2 FFI,1234,8.308798622
2043.5,verylow,CO2 AFOLU,1234,2.141201378
2043.5,verylow-overshoot,CO2 FFI,1234,24.333798622000003
2043.5,verylow-overshoot,CO2 AFOLU,1234,2.141201378
2044.5,high-extension,CO2 FFI,1234,49.902846533
2044.5,high-extension,CO2 AFOLU,1234,3.472153467
2044.5,high-overshoot,CO2 FFI,1234,49.902846533
2044.5,high-overshoot,CO2 AFOLU,1234,3.472153467
2044.5,medium-extension,CO2 FFI,1234,38.568268877
2044.5,medium-extension,CO2 AFOLU,1234,2.431731123
2044.5,medium-overshoot,CO2 FFI,1234,37.218268877
2044.5,medium-overshoot,CO2 AFOLU,1234,2.431731123
2044.5,low,CO2 FFI,1234,28.115701754
2044.5,low,CO2 AFOLU,1234,2.684298246
2044.5,verylow,CO2 FFI,1234,7.241736856
2044.5,verylow,CO2 AFOLU,1234,1.908263144
2044.5,verylow-overshoot,CO2 FFI,1234,21.416736856
2044.5,verylow-overshoot,CO2 AFOLU,1234,1.908263144
2045.5,high-extension,CO2 FFI,1234,50.684132978
2045.5,high-extension,CO2 AFOLU,1234,3.440867022
2045.5,high-overshoot,CO2 FFI,1234,50.684132978
2045.5,high-overshoot,CO2 AFOLU,1234,3.440867022
2045.5,medium-extension,CO2 FFI,1234,38.743726017
2045.5,medium-extension,CO2 AFOLU,1234,2.256273983
2045.5,medium-overshoot,CO2 FFI,1234,37.093726017
2045.5,medium-overshoot,CO2 AFOLU,1234,2.256273983
2045.5,low,CO2 FFI,1234,26.591315789
2045.5,low,CO2 AFOLU,1234,2.608684211
2045.5,verylow,CO2 FFI,1234,6.1752769899999995
2045.5,verylow,CO2 AFOLU,1234,1.67472301
2045.5,verylow-overshoot,CO2 FFI,1234,18.50027699
2045.5,verylow-overshoot,CO2 AFOLU,1234,1.67472301
2046.5,high-extension,CO2 FFI,1234,51.46534475
2046.5,high-extension,CO2 AFOLU,1234,3.40965525
2046.5,high-overshoot,CO2 FFI,1234,51.46534475
2046.5,high-overshoot,CO2 AFOLU,1234,3.40965525
2046.5,medium-extension,CO2 FFI,1234,38.918727806999996
2046.5,medium-extension,CO2 AFOLU,1234,2.081272193
2046.5,medium-overshoot,CO2 FFI,1234,36.96872780699999
2046.5,medium-overshoot,CO2 AFOLU,1234,2.081272193
2046.5,low,CO2 FFI,1234,25.066929825
2046.5,low,CO2 AFOLU,1234,2.533070175
2046.5,verylow,CO2 FFI,1234,5.108215224
2046.5,verylow,CO2 AFOLU,1234,1.441784776
2046.5,verylow-overshoot,CO2 FFI,1234,15.583215224000002
2046.5,verylow-overshoot,CO2 AFOLU,1234,1.441784776
2047.5,high-extension,CO2 FFI,1234,52.246556522
2047.5,high-extension,CO2 AFOLU,1234,3.378443478
2047.5,high-overshoot,CO2 FFI,1234,52.246556522
2047.5,high-overshoot,CO2 AFOLU,1234,3.378443478
2047.5,medium-extension,CO2 FFI,1234,39.093729597
2047.5,medium-extension,CO2 AFOLU,1234,1.906270403
2047.5,medium-overshoot,CO2 FFI,1234,36.843729597
2047.5,medium-overshoot,CO2 AFOLU,1234,1.906270403
2047.5,low,CO2 FFI,1234,23.54254386
2047.5,low,CO2 AFOLU,1234,2.45745614
2047.5,verylow,CO2 FFI,1234,4.041153459
2047.5,verylow,CO2 AFOLU,1234,1.208846541
2047.5,verylow-overshoot,CO2 FFI,1234,12.666153459
2047.5,verylow-overshoot,CO2 AFOLU,1234,1.208846541
2048.5,high-extension,CO2 FFI,1234,53.027768294
2048.5,high-extension,CO2 AFOLU,1234,3.347231706
2048.5,high-overshoot,CO2 FFI,1234,53.027768294
2048.5,high-overshoot,CO2 AFOLU,1234,3.347231706
2048.5,medium-extension,CO2 FFI,1234,39.268731387
2048.5,medium-extension,CO2 AFOLU,1234,1.731268613
2048.5,medium-overshoot,CO2 FFI,1234,36.718731387000005
2048.5,medium-overshoot,CO2 AFOLU,1234,1.731268613
2048.5,low,CO2 FFI,1234,22.018157894999998
2048.5,low,CO2 AFOLU,1234,2.381842105
2048.5,verylow,CO2 FFI,1234,2.9740916929999996
2048.5,verylow,CO2 AFOLU,1234,0.975908307
2048.5,verylow-overshoot,CO2 FFI,1234,9.749091693000002
2048.5,verylow-overshoot,CO2 AFOLU,1234,0.975908307
2049.5,high-extension,CO2 FFI,1234,53.809054739
2049.5,high-extension,CO2 AFOLU,1234,3.315945261
2049.5,high-overshoot,CO2 FFI,1234,53.809054739
2049.5,high-overshoot,CO2 AFOLU,1234,3.315945261
2049.5,medium-extension,CO2 FFI,1234,39.444188527
2049.5,medium-extension,CO2 AFOLU,1234,1.555811473
2049.5,medium-overshoot,CO2 FFI,1234,36.594188527
2049.5,medium-overshoot,CO2 AFOLU,1234,1.555811473
2049.5,low,CO2 FFI,1234,20.49377193
2049.5,low,CO2 AFOLU,1234,2.30622807
2049.5,verylow,CO2 FFI,1234,1.9076318259999994
2049.5,verylow,CO2 AFOLU,1234,0.742368174
2049.5,verylow-overshoot,CO2 FFI,1234,6.832631826000001
2049.5,verylow-overshoot,CO2 AFOLU,1234,0.742368174
2050.5,high-extension,CO2 FFI,1234,54.425266511000004
2050.5,high-extension,CO2 AFOLU,1234,3.284733489
2050.5,high-overshoot,CO2 FFI,1234,54.425266511000004
2050.5,high-overshoot,CO2 AFOLU,1234,3.284733489
2050.5,medium-extension,CO2 FFI,1234,39.619190317
2050.5,medium-extension,CO2 AFOLU,1234,1.380809683
2050.5,medium-overshoot,CO2 FFI,1234,36.319190317
2050.5,medium-overshoot,CO2 AFOLU,1234,1.380809683
2050.5,low,CO2 FFI,1234,19.38605263166667
2050.5,low,CO2 AFOLU,1234,2.230614035
2050.5,verylow,CO2 FFI,1234,1.2405700610000001
2050.5,verylow,CO2 AFOLU,1234,0.509429939
2050.5,verylow-overshoot,CO2 FFI,1234,5.023903394333333
2050.5,verylow-overshoot,CO2 AFOLU,1234,0.509429939
2051.5,high-extension,CO2 FFI,1234,54.823694523
2051.5,high-extension,CO2 AFOLU,1234,3.306305477
2051.5,high-overshoot,CO2 FFI,1234,54.823694523
2051.5,high-overshoot,CO2 AFOLU,1234,3.306305477
2051.5,medium-extension,CO2 FFI,1234,39.831960714
2051.5,medium-extension,CO2 AFOLU,1234,1.168039286
2051.5,medium-overshoot,CO2 FFI,1234,35.931960714
2051.5,medium-overshoot,CO2 AFOLU,1234,1.168039286
2051.5,low,CO2 FFI,1234,18.695
2051.5,low,CO2 AFOLU,1234,2.155
2051.5,verylow,CO2 FFI,1234,0.821320989
2051.5,verylow,CO2 AFOLU,1234,0.428679011
2051.5,verylow-overshoot,CO2 FFI,1234,4.171320989
2051.5,verylow-overshoot,CO2 AFOLU,1234,0.428679011
2052.5,high-extension,CO2 FFI,1234,55.222122535
2052.5,high-extension,CO2 AFOLU,1234,3.327877465
2052.5,high-overshoot,CO2 FFI,1234,55.222122535
2052.5,high-overshoot,CO2 AFOLU,1234,3.327877465
2052.5,medium-extension,CO2 FFI,1234,40.04473111
2052.5,medium-extension,CO2 AFOLU,1234,0.95526889
2052.5,medium-overshoot,CO2 FFI,1234,35.54473111
2052.5,medium-overshoot,CO2 AFOLU,1234,0.95526889
2052.5,low,CO2 FFI,1234,18.003947368333332
2052.5,low,CO2 AFOLU,1234,2.079385965
2052.5,verylow,CO2 FFI,1234,0.402071917
2052.5,verylow,CO2 AFOLU,1234,0.347928083
2052.5,verylow-overshoot,CO2 FFI,1234,3.3187385836666667
2052.5,verylow-overshoot,CO2 AFOLU,1234,0.347928083
2053.5,high-extension,CO2 FFI,1234,55.620480606
2053.5,high-extension,CO2 AFOLU,1234,3.349519394
2053.5,high-overshoot,CO2 FFI,1234,55.620480606
2053.5,high-overshoot,CO2 AFOLU,1234,3.349519394
2053.5,medium-extension,CO2 FFI,1234,40.258060333
2053.5,medium-extension,CO2 AFOLU,1234,0.741939667
2053.5,medium-overshoot,CO2 FFI,1234,35.158060333
2053.5,medium-overshoot,CO2 AFOLU,1234,0.741939667
2053.5,low,CO2 FFI,1234,17.312894736666667
2053.5,low,CO2 AFOLU,1234,2.00377193
2053.5,verylow,CO2 FFI,1234,-0.01699220800000001
2053.5,verylow,CO2 AFOLU,1234,0.266992208
2053.5,verylow-overshoot,CO2 FFI,1234,2.4663411253333334
2053.5,verylow-overshoot,CO2 AFOLU,1234,0.266992208
2054.5,high-extension,CO2 FFI,1234,56.018908618
2054.5,high-extension,CO2 AFOLU,1234,3.371091382
2054.5,high-overshoot,CO2 FFI,1234,56.018908618
2054.5,high-overshoot,CO2 AFOLU,1234,3.371091382
2054.5,medium-extension,CO2 FFI,1234,40.47083073
2054.5,medium-extension,CO2 AFOLU,1234,0.52916927
2054.5,medium-overshoot,CO2 FFI,1234,34.77083073
2054.5,medium-overshoot,CO2 AFOLU,1234,0.52916927
2054.5,low,CO2 FFI,1234,16.621842105
2054.5,low,CO2 AFOLU,1234,1.928157895
2054.5,verylow,CO2 FFI,1234,-0.43624128
2054.5,verylow,CO2 AFOLU,1234,0.18624128
2054.5,verylow-overshoot,CO2 FFI,1234,1.6137587199999999
2054.5,verylow-overshoot,CO2 AFOLU,1234,0.18624128
2055.5,high-extension,CO2 FFI,1234,56.417336629000005
2055.5,high-extension,CO2 AFOLU,1234,3.392663371
2055.5,high-overshoot,CO2 FFI,1234,56.417336629000005
2055.5,high-overshoot,CO2 AFOLU,1234,3.392663371
2055.5,medium-extension,CO2 FFI,1234,40.683601126
2055.5,medium-extension,CO2 AFOLU,1234,0.316398874
2055.5,medium-overshoot,CO2 FFI,1234,34.383601126
2055.5,medium-overshoot,CO2 AFOLU,1234,0.316398874
2055.5,low,CO2 FFI,1234,15.93078947333333
2055.5,low,CO2 AFOLU,1234,1.85254386
2055.5,verylow,CO2 FFI,1234,-0.855490352
2055.5,verylow,CO2 AFOLU,1234,0.105490352
2055.5,verylow-overshoot,CO2 FFI,1234,0.7611763146666666
2055.5,verylow-overshoot,CO2 AFOLU,1234,0.105490352
2056.5,high-extension,CO2 FFI,1234,56.815764640999994
2056.5,high-extension,CO2 AFOLU,1234,3.414235359
2056.5,high-overshoot,CO2 FFI,1234,56.815764640999994
2056.5,high-overshoot,CO2 AFOLU,1234,3.414235359
2056.5,medium-extension,CO2 FFI,1234,40.896371523
2056.5,medium-extension,CO2 AFOLU,1234,0.103628477
2056.5,medium-overshoot,CO2 FFI,1234,33.996371523
2056.5,medium-overshoot,CO2 AFOLU,1234,0.103628477
2056.5,low,CO2 FFI,1234,15.239736841666666
2056.5,low,CO2 AFOLU,1234,1.776929825
2056.5,verylow,CO2 FFI,1234,-1.274739424
2056.5,verylow,CO2 AFOLU,1234,0.024739424
2056.5,verylow-overshoot,CO2 FFI,1234,-0.09140609066666676
2056.5,verylow-overshoot,CO2 AFOLU,1234,0.024739424
2057.5,high-extension,CO2 FFI,1234,57.214122713
2057.5,high-extension,CO2 AFOLU,1234,3.435877287
2057.5,high-overshoot,CO2 FFI,1234,57.214122713
2057.5,high-overshoot,CO2 AFOLU,1234,3.435877287
2057.5,medium-extension,CO2 FFI,1234,41.109700746
2057.5,medium-extension,CO2 AFOLU,1234,-0.109700746
2057.5,medium-overshoot,CO2 FFI,1234,33.609700746
2057.5,medium-overshoot,CO2 AFOLU,1234,-0.109700746
2057.5,low,CO2 FFI,1234,14.548684211
2057.5,low,CO2 AFOLU,1234,1.701315789
2057.5,verylow,CO2 FFI,1234,-1.693803549
2057.5,verylow,CO2 AFOLU,1234,-0.056196451
2057.5,verylow-overshoot,CO2 FFI,1234,-0.943803549
2057.5,verylow-overshoot,CO2 AFOLU,1234,-0.056196451
2058.5,high-extension,CO2 FFI,1234,57.612550724
2058.5,high-extension,CO2 AFOLU,1234,3.457449276
2058.5,high-overshoot,CO2 FFI,1234,57.612550724
2058.5,high-overshoot,CO2 AFOLU,1234,3.457449276
2058.5,medium-extension,CO2 FFI,1234,41.322471142
2058.5,medium-extension,CO2 AFOLU,1234,-0.322471142
2058.5,medium-overshoot,CO2 FFI,1234,33.222471141999996
2058.5,medium-overshoot,CO2 AFOLU,1234,-0.322471142
2058.5,low,CO2 FFI,1234,13.857631579333333
2058.5,low,CO2 AFOLU,1234,1.625701754
2058.5,verylow,CO2 FFI,1234,-2.113052621
2058.5,verylow,CO2 AFOLU,1234,-0.136947379
2058.5,verylow-overshoot,CO2 FFI,1234,-1.7963859543333336
2058.5,verylow-overshoot,CO2 AFOLU,1234,-0.136947379
2059.5,high-extension,CO2 FFI,1234,58.010978736
2059.5,high-extension,CO2 AFOLU,1234,3.479021264
2059.5,high-overshoot,CO2 FFI,1234,58.010978736
2059.5,high-overshoot,CO2 AFOLU,1234,3.479021264
2059.5,medium-extension,CO2 FFI,1234,41.535241539
2059.5,medium-extension,CO2 AFOLU,1234,-0.535241539
2059.5,medium-overshoot,CO2 FFI,1234,32.835241538999995
2059.5,medium-overshoot,CO2 AFOLU,1234,-0.535241539
2059.5,low,CO2 FFI,1234,13.166578947666666
2059.5,low,CO2 AFOLU,1234,1.550087719
2059.5,verylow,CO2 FFI,1234,-2.532301693
2059.5,verylow,CO2 AFOLU,1234,-0.217698307
2059.5,verylow-overshoot,CO2 FFI,1234,-2.6489683596666667
2059.5,verylow-overshoot,CO2 AFOLU,1234,-0.217698307
2060.5,high-extension,CO2 FFI,1234,58.409406747999995
2060.5,high-extension,CO2 AFOLU,1234,3.500593252
2060.5,high-overshoot,CO2 FFI,1234,58.409406747999995
2060.5,high-overshoot,CO2 AFOLU,1234,3.500593252
2060.5,medium-extension,CO2 FFI,1234,41.748011936
2060.5,medium-extension,CO2 AFOLU,1234,-0.748011936
2060.5,medium-overshoot,CO2 FFI,1234,32.348011936
2060.5,medium-overshoot,CO2 AFOLU,1234,-0.748011936
2060.5,low,CO2 FFI,1234,12.475526316
2060.5,low,CO2 AFOLU,1234,1.474473684
2060.5,verylow,CO2 FFI,1234,-2.776550765
2060.5,verylow,CO2 AFOLU,1234,-0.298449235
2060.5,verylow-overshoot,CO2 FFI,1234,-3.501550765
2060.5,verylow-overshoot,CO2 AFOLU,1234,-0.298449235
2061.5,high-extension,CO2 FFI,1234,58.842984502
2061.5,high-extension,CO2 AFOLU,1234,3.487015498
2061.5,high-overshoot,CO2 FFI,1234,58.842984502
2061.5,high-overshoot,CO2 AFOLU,1234,3.487015498
2061.5,medium-extension,CO2 FFI,1234,41.82406681
2061.5,medium-extension,CO2 AFOLU,1234,-0.82406681
2061.5,medium-overshoot,CO2 FFI,1234,31.624066810000002
2061.5,medium-overshoot,CO2 AFOLU,1234,-0.82406681
2061.5,low,CO2 FFI,1234,11.784473684333333
2061.5,low,CO2 AFOLU,1234,1.398859649
2061.5,verylow,CO2 FFI,1234,-2.879063748
2061.5,verylow,CO2 AFOLU,1234,-0.345936252
2061.5,verylow-overshoot,CO2 FFI,1234,-4.387397081333333
2061.5,verylow-overshoot,CO2 AFOLU,1234,-0.345936252
2062.5,high-extension,CO2 FFI,1234,59.276535969
2062.5,high-extension,CO2 AFOLU,1234,3.473464031
2062.5,high-overshoot,CO2 FFI,1234,59.276535969
2062.5,high-overshoot,CO2 AFOLU,1234,3.473464031
2062.5,medium-extension,CO2 FFI,1234,41.899937924
2062.5,medium-extension,CO2 AFOLU,1234,-0.899937924
2062.5,medium-overshoot,CO2 FFI,1234,30.899937924
2062.5,medium-overshoot,CO2 AFOLU,1234,-0.899937924
2062.5,low,CO2 FFI,1234,11.093421052666667
2062.5,low,CO2 AFOLU,1234,1.323245614
2062.5,verylow,CO2 FFI,1234,-2.981670288
2062.5,verylow,CO2 AFOLU,1234,-0.393329712
2062.5,verylow-overshoot,CO2 FFI,1234,-5.273336954666667
2062.5,verylow-overshoot,CO2 AFOLU,1234,-0.393329712
2063.5,high-extension,CO2 FFI,1234,59.710087435
2063.5,high-extension,CO2 AFOLU,1234,3.459912565
2063.5,high-overshoot,CO2 FFI,1234,59.710087435
2063.5,high-overshoot,CO2 AFOLU,1234,3.459912565
2063.5,medium-extension,CO2 FFI,1234,41.975809039
2063.5,medium-extension,CO2 AFOLU,1234,-0.975809039
2063.5,medium-overshoot,CO2 FFI,1234,30.175809039
2063.5,medium-overshoot,CO2 AFOLU,1234,-0.975809039
2063.5,low,CO2 FFI,1234,10.402368420999998
2063.5,low,CO2 AFOLU,1234,1.247631579
2063.5,verylow,CO2 FFI,1234,-3.084276828
2063.5,verylow,CO2 AFOLU,1234,-0.440723172
2063.5,verylow-overshoot,CO2 FFI,1234,-6.159276828
2063.5,verylow-overshoot,CO2 AFOLU,1234,-0.440723172
2064.5,high-extension,CO2 FFI,1234,60.143638900999996
2064.5,high-extension,CO2 AFOLU,1234,3.446361099
2064.5,high-overshoot,CO2 FFI,1234,60.143638900999996
2064.5,high-overshoot,CO2 AFOLU,1234,3.446361099
2064.5,medium-extension,CO2 FFI,1234,42.051680154
2064.5,medium-extension,CO2 AFOLU,1234,-1.051680154
2064.5,medium-overshoot,CO2 FFI,1234,29.451680153999998
2064.5,medium-overshoot,CO2 AFOLU,1234,-1.051680154
2064.5,low,CO2 FFI,1234,9.711315789333334
2064.5,low,CO2 AFOLU,1234,1.172017544
2064.5,verylow,CO2 FFI,1234,-3.1868833679999997
2064.5,verylow,CO2 AFOLU,1234,-0.488116632
2064.5,verylow-overshoot,CO2 FFI,1234,-7.0452167013333336
2064.5,verylow-overshoot,CO2 AFOLU,1234,-0.488116632
2065.5,high-extension,CO2 FFI,1234,60.577216656000004
2065.5,high-extension,CO2 AFOLU,1234,3.432783344
2065.5,high-overshoot,CO2 FFI,1234,60.577216656000004
2065.5,high-overshoot,CO2 AFOLU,1234,3.432783344
2065.5,medium-extension,CO2 FFI,1234,42.127735028000004
2065.5,medium-extension,CO2 AFOLU,1234,-1.127735028
2065.5,medium-overshoot,CO2 FFI,1234,28.727735028
2065.5,medium-overshoot,CO2 AFOLU,1234,-1.127735028
2065.5,low,CO2 FFI,1234,9.020263157666665
2065.5,low,CO2 AFOLU,1234,1.096403509
2065.5,verylow,CO2 FFI,1234,-3.289396351
2065.5,verylow,CO2 AFOLU,1234,-0.535603649
2065.5,verylow-overshoot,CO2 FFI,1234,-7.692967779571427
2065.5,verylow-overshoot,CO2 AFOLU,1234,-0.535603649
2066.5,high-extension,CO2 FFI,1234,61.01076812200001
2066.5,high-extension,CO2 AFOLU,1234,3.419231878
2066.5,high-overshoot,CO2 FFI,1234,61.01076812200001
2066.5,high-overshoot,CO2 AFOLU,1234,3.419231878
2066.5,medium-extension,CO2 FFI,1234,42.203606143
2066.5,medium-extension,CO2 AFOLU,1234,-1.203606143
2066.5,medium-overshoot,CO2 FFI,1234,28.003606143
2066.5,medium-overshoot,CO2 AFOLU,1234,-1.203606143
2066.5,low,CO2 FFI,1234,8.329210525999999
2066.5,low,CO2 AFOLU,1234,1.020789474
2066.5,verylow,CO2 FFI,1234,-3.39200289
2066.5,verylow,CO2 AFOLU,1234,-0.58299711
2066.5,verylow-overshoot,CO2 FFI,1234,-8.102717175714286
2066.5,verylow-overshoot,CO2 AFOLU,1234,-0.58299711
2067.5,high-extension,CO2 FFI,1234,61.44431958799999
2067.5,high-extension,CO2 AFOLU,1234,3.405680412
2067.5,high-overshoot,CO2 FFI,1234,61.44431958799999
2067.5,high-overshoot,CO2 AFOLU,1234,3.405680412
2067.5,medium-extension,CO2 FFI,1234,42.279477256999996
2067.5,medium-extension,CO2 AFOLU,1234,-1.279477257
2067.5,medium-overshoot,CO2 FFI,1234,27.279477257
2067.5,medium-overshoot,CO2 AFOLU,1234,-1.279477257
2067.5,low,CO2 FFI,1234,7.638157894333332
2067.5,low,CO2 AFOLU,1234,0.945175439
2067.5,verylow,CO2 FFI,1234,-3.49460943
2067.5,verylow,CO2 AFOLU,1234,-0.63039057
2067.5,verylow-overshoot,CO2 FFI,1234,-8.512466572857143
2067.5,verylow-overshoot,CO2 AFOLU,1234,-0.63039057
2068.5,high-extension,CO2 FFI,1234,61.877871053999996
2068.5,high-extension,CO2 AFOLU,1234,3.392128946
2068.5,high-overshoot,CO2 FFI,1234,61.877871053999996
2068.5,high-overshoot,CO2 AFOLU,1234,3.392128946
2068.5,medium-extension,CO2 FFI,1234,42.355348372
2068.5,medium-extension,CO2 AFOLU,1234,-1.355348372
2068.5,medium-overshoot,CO2 FFI,1234,26.555348371999997
2068.5,medium-overshoot,CO2 AFOLU,1234,-1.355348372
2068.5,low,CO2 FFI,1234,6.947105262666666
2068.5,low,CO2 AFOLU,1234,0.869561404
2068.5,verylow,CO2 FFI,1234,-3.5972159700000006
2068.5,verylow,CO2 AFOLU,1234,-0.67778403
2068.5,verylow-overshoot,CO2 FFI,1234,-8.92221597
2068.5,verylow-overshoot,CO2 AFOLU,1234,-0.67778403
2069.5,high-extension,CO2 FFI,1234,62.311448809
2069.5,high-extension,CO2 AFOLU,1234,3.378551191
2069.5,high-overshoot,CO2 FFI,1234,62.311448809
2069.5,high-overshoot,CO2 AFOLU,1234,3.378551191
2069.5,medium-extension,CO2 FFI,1234,42.431403246
2069.5,medium-extension,CO2 AFOLU,1234,-1.431403246
2069.5,medium-overshoot,CO2 FFI,1234,25.831403245999997
2069.5,medium-overshoot,CO2 AFOLU,1234,-1.431403246
2069.5,low,CO2 FFI,1234,6.256052631999999
2069.5,low,CO2 AFOLU,1234,0.793947368
2069.5,verylow,CO2 FFI,1234,-3.6997289529999997
2069.5,verylow,CO2 AFOLU,1234,-0.725271047
2069.5,verylow-overshoot,CO2 FFI,1234,-9.331871810142857
2069.5,verylow-overshoot,CO2 AFOLU,1234,-0.725271047
2070.5,high-extension,CO2 FFI,1234,62.745000276
2070.5,high-extension,CO2 AFOLU,1234,3.364999724
2070.5,high-overshoot,CO2 FFI,1234,62.745000276
2070.5,high-overshoot,CO2 AFOLU,1234,3.364999724
2070.5,medium-extension,CO2 FFI,1234,42.507274361
2070.5,medium-extension,CO2 AFOLU,1234,-1.507274361
2070.5,medium-overshoot,CO2 FFI,1234,25.107274360999998
2070.5,medium-overshoot,CO2 AFOLU,1234,-1.507274361
2070.5,low,CO2 FFI,1234,5.565000000333332
2070.5,low,CO2 AFOLU,1234,0.718333333
2070.5,verylow,CO2 FFI,1234,-3.7523354930000004
2070.5,verylow,CO2 AFOLU,1234,-0.772664507
2070.5,verylow-overshoot,CO2 FFI,1234,-9.741621207285714
2070.5,verylow-overshoot,CO2 AFOLU,1234,-0.772664507
2071.5,high-extension,CO2 FFI,1234,63.189465975000005
2071.5,high-extension,CO2 AFOLU,1234,3.340534025
2071.5,high-overshoot,CO2 FFI,1234,63.189465975000005
2071.5,high-overshoot,CO2 AFOLU,1234,3.340534025
2071.5,medium-extension,CO2 FFI,1234,42.634623970999996
2071.5,medium-extension,CO2 AFOLU,1234,-1.634623971
2071.5,medium-overshoot,CO2 FFI,1234,24.434623971
2071.5,medium-overshoot,CO2 AFOLU,1234,-1.634623971
2071.5,low,CO2 FFI,1234,4.8739473686666654
2071.5,low,CO2 AFOLU,1234,0.642719298
2071.5,verylow,CO2 FFI,1234,-3.7601360680000004
2071.5,verylow,CO2 AFOLU,1234,-0.814863932
2071.5,verylow-overshoot,CO2 FFI,1234,-10.156564639428572
2071.5,verylow-overshoot,CO2 AFOLU,1234,-0.814863932
2072.5,high-extension,CO2 FFI,1234,63.633931675
2072.5,high-extension,CO2 AFOLU,1234,3.316068325
2072.5,high-overshoot,CO2 FFI,1234,63.633931675
2072.5,high-overshoot,CO2 AFOLU,1234,3.316068325
2072.5,medium-extension,CO2 FFI,1234,42.76197358
2072.5,medium-extension,CO2 AFOLU,1234,-1.76197358
2072.5,medium-overshoot,CO2 FFI,1234,23.76197358
2072.5,medium-overshoot,CO2 AFOLU,1234,-1.76197358
2072.5,low,CO2 FFI,1234,4.182894736999999
2072.5,low,CO2 AFOLU,1234,0.567105263
2072.5,verylow,CO2 FFI,1234,-3.7679366439999997
2072.5,verylow,CO2 AFOLU,1234,-0.857063356
2072.5,verylow-overshoot,CO2 FFI,1234,-10.57150807257143
2072.5,verylow-overshoot,CO2 AFOLU,1234,-0.857063356
2073.5,high-extension,CO2 FFI,1234,64.078453565
2073.5,high-extension,CO2 AFOLU,1234,3.291546435
2073.5,high-overshoot,CO2 FFI,1234,64.078453565
2073.5,high-overshoot,CO2 AFOLU,1234,3.291546435
2073.5,medium-extension,CO2 FFI,1234,42.889647987000004
2073.5,medium-extension,CO2 AFOLU,1234,-1.889647987
2073.5,medium-overshoot,CO2 FFI,1234,23.089647987
2073.5,medium-overshoot,CO2 AFOLU,1234,-1.889647987
2073.5,low,CO2 FFI,1234,3.491842105333332
2073.5,low,CO2 AFOLU,1234,0.491491228
2073.5,verylow,CO2 FFI,1234,-3.775657893
2073.5,verylow,CO2 AFOLU,1234,-0.899342107
2073.5,verylow-overshoot,CO2 FFI,1234,-10.986372178714285
2073.5,verylow-overshoot,CO2 AFOLU,1234,-0.899342107
2074.5,high-extension,CO2 FFI,1234,64.52291926500001
2074.5,high-extension,CO2 AFOLU,1234,3.267080735
2074.5,high-overshoot,CO2 FFI,1234,64.52291926500001
2074.5,high-overshoot,CO2 AFOLU,1234,3.267080735
2074.5,medium-extension,CO2 FFI,1234,43.016997596
2074.5,medium-extension,CO2 AFOLU,1234,-2.016997596
2074.5,medium-overshoot,CO2 FFI,1234,22.416997595999998
2074.5,medium-overshoot,CO2 AFOLU,1234,-2.016997596
2074.5,low,CO2 FFI,1234,2.8007894736666654
2074.5,low,CO2 AFOLU,1234,0.415877193
2074.5,verylow,CO2 FFI,1234,-3.7834584689999997
2074.5,verylow,CO2 AFOLU,1234,-0.941541531
2074.5,verylow-overshoot,CO2 FFI,1234,-11.401315611857143
2074.5,verylow-overshoot,CO2 AFOLU,1234,-0.941541531
2075.5,high-extension,CO2 FFI,1234,64.877384964
2075.5,high-extension,CO2 AFOLU,1234,3.242615036
2075.5,high-overshoot,CO2 FFI,1234,64.877384964
2075.5,high-overshoot,CO2 AFOLU,1234,3.242615036
2075.5,medium-extension,CO2 FFI,1234,43.144347206
2075.5,medium-extension,CO2 AFOLU,1234,-2.144347206
2075.5,medium-overshoot,CO2 FFI,1234,21.744347205999997
2075.5,medium-overshoot,CO2 AFOLU,1234,-2.144347206
2075.5,low,CO2 FFI,1234,2.109736841999999
2075.5,low,CO2 AFOLU,1234,0.340263158
2075.5,verylow,CO2 FFI,1234,-3.7912590450000003
2075.5,verylow,CO2 AFOLU,1234,-0.983740955
2075.5,verylow-overshoot,CO2 FFI,1234,-11.816259045
2075.5,verylow-overshoot,CO2 AFOLU,1234,-0.983740955
2076.5,high-extension,CO2 FFI,1234,65.141850664
2076.5,high-extension,CO2 AFOLU,1234,3.218149336
2076.5,high-overshoot,CO2 FFI,1234,65.141850664
2076.5,high-overshoot,CO2 AFOLU,1234,3.218149336
2076.5,medium-extension,CO2 FFI,1234,43.271696816
2076.5,medium-extension,CO2 AFOLU,1234,-2.271696816
2076.5,medium-overshoot,CO2 FFI,1234,21.071696816
2076.5,medium-overshoot,CO2 AFOLU,1234,-2.271696816
2076.5,low,CO2 FFI,1234,1.418684210333332
2076.5,low,CO2 AFOLU,1234,0.264649123
2076.5,verylow,CO2 FFI,1234,-3.7990596210000005
2076.5,verylow,CO2 AFOLU,1234,-1.025940379
2076.5,verylow-overshoot,CO2 FFI,1234,-12.231202478142857
2076.5,verylow-overshoot,CO2 AFOLU,1234,-1.025940379
2077.5,high-extension,CO2 FFI,1234,65.406372554
2077.5,high-extension,CO2 AFOLU,1234,3.193627446
2077.5,high-overshoot,CO2 FFI,1234,65.406372554
2077.5,high-overshoot,CO2 AFOLU,1234,3.193627446
2077.5,medium-extension,CO2 FFI,1234,43.399371222
2077.5,medium-extension,CO2 AFOLU,1234,-2.399371222
2077.5,medium-overshoot,CO2 FFI,1234,20.399371222
2077.5,medium-overshoot,CO2 AFOLU,1234,-2.399371222
2077.5,low,CO2 FFI,1234,0.7276315786666652
2077.5,low,CO2 AFOLU,1234,0.189035088
2077.5,verylow,CO2 FFI,1234,-3.80678087
2077.5,verylow,CO2 AFOLU,1234,-1.06821913
2077.5,verylow-overshoot,CO2 FFI,1234,-12.646066584285714
2077.5,verylow-overshoot,CO2 AFOLU,1234,-1.06821913
2078.5,high-extension,CO2 FFI,1234,65.670838254
2078.5,high-extension,CO2 AFOLU,1234,3.169161746
2078.5,high-overshoot,CO2 FFI,1234,65.670838254
2078.5,high-overshoot,CO2 AFOLU,1234,3.169161746
2078.5,medium-extension,CO2 FFI,1234,43.526720832
2078.5,medium-extension,CO2 AFOLU,1234,-2.526720832
2078.5,medium-overshoot,CO2 FFI,1234,19.726720831999998
2078.5,medium-overshoot,CO2 AFOLU,1234,-2.526720832
2078.5,low,CO2 FFI,1234,0.03657894699999853
2078.5,low,CO2 AFOLU,1234,0.113421053
2078.5,verylow,CO2 FFI,1234,-3.814581446
2078.5,verylow,CO2 AFOLU,1234,-1.110418554
2078.5,verylow-overshoot,CO2 FFI,1234,-13.06101001742857
2078.5,verylow-overshoot,CO2 AFOLU,1234,-1.110418554
2079.5,high-extension,CO2 FFI,1234,65.935303953
2079.5,high-extension,CO2 AFOLU,1234,3.144696047
2079.5,high-overshoot,CO2 FFI,1234,65.935303953
2079.5,high-overshoot,CO2 AFOLU,1234,3.144696047
2079.5,medium-extension,CO2 FFI,1234,43.654070442
2079.5,medium-extension,CO2 AFOLU,1234,-2.654070442
2079.5,medium-overshoot,CO2 FFI,1234,19.054070441999997
2079.5,medium-overshoot,CO2 AFOLU,1234,-2.654070442
2079.5,low,CO2 FFI,1234,-0.6544736846666682
2079.5,low,CO2 AFOLU,1234,0.037807018
2079.5,verylow,CO2 FFI,1234,-3.8223820219999993
2079.5,verylow,CO2 AFOLU,1234,-1.152617978
2079.5,verylow-overshoot,CO2 FFI,1234,-13.475953450571428
2079.5,verylow-overshoot,CO2 AFOLU,1234,-1.152617978
2080.5,high-extension,CO2 FFI,1234,66.19976965299999
2080.5,high-extension,CO2 AFOLU,1234,3.120230347
2080.5,high-overshoot,CO2 FFI,1234,66.19976965299999
2080.5,high-overshoot,CO2 AFOLU,1234,3.120230347
2080.5,medium-extension,CO2 FFI,1234,43.781420052
2080.5,medium-extension,CO2 AFOLU,1234,-2.781420052
2080.5,medium-overshoot,CO2 FFI,1234,18.381420052
2080.5,medium-overshoot,CO2 AFOLU,1234,-2.781420052
2080.5,low,CO2 FFI,1234,-1.15
2080.5,low,CO2 AFOLU,1234,0.0
2080.5,verylow,CO2 FFI,1234,-3.805182598
2080.5,verylow,CO2 AFOLU,1234,-1.194817402
2080.5,verylow-overshoot,CO2 FFI,1234,-13.890896883714285
2080.5,verylow-overshoot,CO2 AFOLU,1234,-1.194817402
2081.5,high-extension,CO2 FFI,1234,66.471615957
2081.5,high-extension,CO2 AFOLU,1234,3.088384043
2081.5,high-overshoot,CO2 FFI,1234,66.471615957
2081.5,high-overshoot,CO2 AFOLU,1234,3.088384043
2081.5,medium-extension,CO2 FFI,1234,43.882372954
2081.5,medium-extension,CO2 AFOLU,1234,-2.882372954
2081.5,medium-overshoot,CO2 FFI,1234,17.682372953999998
2081.5,medium-overshoot,CO2 AFOLU,1234,-2.882372954
2081.5,low,CO2 FFI,1234,-1.45
2081.5,low,CO2 AFOLU,1234,0.0
2081.5,verylow,CO2 FFI,1234,-3.781819786
2081.5,verylow,CO2 AFOLU,1234,-1.218180214
2081.5,verylow-overshoot,CO2 FFI,1234,-14.324676928857142
2081.5,verylow-overshoot,CO2 AFOLU,1234,-1.218180214
2082.5,high-extension,CO2 FFI,1234,66.743386058
2082.5,high-extension,CO2 AFOLU,1234,3.056613942
2082.5,high-overshoot,CO2 FFI,1234,66.743386058
2082.5,high-overshoot,CO2 AFOLU,1234,3.056613942
2082.5,medium-extension,CO2 FFI,1234,43.983074069
2082.5,medium-extension,CO2 AFOLU,1234,-2.983074069
2082.5,medium-overshoot,CO2 FFI,1234,16.983074068999997
2082.5,medium-overshoot,CO2 AFOLU,1234,-2.983074069
2082.5,low,CO2 FFI,1234,-1.75
2082.5,low,CO2 AFOLU,1234,0.0
2082.5,verylow,CO2 FFI,1234,-3.7584846179999998
2082.5,verylow,CO2 AFOLU,1234,-1.241515382
2082.5,verylow-overshoot,CO2 FFI,1234,-14.758484618
2082.5,verylow-overshoot,CO2 AFOLU,1234,-1.241515382
2083.5,high-extension,CO2 FFI,1234,67.015156159
2083.5,high-extension,CO2 AFOLU,1234,3.024843841
2083.5,high-overshoot,CO2 FFI,1234,67.015156159
2083.5,high-overshoot,CO2 AFOLU,1234,3.024843841
2083.5,medium-extension,CO2 FFI,1234,44.083775184
2083.5,medium-extension,CO2 AFOLU,1234,-3.083775184
2083.5,medium-overshoot,CO2 FFI,1234,16.283775184
2083.5,medium-overshoot,CO2 AFOLU,1234,-3.083775184
2083.5,low,CO2 FFI,1234,-2.05
2083.5,low,CO2 AFOLU,1234,0.0
2083.5,verylow,CO2 FFI,1234,-3.735149451
2083.5,verylow,CO2 AFOLU,1234,-1.264850549
2083.5,verylow-overshoot,CO2 FFI,1234,-15.192292308142855
2083.5,verylow-overshoot,CO2 AFOLU,1234,-1.264850549
2084.5,high-extension,CO2 FFI,1234,67.28692626
2084.5,high-extension,CO2 AFOLU,1234,2.99307374
2084.5,high-overshoot,CO2 FFI,1234,67.28692626
2084.5,high-overshoot,CO2 AFOLU,1234,2.99307374
2084.5,medium-extension,CO2 FFI,1234,44.184476298999996
2084.5,medium-extension,CO2 AFOLU,1234,-3.184476299
2084.5,medium-overshoot,CO2 FFI,1234,15.584476298999999
2084.5,medium-overshoot,CO2 AFOLU,1234,-3.184476299
2084.5,low,CO2 FFI,1234,-2.35
2084.5,low,CO2 AFOLU,1234,0.0
2084.5,verylow,CO2 FFI,1234,-3.711814283
2084.5,verylow,CO2 AFOLU,1234,-1.288185717
2084.5,verylow-overshoot,CO2 FFI,1234,-15.626099997285715
2084.5,verylow-overshoot,CO2 AFOLU,1234,-1.288185717
2085.5,high-extension,CO2 FFI,1234,67.558772565
2085.5,high-extension,CO2 AFOLU,1234,2.961227435
2085.5,high-overshoot,CO2 FFI,1234,67.558772565
2085.5,high-overshoot,CO2 AFOLU,1234,2.961227435
2085.5,medium-extension,CO2 FFI,1234,44.2854292
2085.5,medium-extension,CO2 AFOLU,1234,-3.2854292
2085.5,medium-overshoot,CO2 FFI,1234,14.885429199999999
2085.5,medium-overshoot,CO2 AFOLU,1234,-3.2854292
2085.5,low,CO2 FFI,1234,-2.65
2085.5,low,CO2 AFOLU,1234,0.0
2085.5,verylow,CO2 FFI,1234,-3.688451471
2085.5,verylow,CO2 AFOLU,1234,-1.311548529
2085.5,verylow-overshoot,CO2 FFI,1234,-16.05988004242857
2085.5,verylow-overshoot,CO2 AFOLU,1234,-1.311548529
2086.5,high-extension,CO2 FFI,1234,67.830542666
2086.5,high-extension,CO2 AFOLU,1234,2.929457334
2086.5,high-overshoot,CO2 FFI,1234,67.830542666
2086.5,high-overshoot,CO2 AFOLU,1234,2.929457334
2086.5,medium-extension,CO2 FFI,1234,44.386130315
2086.5,medium-extension,CO2 AFOLU,1234,-3.386130315
2086.5,medium-overshoot,CO2 FFI,1234,14.186130315
2086.5,medium-overshoot,CO2 AFOLU,1234,-3.386130315
2086.5,low,CO2 FFI,1234,-2.9499999999999997
2086.5,low,CO2 AFOLU,1234,0.0
2086.5,verylow,CO2 FFI,1234,-3.665116303
2086.5,verylow,CO2 AFOLU,1234,-1.334883697
2086.5,verylow-overshoot,CO2 FFI,1234,-16.49368773157143
2086.5,verylow-overshoot,CO2 AFOLU,1234,-1.334883697
2087.5,high-extension,CO2 FFI,1234,68.102312767
2087.5,high-extension,CO2 AFOLU,1234,2.897687233
2087.5,high-overshoot,CO2 FFI,1234,68.102312767
2087.5,high-overshoot,CO2 AFOLU,1234,2.897687233
2087.5,medium-extension,CO2 FFI,1234,44.48683143
2087.5,medium-extension,CO2 AFOLU,1234,-3.48683143
2087.5,medium-overshoot,CO2 FFI,1234,13.486831429999999
2087.5,medium-overshoot,CO2 AFOLU,1234,-3.48683143
2087.5,low,CO2 FFI,1234,-3.25
2087.5,low,CO2 AFOLU,1234,0.0
2087.5,verylow,CO2 FFI,1234,-3.641781136
2087.5,verylow,CO2 AFOLU,1234,-1.358218864
2087.5,verylow-overshoot,CO2 FFI,1234,-16.927495421714283
2087.5,verylow-overshoot,CO2 AFOLU,1234,-1.358218864
2088.5,high-extension,CO2 FFI,1234,68.37408286799999
2088.5,high-extension,CO2 AFOLU,1234,2.865917132
2088.5,high-overshoot,CO2 FFI,1234,68.37408286799999
2088.5,high-overshoot,CO2 AFOLU,1234,2.865917132
2088.5,medium-extension,CO2 FFI,1234,44.587532545
2088.5,medium-extension,CO2 AFOLU,1234,-3.587532545
2088.5,medium-overshoot,CO2 FFI,1234,12.787532545
2088.5,medium-overshoot,CO2 AFOLU,1234,-3.587532545
2088.5,low,CO2 FFI,1234,-3.55
2088.5,low,CO2 AFOLU,1234,0.0
2088.5,verylow,CO2 FFI,1234,-3.618445968
2088.5,verylow,CO2 AFOLU,1234,-1.381554032
2088.5,verylow-overshoot,CO2 FFI,1234,-17.361303110857143
2088.5,verylow-overshoot,CO2 AFOLU,1234,-1.381554032
2089.5,high-extension,CO2 FFI,1234,68.64592917200001
2089.5,high-extension,CO2 AFOLU,1234,2.834070828
2089.5,high-overshoot,CO2 FFI,1234,68.64592917200001
2089.5,high-overshoot,CO2 AFOLU,1234,2.834070828
2089.5,medium-extension,CO2 FFI,1234,44.688485447
2089.5,medium-extension,CO2 AFOLU,1234,-3.688485447
2089.5,medium-overshoot,CO2 FFI,1234,12.088485446999998
2089.5,medium-overshoot,CO2 AFOLU,1234,-3.688485447
2089.5,low,CO2 FFI,1234,-3.85
2089.5,low,CO2 AFOLU,1234,0.0
2089.5,verylow,CO2 FFI,1234,-3.5950831560000003
2089.5,verylow,CO2 AFOLU,1234,-1.404916844
2089.5,verylow-overshoot,CO2 FFI,1234,-17.795083156
2089.5,verylow-overshoot,CO2 AFOLU,1234,-1.404916844
2090.5,high-extension,CO2 FFI,1234,68.917699274
2090.5,high-extension,CO2 AFOLU,1234,2.802300726
2090.5,high-overshoot,CO2 FFI,1234,68.917699274
2090.5,high-overshoot,CO2 AFOLU,1234,2.802300726
2090.5,medium-extension,CO2 FFI,1234,44.789186562
2090.5,medium-extension,CO2 AFOLU,1234,-3.789186562
2090.5,medium-overshoot,CO2 FFI,1234,11.389186561999999
2090.5,medium-overshoot,CO2 AFOLU,1234,-3.789186562
2090.5,low,CO2 FFI,1234,-4.1499999999999995
2090.5,low,CO2 AFOLU,1234,0.0
2090.5,verylow,CO2 FFI,1234,-3.571747989
2090.5,verylow,CO2 AFOLU,1234,-1.428252011
2090.5,verylow-overshoot,CO2 FFI,1234,-18.228890846142857
2090.5,verylow-overshoot,CO2 AFOLU,1234,-1.428252011
2091.5,high-extension,CO2 FFI,1234,69.15254186899999
2091.5,high-extension,CO2 AFOLU,1234,2.807458131
2091.5,high-overshoot,CO2 FFI,1234,69.15254186899999
2091.5,high-overshoot,CO2 AFOLU,1234,2.807458131
2091.5,medium-extension,CO2 FFI,1234,44.846254525
2091.5,medium-extension,CO2 AFOLU,1234,-3.846254525
2091.5,medium-overshoot,CO2 FFI,1234,10.646254525
2091.5,medium-overshoot,CO2 AFOLU,1234,-3.846254525
2091.5,low,CO2 FFI,1234,-4.45
2091.5,low,CO2 AFOLU,1234,0.0
2091.5,verylow,CO2 FFI,1234,-3.5426643980000003
2091.5,verylow,CO2 AFOLU,1234,-1.457335602
2091.5,verylow-overshoot,CO2 FFI,1234,-18.656950112285713
2091.5,verylow-overshoot,CO2 AFOLU,1234,-1.457335602
2092.5,high-extension,CO2 FFI,1234,69.387384465
2092.5,high-extension,CO2 AFOLU,1234,2.812615535
2092.5,high-overshoot,CO2 FFI,1234,69.387384465
2092.5,high-overshoot,CO2 AFOLU,1234,2.812615535
2092.5,medium-extension,CO2 FFI,1234,44.903322489
2092.5,medium-extension,CO2 AFOLU,1234,-3.903322489
2092.5,medium-overshoot,CO2 FFI,1234,9.903322488999997
2092.5,medium-overshoot,CO2 AFOLU,1234,-3.903322489
2092.5,low,CO2 FFI,1234,-4.75
2092.5,low,CO2 AFOLU,1234,0.0
2092.5,verylow,CO2 FFI,1234,-3.5135808070000003
2092.5,verylow,CO2 AFOLU,1234,-1.486419193
2092.5,verylow-overshoot,CO2 FFI,1234,-19.08500937842857
2092.5,verylow-overshoot,CO2 AFOLU,1234,-1.486419193
2093.5,high-extension,CO2 FFI,1234,69.622202093
2093.5,high-extension,CO2 AFOLU,1234,2.817797907
2093.5,high-overshoot,CO2 FFI,1234,69.622202093
2093.5,high-overshoot,CO2 AFOLU,1234,2.817797907
2093.5,medium-extension,CO2 FFI,1234,44.960522696
2093.5,medium-extension,CO2 AFOLU,1234,-3.960522696
2093.5,medium-overshoot,CO2 FFI,1234,9.160522695999997
2093.5,medium-overshoot,CO2 AFOLU,1234,-3.960522696
2093.5,low,CO2 FFI,1234,-5.05
2093.5,low,CO2 AFOLU,1234,0.0
2093.5,verylow,CO2 FFI,1234,-3.484453823
2093.5,verylow,CO2 AFOLU,1234,-1.515546177
2093.5,verylow-overshoot,CO2 FFI,1234,-19.513025251571428
2093.5,verylow-overshoot,CO2 AFOLU,1234,-1.515546177
2094.5,high-extension,CO2 FFI,1234,69.857044688
2094.5,high-extension,CO2 AFOLU,1234,2.822955312
2094.5,high-overshoot,CO2 FFI,1234,69.857044688
2094.5,high-overshoot,CO2 AFOLU,1234,2.822955312
2094.5,medium-extension,CO2 FFI,1234,45.017590659
2094.5,medium-extension,CO2 AFOLU,1234,-4.017590659
2094.5,medium-overshoot,CO2 FFI,1234,8.417590658999998
2094.5,medium-overshoot,CO2 AFOLU,1234,-4.017590659
2094.5,low,CO2 FFI,1234,-5.35
2094.5,low,CO2 AFOLU,1234,0.0
2094.5,verylow,CO2 FFI,1234,-3.455370232
2094.5,verylow,CO2 AFOLU,1234,-1.544629768
2094.5,verylow-overshoot,CO2 FFI,1234,-19.941084517714284
2094.5,verylow-overshoot,CO2 AFOLU,1234,-1.544629768
2095.5,high-extension,CO2 FFI,1234,70.091887284
2095.5,high-extension,CO2 AFOLU,1234,2.828112716
2095.5,high-overshoot,CO2 FFI,1234,70.091887284
2095.5,high-overshoot,CO2 AFOLU,1234,2.828112716
2095.5,medium-extension,CO2 FFI,1234,45.074658623
2095.5,medium-extension,CO2 AFOLU,1234,-4.074658623
2095.5,medium-overshoot,CO2 FFI,1234,7.674658622999999
2095.5,medium-overshoot,CO2 AFOLU,1234,-4.074658623
2095.5,low,CO2 FFI,1234,-5.6499999999999995
2095.5,low,CO2 AFOLU,1234,0.0
2095.5,verylow,CO2 FFI,1234,-3.426286641
2095.5,verylow,CO2 AFOLU,1234,-1.573713359
2095.5,verylow-overshoot,CO2 FFI,1234,-20.369143783857144
2095.5,verylow-overshoot,CO2 AFOLU,1234,-1.573713359
2096.5,high-extension,CO2 FFI,1234,70.32672988
2096.5,high-extension,CO2 AFOLU,1234,2.83327012
2096.5,high-overshoot,CO2 FFI,1234,70.32672988
2096.5,high-overshoot,CO2 AFOLU,1234,2.83327012
2096.5,medium-extension,CO2 FFI,1234,45.131726586
2096.5,medium-extension,CO2 AFOLU,1234,-4.131726586
2096.5,medium-overshoot,CO2 FFI,1234,6.931726585999998
2096.5,medium-overshoot,CO2 AFOLU,1234,-4.131726586
2096.5,low,CO2 FFI,1234,-5.95
2096.5,low,CO2 AFOLU,1234,0.0
2096.5,verylow,CO2 FFI,1234,-3.39720305
2096.5,verylow,CO2 AFOLU,1234,-1.60279695
2096.5,verylow-overshoot,CO2 FFI,1234,-20.79720305
2096.5,verylow-overshoot,CO2 AFOLU,1234,-1.60279695
2097.5,high-extension,CO2 FFI,1234,70.561547507
2097.5,high-extension,CO2 AFOLU,1234,2.838452493
2097.5,high-overshoot,CO2 FFI,1234,70.561547507
2097.5,high-overshoot,CO2 AFOLU,1234,2.838452493
2097.5,medium-extension,CO2 FFI,1234,45.188926793
2097.5,medium-extension,CO2 AFOLU,1234,-4.188926793
2097.5,medium-overshoot,CO2 FFI,1234,6.1889267929999985
2097.5,medium-overshoot,CO2 AFOLU,1234,-4.188926793
2097.5,low,CO2 FFI,1234,-6.25
2097.5,low,CO2 AFOLU,1234,0.0
2097.5,verylow,CO2 FFI,1234,-3.368076066
2097.5,verylow,CO2 AFOLU,1234,-1.631923934
2097.5,verylow-overshoot,CO2 FFI,1234,-21.225218923142858
2097.5,verylow-overshoot,CO2 AFOLU,1234,-1.631923934
2098.5,high-extension,CO2 FFI,1234,70.79639010300001
2098.5,high-extension,CO2 AFOLU,1234,2.843609897
2098.5,high-overshoot,CO2 FFI,1234,70.79639010300001
2098.5,high-overshoot,CO2 AFOLU,1234,2.843609897
2098.5,medium-extension,CO2 FFI,1234,45.245994757
2098.5,medium-extension,CO2 AFOLU,1234,-4.245994757
2098.5,medium-overshoot,CO2 FFI,1234,5.4459947569999985
2098.5,medium-overshoot,CO2 AFOLU,1234,-4.245994757
2098.5,low,CO2 FFI,1234,-6.55
2098.5,low,CO2 AFOLU,1234,0.0
2098.5,verylow,CO2 FFI,1234,-3.338992476
2098.5,verylow,CO2 AFOLU,1234,-1.661007524
2098.5,verylow-overshoot,CO2 FFI,1234,-21.653278190285715
2098.5,verylow-overshoot,CO2 AFOLU,1234,-1.661007524
2099.5,high-extension,CO2 FFI,1234,71.031232699
2099.5,high-extension,CO2 AFOLU,1234,2.848767301
2099.5,high-overshoot,CO2 FFI,1234,71.031232699
2099.5,high-overshoot,CO2 AFOLU,1234,2.848767301
2099.5,medium-extension,CO2 FFI,1234,45.30306272
2099.5,medium-extension,CO2 AFOLU,1234,-4.30306272
2099.5,medium-overshoot,CO2 FFI,1234,4.703062719999998
2099.5,medium-overshoot,CO2 AFOLU,1234,-4.30306272
2099.5,low,CO2 FFI,1234,-6.85
2099.5,low,CO2 AFOLU,1234,0.0
2099.5,verylow,CO2 FFI,1234,-3.309908885
2099.5,verylow,CO2 AFOLU,1234,-1.690091115
2099.5,verylow-overshoot,CO2 FFI,1234,-22.08133745642857
2099.5,verylow-overshoot,CO2 AFOLU,1234,-1.690091115
2100.5,high-extension,CO2 FFI,1234,71.146075295
2100.5,high-extension,CO2 AFOLU,1234,2.853924705
2100.5,high-overshoot,CO2 FFI,1234,70.52940862833334
2100.5,high-overshoot,CO2 AFOLU,1234,2.853924705
2100.5,medium-extension,CO2 FFI,1234,45.155130683
2100.5,medium-extension,CO2 AFOLU,1234,-4.360130683
2100.5,medium-overshoot,CO2 FFI,1234,4.100130683000001
2100.5,medium-overshoot,CO2 AFOLU,1234,-4.360130683
2100.5,low,CO2 FFI,1234,-7.0
2100.5,low,CO2 AFOLU,1234,0.0
2100.5,verylow,CO2 FFI,1234,-3.280825294
2100.5,verylow,CO2 AFOLU,1234,-1.719174706
2100.5,verylow-overshoot,CO2 FFI,1234,-22.340825294
2100.5,verylow-overshoot,CO2 AFOLU,1234,-1.719174706
2101.5,high-extension,CO2 FFI,1234,71.260232283
2101.5,high-extension,CO2 AFOLU,1234,2.739767717
2101.5,high-overshoot,CO2 FFI,1234,69.410232283
2101.5,high-overshoot,CO2 AFOLU,1234,2.739767717
2101.5,medium-extension,CO2 FFI,1234,44.657980644
2101.5,medium-extension,CO2 AFOLU,1234,-4.272980644
2101.5,medium-overshoot,CO2 FFI,1234,3.492980644
2101.5,medium-overshoot,CO2 AFOLU,1234,-4.272980644
2101.5,low,CO2 FFI,1234,-7.0
2101.5,low,CO2 AFOLU,1234,0.0
2101.5,verylow,CO2 FFI,1234,-3.3151827039999997
2101.5,verylow,CO2 AFOLU,1234,-1.684817296
2101.5,verylow-overshoot,CO2 FFI,1234,-22.495182704
2101.5,verylow-overshoot,CO2 AFOLU,1234,-1.684817296
2102.5,high-extension,CO2 FFI,1234,71.374389271
2102.5,high-extension,CO2 AFOLU,1234,2.625610729
2102.5,high-overshoot,CO2 FFI,1234,68.29105593766667
2102.5,high-overshoot,CO2 AFOLU,1234,2.625610729
2102.5,medium-extension,CO2 FFI,1234,44.160830605
2102.5,medium-extension,CO2 AFOLU,1234,-4.185830605
2102.5,medium-overshoot,CO2 FFI,1234,2.8858306049999998
2102.5,medium-overshoot,CO2 AFOLU,1234,-4.185830605
2102.5,low,CO2 FFI,1234,-7.0
2102.5,low,CO2 AFOLU,1234,0.0
2102.5,verylow,CO2 FFI,1234,-3.349540115
2102.5,verylow,CO2 AFOLU,1234,-1.650459885
2102.5,verylow-overshoot,CO2 FFI,1234,-22.649540115
2102.5,verylow-overshoot,CO2 AFOLU,1234,-1.650459885
2103.5,high-extension,CO2 FFI,1234,71.48854626
2103.5,high-extension,CO2 AFOLU,1234,2.51145374
2103.5,high-overshoot,CO2 FFI,1234,67.17187959333334
2103.5,high-overshoot,CO2 AFOLU,1234,2.51145374
2103.5,medium-extension,CO2 FFI,1234,43.663680566
2103.5,medium-extension,CO2 AFOLU,1234,-4.098680566
2103.5,medium-overshoot,CO2 FFI,1234,2.2786805659999994
2103.5,medium-overshoot,CO2 AFOLU,1234,-4.098680566
2103.5,low,CO2 FFI,1234,-7.0
2103.5,low,CO2 AFOLU,1234,0.0
2103.5,verylow,CO2 FFI,1234,-3.383897525
2103.5,verylow,CO2 AFOLU,1234,-1.616102475
2103.5,verylow-overshoot,CO2 FFI,1234,-22.803897525000004
2103.5,verylow-overshoot,CO2 AFOLU,1234,-1.616102475
2104.5,high-extension,CO2 FFI,1234,71.602703248
2104.5,high-extension,CO2 AFOLU,1234,2.397296752
2104.5,high-overshoot,CO2 FFI,1234,66.052703248
2104.5,high-overshoot,CO2 AFOLU,1234,2.397296752
2104.5,medium-extension,CO2 FFI,1234,43.166530528
2104.5,medium-extension,CO2 AFOLU,1234,-4.011530528
2104.5,medium-overshoot,CO2 FFI,1234,1.671530528
2104.5,medium-overshoot,CO2 AFOLU,1234,-4.011530528
2104.5,low,CO2 FFI,1234,-7.0
2104.5,low,CO2 AFOLU,1234,0.0
2104.5,verylow,CO2 FFI,1234,-3.4182549360000003
2104.5,verylow,CO2 AFOLU,1234,-1.581745064
2104.5,verylow-overshoot,CO2 FFI,1234,-22.958254936
2104.5,verylow-overshoot,CO2 AFOLU,1234,-1.581745064
2105.5,high-extension,CO2 FFI,1234,71.716860236
2105.5,high-extension,CO2 AFOLU,1234,2.283139764
2105.5,high-overshoot,CO2 FFI,1234,64.93352690266667
2105.5,high-overshoot,CO2 AFOLU,1234,2.283139764
2105.5,medium-extension,CO2 FFI,1234,42.669117615
2105.5,medium-extension,CO2 AFOLU,1234,-3.924117615
2105.5,medium-overshoot,CO2 FFI,1234,1.0641176149999998
2105.5,medium-overshoot,CO2 AFOLU,1234,-3.924117615
2105.5,low,CO2 FFI,1234,-7.0
2105.5,low,CO2 AFOLU,1234,0.0
2105.5,verylow,CO2 FFI,1234,-3.452742764
2105.5,verylow,CO2 AFOLU,1234,-1.547257236
2105.5,verylow-overshoot,CO2 FFI,1234,-23.112742764
2105.5,verylow-overshoot,CO2 AFOLU,1234,-1.547257236
2106.5,high-extension,CO2 FFI,1234,71.83101722399999
2106.5,high-extension,CO2 AFOLU,1234,2.168982776
2106.5,high-overshoot,CO2 FFI,1234,63.814350557333334
2106.5,high-overshoot,CO2 AFOLU,1234,2.168982776
2106.5,medium-extension,CO2 FFI,1234,42.171967576
2106.5,medium-extension,CO2 AFOLU,1234,-3.836967576
2106.5,medium-overshoot,CO2 FFI,1234,0.45696757600000026
2106.5,medium-overshoot,CO2 AFOLU,1234,-3.836967576
2106.5,low,CO2 FFI,1234,-7.0
2106.5,low,CO2 AFOLU,1234,0.0
2106.5,verylow,CO2 FFI,1234,-3.487100175
2106.5,verylow,CO2 AFOLU,1234,-1.512899825
2106.5,verylow-overshoot,CO2 FFI,1234,-23.267100175
2106.5,verylow-overshoot,CO2 AFOLU,1234,-1.512899825
2107.5,high-extension,CO2 FFI,1234,71.945174212
2107.5,high-extension,CO2 AFOLU,1234,2.054825788
2107.5,high-overshoot,CO2 FFI,1234,62.695174212
2107.5,high-overshoot,CO2 AFOLU,1234,2.054825788
2107.5,medium-extension,CO2 FFI,1234,41.674817536999996
2107.5,medium-extension,CO2 AFOLU,1234,-3.749817537
2107.5,medium-overshoot,CO2 FFI,1234,-0.15018246300000015
2107.5,medium-overshoot,CO2 AFOLU,1234,-3.749817537
2107.5,low,CO2 FFI,1234,-7.0
2107.5,low,CO2 AFOLU,1234,0.0
2107.5,verylow,CO2 FFI,1234,-3.5214575850000003
2107.5,verylow,CO2 AFOLU,1234,-1.478542415
2107.5,verylow-overshoot,CO2 FFI,1234,-23.421457585
2107.5,verylow-overshoot,CO2 AFOLU,1234,-1.478542415
2108.5,high-extension,CO2 FFI,1234,72.059331201
2108.5,high-extension,CO2 AFOLU,1234,1.940668799
2108.5,high-overshoot,CO2 FFI,1234,61.575997867666665
2108.5,high-overshoot,CO2 AFOLU,1234,1.940668799
2108.5,medium-extension,CO2 FFI,1234,41.177667498
2108.5,medium-extension,CO2 AFOLU,1234,-3.662667498
2108.5,medium-overshoot,CO2 FFI,1234,-0.7573325020000001
2108.5,medium-overshoot,CO2 AFOLU,1234,-3.662667498
2108.5,low,CO2 FFI,1234,-7.0
2108.5,low,CO2 AFOLU,1234,0.0
2108.5,verylow,CO2 FFI,1234,-3.555814996
2108.5,verylow,CO2 AFOLU,1234,-1.444185004
2108.5,verylow-overshoot,CO2 FFI,1234,-23.575814996
2108.5,verylow-overshoot,CO2 AFOLU,1234,-1.444185004
2109.5,high-extension,CO2 FFI,1234,72.173488189
2109.5,high-extension,CO2 AFOLU,1234,1.826511811
2109.5,high-overshoot,CO2 FFI,1234,60.45682152233333
2109.5,high-overshoot,CO2 AFOLU,1234,1.826511811
2109.5,medium-extension,CO2 FFI,1234,40.680254585
2109.5,medium-extension,CO2 AFOLU,1234,-3.575254585
2109.5,medium-overshoot,CO2 FFI,1234,-1.3647454150000002
2109.5,medium-overshoot,CO2 AFOLU,1234,-3.575254585
2109.5,low,CO2 FFI,1234,-7.0
2109.5,low,CO2 AFOLU,1234,0.0
2109.5,verylow,CO2 FFI,1234,-3.590302824
2109.5,verylow,CO2 AFOLU,1234,-1.409697176
2109.5,verylow-overshoot,CO2 FFI,1234,-23.730302824
2109.5,verylow-overshoot,CO2 AFOLU,1234,-1.409697176
2110.5,high-extension,CO2 FFI,1234,72.287645177
2110.5,high-extension,CO2 AFOLU,1234,1.712354823
2110.5,high-overshoot,CO2 FFI,1234,59.337645177
2110.5,high-overshoot,CO2 AFOLU,1234,1.712354823
2110.5,medium-extension,CO2 FFI,1234,40.183104546
2110.5,medium-extension,CO2 AFOLU,1234,-3.488104546
2110.5,medium-overshoot,CO2 FFI,1234,-1.9718954539999998
2110.5,medium-overshoot,CO2 AFOLU,1234,-3.488104546
2110.5,low,CO2 FFI,1234,-7.0
2110.5,low,CO2 AFOLU,1234,0.0
2110.5,verylow,CO2 FFI,1234,-3.624660235
2110.5,verylow,CO2 AFOLU,1234,-1.375339765
2110.5,verylow-overshoot,CO2 FFI,1234,-23.884660235000002
2110.5,verylow-overshoot,CO2 AFOLU,1234,-1.375339765
2111.5,high-extension,CO2 FFI,1234,72.401802165
2111.5,high-extension,CO2 AFOLU,1234,1.598197835
2111.5,high-overshoot,CO2 FFI,1234,58.21846883166666
2111.5,high-overshoot,CO2 AFOLU,1234,1.598197835
2111.5,medium-extension,CO2 FFI,1234,39.685954507000005
2111.5,medium-extension,CO2 AFOLU,1234,-3.400954507
2111.5,medium-overshoot,CO2 FFI,1234,-2.5790454930000006
2111.5,medium-overshoot,CO2 AFOLU,1234,-3.400954507
2111.5,low,CO2 FFI,1234,-7.0
2111.5,low,CO2 AFOLU,1234,0.0
2111.5,verylow,CO2 FFI,1234,-3.659017645
2111.5,verylow,CO2 AFOLU,1234,-1.340982355
2111.5,verylow-overshoot,CO2 FFI,1234,-24.039017644999998
2111.5,verylow-overshoot,CO2 AFOLU,1234,-1.340982355
2112.5,high-extension,CO2 FFI,1234,72.515959153
2112.5,high-extension,CO2 AFOLU,1234,1.484040847
2112.5,high-overshoot,CO2 FFI,1234,57.09929248633333
2112.5,high-overshoot,CO2 AFOLU,1234,1.484040847
2112.5,medium-extension,CO2 FFI,1234,39.188804469
2112.5,medium-extension,CO2 AFOLU,1234,-3.313804469
2112.5,medium-overshoot,CO2 FFI,1234,-3.186195531
2112.5,medium-overshoot,CO2 AFOLU,1234,-3.313804469
2112.5,low,CO2 FFI,1234,-7.0
2112.5,low,CO2 AFOLU,1234,0.0
2112.5,verylow,CO2 FFI,1234,-3.693375056
2112.5,verylow,CO2 AFOLU,1234,-1.306624944
2112.5,verylow-overshoot,CO2 FFI,1234,-24.193375056
2112.5,verylow-overshoot,CO2 AFOLU,1234,-1.306624944
2113.5,high-extension,CO2 FFI,1234,72.630116142
2113.5,high-extension,CO2 AFOLU,1234,1.369883858
2113.5,high-overshoot,CO2 FFI,1234,55.980116142
2113.5,high-overshoot,CO2 AFOLU,1234,1.369883858
2113.5,medium-extension,CO2 FFI,1234,38.691391556000006
2113.5,medium-extension,CO2 AFOLU,1234,-3.226391556
2113.5,medium-overshoot,CO2 FFI,1234,-3.7936084440000006
2113.5,medium-overshoot,CO2 AFOLU,1234,-3.226391556
2113.5,low,CO2 FFI,1234,-7.0
2113.5,low,CO2 AFOLU,1234,0.0
2113.5,verylow,CO2 FFI,1234,-3.727862885
2113.5,verylow,CO2 AFOLU,1234,-1.272137115
2113.5,verylow-overshoot,CO2 FFI,1234,-24.347862885
2113.5,verylow-overshoot,CO2 AFOLU,1234,-1.272137115
2114.5,high-extension,CO2 FFI,1234,72.74427313
2114.5,high-extension,CO2 AFOLU,1234,1.25572687
2114.5,high-overshoot,CO2 FFI,1234,54.86093979666667
2114.5,high-overshoot,CO2 AFOLU,1234,1.25572687
2114.5,medium-extension,CO2 FFI,1234,38.194241517
2114.5,medium-extension,CO2 AFOLU,1234,-3.139241517
2114.5,medium-overshoot,CO2 FFI,1234,-4.400758483000001
2114.5,medium-overshoot,CO2 AFOLU,1234,-3.139241517
2114.5,low,CO2 FFI,1234,-7.0
2114.5,low,CO2 AFOLU,1234,0.0
2114.5,verylow,CO2 FFI,1234,-3.762220295
2114.5,verylow,CO2 AFOLU,1234,-1.237779705
2114.5,verylow-overshoot,CO2 FFI,1234,-24.502220294999997
2114.5,verylow-overshoot,CO2 AFOLU,1234,-1.237779705
2115.5,high-extension,CO2 FFI,1234,72.858430118
2115.5,high-extension,CO2 AFOLU,1234,1.141569882
2115.5,high-overshoot,CO2 FFI,1234,53.741763451333334
2115.5,high-overshoot,CO2 AFOLU,1234,1.141569882
2115.5,medium-extension,CO2 FFI,1234,37.697091478000004
2115.5,medium-extension,CO2 AFOLU,1234,-3.052091478
2115.5,medium-overshoot,CO2 FFI,1234,-5.007908522000001
2115.5,medium-overshoot,CO2 AFOLU,1234,-3.052091478
2115.5,low,CO2 FFI,1234,-7.0
2115.5,low,CO2 AFOLU,1234,0.0
2115.5,verylow,CO2 FFI,1234,-3.796577706
2115.5,verylow,CO2 AFOLU,1234,-1.203422294
2115.5,verylow-overshoot,CO2 FFI,1234,-24.656577706
2115.5,verylow-overshoot,CO2 AFOLU,1234,-1.203422294
2116.5,high-extension,CO2 FFI,1234,72.972587106
2116.5,high-extension,CO2 AFOLU,1234,1.027412894
2116.5,high-overshoot,CO2 FFI,1234,52.622587106
2116.5,high-overshoot,CO2 AFOLU,1234,1.027412894
2116.5,medium-extension,CO2 FFI,1234,37.199941439
2116.5,medium-extension,CO2 AFOLU,1234,-2.964941439
2116.5,medium-overshoot,CO2 FFI,1234,-5.615058561
2116.5,medium-overshoot,CO2 AFOLU,1234,-2.964941439
2116.5,low,CO2 FFI,1234,-7.0
2116.5,low,CO2 AFOLU,1234,0.0
2116.5,verylow,CO2 FFI,1234,-3.830935116
2116.5,verylow,CO2 AFOLU,1234,-1.169064884
2116.5,verylow-overshoot,CO2 FFI,1234,-24.810935116
2116.5,verylow-overshoot,CO2 AFOLU,1234,-1.169064884
2117.5,high-extension,CO2 FFI,1234,73.086744094
2117.5,high-extension,CO2 AFOLU,1234,0.913255906
2117.5,high-overshoot,CO2 FFI,1234,51.50341076066666
2117.5,high-overshoot,CO2 AFOLU,1234,0.913255906
2117.5,medium-extension,CO2 FFI,1234,36.702528526
2117.5,medium-extension,CO2 AFOLU,1234,-2.877528526
2117.5,medium-overshoot,CO2 FFI,1234,-6.222471474
2117.5,medium-overshoot,CO2 AFOLU,1234,-2.877528526
2117.5,low,CO2 FFI,1234,-7.0
2117.5,low,CO2 AFOLU,1234,0.0
2117.5,verylow,CO2 FFI,1234,-3.8654229449999997
2117.5,verylow,CO2 AFOLU,1234,-1.134577055
2117.5,verylow-overshoot,CO2 FFI,1234,-24.965422945
2117.5,verylow-overshoot,CO2 AFOLU,1234,-1.134577055
2118.5,high-extension,CO2 FFI,1234,73.200901083
2118.5,high-extension,CO2 AFOLU,1234,0.799098917
2118.5,high-overshoot,CO2 FFI,1234,50.38423441633333
2118.5,high-overshoot,CO2 AFOLU,1234,0.799098917
2118.5,medium-extension,CO2 FFI,1234,36.205378487
2118.5,medium-extension,CO2 AFOLU,1234,-2.790378487
2118.5,medium-overshoot,CO2 FFI,1234,-6.829621513000001
2118.5,medium-overshoot,CO2 AFOLU,1234,-2.790378487
2118.5,low,CO2 FFI,1234,-7.0
2118.5,low,CO2 AFOLU,1234,0.0
2118.5,verylow,CO2 FFI,1234,-3.899780356
2118.5,verylow,CO2 AFOLU,1234,-1.100219644
2118.5,verylow-overshoot,CO2 FFI,1234,-25.119780356
2118.5,verylow-overshoot,CO2 AFOLU,1234,-1.100219644
2119.5,high-extension,CO2 FFI,1234,73.315058071
2119.5,high-extension,CO2 AFOLU,1234,0.684941929
2119.5,high-overshoot,CO2 FFI,1234,49.265058071
2119.5,high-overshoot,CO2 AFOLU,1234,0.684941929
2119.5,medium-extension,CO2 FFI,1234,35.708228448
2119.5,medium-extension,CO2 AFOLU,1234,-2.703228448
2119.5,medium-overshoot,CO2 FFI,1234,-7.436771552000001
2119.5,medium-overshoot,CO2 AFOLU,1234,-2.703228448
2119.5,low,CO2 FFI,1234,-7.0
2119.5,low,CO2 AFOLU,1234,0.0
2119.5,verylow,CO2 FFI,1234,-3.934137766
2119.5,verylow,CO2 AFOLU,1234,-1.065862234
2119.5,verylow-overshoot,CO2 FFI,1234,-25.274137766
2119.5,verylow-overshoot,CO2 AFOLU,1234,-1.065862234
2120.5,high-extension,CO2 FFI,1234,73.429215059
2120.5,high-extension,CO2 AFOLU,1234,0.570784941
2120.5,high-overshoot,CO2 FFI,1234,48.14588172566667
2120.5,high-overshoot,CO2 AFOLU,1234,0.570784941
2120.5,medium-extension,CO2 FFI,1234,35.21107841
2120.5,medium-extension,CO2 AFOLU,1234,-2.61607841
2120.5,medium-overshoot,CO2 FFI,1234,-8.04392159
2120.5,medium-overshoot,CO2 AFOLU,1234,-2.61607841
2120.5,low,CO2 FFI,1234,-7.0
2120.5,low,CO2 AFOLU,1234,0.0
2120.5,verylow,CO2 FFI,1234,-3.9684951770000003
2120.5,verylow,CO2 AFOLU,1234,-1.031504823
2120.5,verylow-overshoot,CO2 FFI,1234,-25.428495177000002
2120.5,verylow-overshoot,CO2 AFOLU,1234,-1.031504823
2121.5,high-extension,CO2 FFI,1234,73.543372047
2121.5,high-extension,CO2 AFOLU,1234,0.456627953
2121.5,high-overshoot,CO2 FFI,1234,47.02670538033333
2121.5,high-overshoot,CO2 AFOLU,1234,0.456627953
2121.5,medium-extension,CO2 FFI,1234,34.713691835000006
2121.5,medium-extension,CO2 AFOLU,1234,-2.528691835
2121.5,medium-overshoot,CO2 FFI,1234,-8.651308165
2121.5,medium-overshoot,CO2 AFOLU,1234,-2.528691835
2121.5,low,CO2 FFI,1234,-7.0
2121.5,low,CO2 AFOLU,1234,0.0
2121.5,verylow,CO2 FFI,1234,-4.002969939
2121.5,verylow,CO2 AFOLU,1234,-0.997030061
2121.5,verylow-overshoot,CO2 FFI,1234,-25.582969938999998
2121.5,verylow-overshoot,CO2 AFOLU,1234,-0.997030061
2122.5,high-extension,CO2 FFI,1234,73.657529035
2122.5,high-extension,CO2 AFOLU,1234,0.342470965
2122.5,high-overshoot,CO2 FFI,1234,45.907529035
2122.5,high-overshoot,CO2 AFOLU,1234,0.342470965
2122.5,medium-extension,CO2 FFI,1234,34.216568062
2122.5,medium-extension,CO2 AFOLU,1234,-2.441568062
2122.5,medium-overshoot,CO2 FFI,1234,-9.258431938000001
2122.5,medium-overshoot,CO2 AFOLU,1234,-2.441568062
2122.5,low,CO2 FFI,1234,-7.0
2122.5,low,CO2 AFOLU,1234,0.0
2122.5,verylow,CO2 FFI,1234,-4.037314318
2122.5,verylow,CO2 AFOLU,1234,-0.962685682
2122.5,verylow-overshoot,CO2 FFI,1234,-25.737314318
2122.5,verylow-overshoot,CO2 AFOLU,1234,-0.962685682
2123.5,high-extension,CO2 FFI,1234,73.771686024
2123.5,high-extension,CO2 AFOLU,1234,0.228313976
2123.5,high-overshoot,CO2 FFI,1234,44.78835269066666
2123.5,high-overshoot,CO2 AFOLU,1234,0.228313976
2123.5,medium-extension,CO2 FFI,1234,33.719444289
2123.5,medium-extension,CO2 AFOLU,1234,-2.354444289
2123.5,medium-overshoot,CO2 FFI,1234,-9.865555711
2123.5,medium-overshoot,CO2 AFOLU,1234,-2.354444289
2123.5,low,CO2 FFI,1234,-7.0
2123.5,low,CO2 AFOLU,1234,0.0
2123.5,verylow,CO2 FFI,1234,-4.071658697
2123.5,verylow,CO2 AFOLU,1234,-0.928341303
2123.5,verylow-overshoot,CO2 FFI,1234,-25.891658697
2123.5,verylow-overshoot,CO2 AFOLU,1234,-0.928341303
2124.5,high-extension,CO2 FFI,1234,73.885843012
2124.5,high-extension,CO2 AFOLU,1234,0.114156988
2124.5,high-overshoot,CO2 FFI,1234,43.669176345333334
2124.5,high-overshoot,CO2 AFOLU,1234,0.114156988
2124.5,medium-extension,CO2 FFI,1234,33.222320516
2124.5,medium-extension,CO2 AFOLU,1234,-2.267320516
2124.5,medium-overshoot,CO2 FFI,1234,-10.472679484
2124.5,medium-overshoot,CO2 AFOLU,1234,-2.267320516
2124.5,low,CO2 FFI,1234,-7.0
2124.5,low,CO2 AFOLU,1234,0.0
2124.5,verylow,CO2 FFI,1234,-4.1060030770000004
2124.5,verylow,CO2 AFOLU,1234,-0.893996923
2124.5,verylow-overshoot,CO2 FFI,1234,-26.046003077
2124.5,verylow-overshoot,CO2 AFOLU,1234,-0.893996923
2125.5,high-extension,CO2 FFI,1234,74.0
2125.5,high-extension,CO2 AFOLU,1234,0.0
2125.5,high-overshoot,CO2 FFI,1234,42.55
2125.5,high-overshoot,CO2 AFOLU,1234,0.0
2125.5,medium-extension,CO2 FFI,1234,32.724933941
2125.5,medium-extension,CO2 AFOLU,1234,-2.179933941
2125.5,medium-overshoot,CO2 FFI,1234,-10.820066059
2125.5,medium-overshoot,CO2 AFOLU,1234,-2.179933941
2125.5,low,CO2 FFI,1234,-7.0
2125.5,low,CO2 AFOLU,1234,0.0
2125.5,verylow,CO2 FFI,1234,-4.140477838
2125.5,verylow,CO2 AFOLU,1234,-0.859522162
2125.5,verylow-overshoot,CO2 FFI,1234,-26.200477837999998
2125.5,verylow-overshoot,CO2 AFOLU,1234,-0.859522162
2126.5,high-extension,CO2 FFI,1234,74.0
2126.5,high-extension,CO2 AFOLU,1234,0.0
2126.5,high-overshoot,CO2 FFI,1234,41.31666666666666
2126.5,high-overshoot,CO2 AFOLU,1234,0.0
2126.5,medium-extension,CO2 FFI,1234,32.227810168000005
2126.5,medium-extension,CO2 AFOLU,1234,-2.092810168
2126.5,medium-overshoot,CO2 FFI,1234,-10.907189832
2126.5,medium-overshoot,CO2 AFOLU,1234,-2.092810168
2126.5,low,CO2 FFI,1234,-7.0
2126.5,low,CO2 AFOLU,1234,0.0
2126.5,verylow,CO2 FFI,1234,-4.174822218
2126.5,verylow,CO2 AFOLU,1234,-0.825177782
2126.5,verylow-overshoot,CO2 FFI,1234,-26.354822218
2126.5,verylow-overshoot,CO2 AFOLU,1234,-0.825177782
2127.5,high-extension,CO2 FFI,1234,74.0
2127.5,high-extension,CO2 AFOLU,1234,0.0
2127.5,high-overshoot,CO2 FFI,1234,40.08333333333333
2127.5,high-overshoot,CO2 AFOLU,1234,0.0
2127.5,medium-extension,CO2 FFI,1234,31.730686395000003
2127.5,medium-extension,CO2 AFOLU,1234,-2.005686395
2127.5,medium-overshoot,CO2 FFI,1234,-10.994313605
2127.5,medium-overshoot,CO2 AFOLU,1234,-2.005686395
2127.5,low,CO2 FFI,1234,-7.0
2127.5,low,CO2 AFOLU,1234,0.0
2127.5,verylow,CO2 FFI,1234,-4.209166597
2127.5,verylow,CO2 AFOLU,1234,-0.790833403
2127.5,verylow-overshoot,CO2 FFI,1234,-26.509166597
2127.5,verylow-overshoot,CO2 AFOLU,1234,-0.790833403
2128.5,high-extension,CO2 FFI,1234,74.0
2128.5,high-extension,CO2 AFOLU,1234,0.0
2128.5,high-overshoot,CO2 FFI,1234,38.85
2128.5,high-overshoot,CO2 AFOLU,1234,0.0
2128.5,medium-extension,CO2 FFI,1234,31.233562622
2128.5,medium-extension,CO2 AFOLU,1234,-1.918562622
2128.5,medium-overshoot,CO2 FFI,1234,-11.081437378
2128.5,medium-overshoot,CO2 AFOLU,1234,-1.918562622
2128.5,low,CO2 FFI,1234,-7.0
2128.5,low,CO2 AFOLU,1234,0.0
2128.5,verylow,CO2 FFI,1234,-4.243510976
2128.5,verylow,CO2 AFOLU,1234,-0.756489024
2128.5,verylow-overshoot,CO2 FFI,1234,-26.663510975999998
2128.5,verylow-overshoot,CO2 AFOLU,1234,-0.756489024
2129.5,high-extension,CO2 FFI,1234,74.0
2129.5,high-extension,CO2 AFOLU,1234,0.0
2129.5,high-overshoot,CO2 FFI,1234,37.61666666666667
2129.5,high-overshoot,CO2 AFOLU,1234,0.0
2129.5,medium-extension,CO2 FFI,1234,30.736176047
2129.5,medium-extension,CO2 AFOLU,1234,-1.831176047
2129.5,medium-overshoot,CO2 FFI,1234,-11.168823953
2129.5,medium-overshoot,CO2 AFOLU,1234,-1.831176047
2129.5,low,CO2 FFI,1234,-7.0
2129.5,low,CO2 AFOLU,1234,0.0
2129.5,verylow,CO2 FFI,1234,-4.277985738
2129.5,verylow,CO2 AFOLU,1234,-0.722014262
2129.5,verylow-overshoot,CO2 FFI,1234,-26.817985738
2129.5,verylow-overshoot,CO2 AFOLU,1234,-0.722014262
2130.5,high-extension,CO2 FFI,1234,74.0
2130.5,high-extension,CO2 AFOLU,1234,0.0
2130.5,high-overshoot,CO2 FFI,1234,36.38333333333333
2130.5,high-overshoot,CO2 AFOLU,1234,0.0
2130.5,medium-extension,CO2 FFI,1234,30.239052274000002
2130.5,medium-extension,CO2 AFOLU,1234,-1.744052274
2130.5,medium-overshoot,CO2 FFI,1234,-11.255947726
2130.5,medium-overshoot,CO2 AFOLU,1234,-1.744052274
2130.5,low,CO2 FFI,1234,-7.0
2130.5,low,CO2 AFOLU,1234,0.0
2130.5,verylow,CO2 FFI,1234,-4.312330118
2130.5,verylow,CO2 AFOLU,1234,-0.687669882
2130.5,verylow-overshoot,CO2 FFI,1234,-26.972330118
2130.5,verylow-overshoot,CO2 AFOLU,1234,-0.687669882
2131.5,high-extension,CO2 FFI,1234,74.0
2131.5,high-extension,CO2 AFOLU,1234,0.0
2131.5,high-overshoot,CO2 FFI,1234,35.15
2131.5,high-overshoot,CO2 AFOLU,1234,0.0
2131.5,medium-extension,CO2 FFI,1234,29.741902235
2131.5,medium-extension,CO2 AFOLU,1234,-1.656902235
2131.5,medium-overshoot,CO2 FFI,1234,-11.343097765
2131.5,medium-overshoot,CO2 AFOLU,1234,-1.656902235
2131.5,low,CO2 FFI,1234,-7.0
2131.5,low,CO2 AFOLU,1234,0.0
2131.5,verylow,CO2 FFI,1234,-4.346687528
2131.5,verylow,CO2 AFOLU,1234,-0.653312472
2131.5,verylow-overshoot,CO2 FFI,1234,-27.126687528
2131.5,verylow-overshoot,CO2 AFOLU,1234,-0.653312472
2132.5,high-extension,CO2 FFI,1234,74.0
2132.5,high-extension,CO2 AFOLU,1234,0.0
2132.5,high-overshoot,CO2 FFI,1234,33.916666666666664
2132.5,high-overshoot,CO2 AFOLU,1234,0.0
2132.5,medium-extension,CO2 FFI,1234,29.244752196
2132.5,medium-extension,CO2 AFOLU,1234,-1.569752196
2132.5,medium-overshoot,CO2 FFI,1234,-11.430247804
2132.5,medium-overshoot,CO2 AFOLU,1234,-1.569752196
2132.5,low,CO2 FFI,1234,-7.0
2132.5,low,CO2 AFOLU,1234,0.0
2132.5,verylow,CO2 FFI,1234,-4.381044939
2132.5,verylow,CO2 AFOLU,1234,-0.618955061
2132.5,verylow-overshoot,CO2 FFI,1234,-27.281044938999997
2132.5,verylow-overshoot,CO2 AFOLU,1234,-0.618955061
2133.5,high-extension,CO2 FFI,1234,74.0
2133.5,high-extension,CO2 AFOLU,1234,0.0
2133.5,high-overshoot,CO2 FFI,1234,32.68333333333333
2133.5,high-overshoot,CO2 AFOLU,1234,0.0
2133.5,medium-extension,CO2 FFI,1234,28.747339283000002
2133.5,medium-extension,CO2 AFOLU,1234,-1.482339283
2133.5,medium-overshoot,CO2 FFI,1234,-11.517660717
2133.5,medium-overshoot,CO2 AFOLU,1234,-1.482339283
2133.5,low,CO2 FFI,1234,-7.0
2133.5,low,CO2 AFOLU,1234,0.0
2133.5,verylow,CO2 FFI,1234,-4.415532767
2133.5,verylow,CO2 AFOLU,1234,-0.584467233
2133.5,verylow-overshoot,CO2 FFI,1234,-27.435532766999998
2133.5,verylow-overshoot,CO2 AFOLU,1234,-0.584467233
2134.5,high-extension,CO2 FFI,1234,74.0
2134.5,high-extension,CO2 AFOLU,1234,0.0
2134.5,high-overshoot,CO2 FFI,1234,31.45
2134.5,high-overshoot,CO2 AFOLU,1234,0.0
2134.5,medium-extension,CO2 FFI,1234,28.250189244
2134.5,medium-extension,CO2 AFOLU,1234,-1.395189244
2134.5,medium-overshoot,CO2 FFI,1234,-11.604810756
2134.5,medium-overshoot,CO2 AFOLU,1234,-1.395189244
2134.5,low,CO2 FFI,1234,-7.0
2134.5,low,CO2 AFOLU,1234,0.0
2134.5,verylow,CO2 FFI,1234,-4.449890178
2134.5,verylow,CO2 AFOLU,1234,-0.550109822
2134.5,verylow-overshoot,CO2 FFI,1234,-27.589890178
2134.5,verylow-overshoot,CO2 AFOLU,1234,-0.550109822
2135.5,high-extension,CO2 FFI,1234,74.0
2135.5,high-extension,CO2 AFOLU,1234,0.0
2135.5,high-overshoot,CO2 FFI,1234,30.216666666666665
2135.5,high-overshoot,CO2 AFOLU,1234,0.0
2135.5,medium-extension,CO2 FFI,1234,27.753039205
2135.5,medium-extension,CO2 AFOLU,1234,-1.308039205
2135.5,medium-overshoot,CO2 FFI,1234,-11.691960795
2135.5,medium-overshoot,CO2 AFOLU,1234,-1.308039205
2135.5,low,CO2 FFI,1234,-7.0
2135.5,low,CO2 AFOLU,1234,0.0
2135.5,verylow,CO2 FFI,1234,-4.484247588
2135.5,verylow,CO2 AFOLU,1234,-0.515752412
2135.5,verylow-overshoot,CO2 FFI,1234,-27.744247588
2135.5,verylow-overshoot,CO2 AFOLU,1234,-0.515752412
2136.5,high-extension,CO2 FFI,1234,74.0
2136.5,high-extension,CO2 AFOLU,1234,0.0
2136.5,high-overshoot,CO2 FFI,1234,28.98333333333333
2136.5,high-overshoot,CO2 AFOLU,1234,0.0
2136.5,medium-extension,CO2 FFI,1234,27.255889166
2136.5,medium-extension,CO2 AFOLU,1234,-1.220889166
2136.5,medium-overshoot,CO2 FFI,1234,-11.779110834
2136.5,medium-overshoot,CO2 AFOLU,1234,-1.220889166
2136.5,low,CO2 FFI,1234,-7.0
2136.5,low,CO2 AFOLU,1234,0.0
2136.5,verylow,CO2 FFI,1234,-4.518604999
2136.5,verylow,CO2 AFOLU,1234,-0.481395001
2136.5,verylow-overshoot,CO2 FFI,1234,-27.898604999
2136.5,verylow-overshoot,CO2 AFOLU,1234,-0.481395001
2137.5,high-extension,CO2 FFI,1234,74.0
2137.5,high-extension,CO2 AFOLU,1234,0.0
2137.5,high-overshoot,CO2 FFI,1234,27.749999999999996
2137.5,high-overshoot,CO2 AFOLU,1234,0.0
2137.5,medium-extension,CO2 FFI,1234,26.758476253
2137.5,medium-extension,CO2 AFOLU,1234,-1.133476253
2137.5,medium-overshoot,CO2 FFI,1234,-11.866523747
2137.5,medium-overshoot,CO2 AFOLU,1234,-1.133476253
2137.5,low,CO2 FFI,1234,-7.0
2137.5,low,CO2 AFOLU,1234,0.0
2137.5,verylow,CO2 FFI,1234,-4.553092827
2137.5,verylow,CO2 AFOLU,1234,-0.446907173
2137.5,verylow-overshoot,CO2 FFI,1234,-28.053092827
2137.5,verylow-overshoot,CO2 AFOLU,1234,-0.446907173
2138.5,high-extension,CO2 FFI,1234,74.0
2138.5,high-extension,CO2 AFOLU,1234,0.0
2138.5,high-overshoot,CO2 FFI,1234,26.516666666666666
2138.5,high-overshoot,CO2 AFOLU,1234,0.0
2138.5,medium-extension,CO2 FFI,1234,26.261326214
2138.5,medium-extension,CO2 AFOLU,1234,-1.046326214
2138.5,medium-overshoot,CO2 FFI,1234,-11.953673786
2138.5,medium-overshoot,CO2 AFOLU,1234,-1.046326214
2138.5,low,CO2 FFI,1234,-7.0
2138.5,low,CO2 AFOLU,1234,0.0
2138.5,verylow,CO2 FFI,1234,-4.587450238
2138.5,verylow,CO2 AFOLU,1234,-0.412549762
2138.5,verylow-overshoot,CO2 FFI,1234,-28.207450238
2138.5,verylow-overshoot,CO2 AFOLU,1234,-0.412549762
2139.5,high-extension,CO2 FFI,1234,74.0
2139.5,high-extension,CO2 AFOLU,1234,0.0
2139.5,high-overshoot,CO2 FFI,1234,25.28333333333333
2139.5,high-overshoot,CO2 AFOLU,1234,0.0
2139.5,medium-extension,CO2 FFI,1234,25.764176176
2139.5,medium-extension,CO2 AFOLU,1234,-0.959176176
2139.5,medium-overshoot,CO2 FFI,1234,-12.040823824
2139.5,medium-overshoot,CO2 AFOLU,1234,-0.959176176
2139.5,low,CO2 FFI,1234,-7.0
2139.5,low,CO2 AFOLU,1234,0.0
2139.5,verylow,CO2 FFI,1234,-4.621807648
2139.5,verylow,CO2 AFOLU,1234,-0.378192352
2139.5,verylow-overshoot,CO2 FFI,1234,-28.361807648
2139.5,verylow-overshoot,CO2 AFOLU,1234,-0.378192352
2140.5,high-extension,CO2 FFI,1234,74.0
2140.5,high-extension,CO2 AFOLU,1234,0.0
2140.5,high-overshoot,CO2 FFI,1234,24.049999999999997
2140.5,high-overshoot,CO2 AFOLU,1234,0.0
2140.5,medium-extension,CO2 FFI,1234,25.267026137
2140.5,medium-extension,CO2 AFOLU,1234,-0.872026137
2140.5,medium-overshoot,CO2 FFI,1234,-12.127973863
2140.5,medium-overshoot,CO2 AFOLU,1234,-0.872026137
2140.5,low,CO2 FFI,1234,-7.0
2140.5,low,CO2 AFOLU,1234,0.0
2140.5,verylow,CO2 FFI,1234,-4.656165059
2140.5,verylow,CO2 AFOLU,1234,-0.343834941
2140.5,verylow-overshoot,CO2 FFI,1234,-28.516165059
2140.5,verylow-overshoot,CO2 AFOLU,1234,-0.343834941
2141.5,high-extension,CO2 FFI,1234,74.0
2141.5,high-extension,CO2 AFOLU,1234,0.0
2141.5,high-overshoot,CO2 FFI,1234,22.816666666666663
2141.5,high-overshoot,CO2 AFOLU,1234,0.0
2141.5,medium-extension,CO2 FFI,1234,24.769639562
2141.5,medium-extension,CO2 AFOLU,1234,-0.784639562
2141.5,medium-overshoot,CO2 FFI,1234,-12.215360438
2141.5,medium-overshoot,CO2 AFOLU,1234,-0.784639562
2141.5,low,CO2 FFI,1234,-7.0
2141.5,low,CO2 AFOLU,1234,0.0
2141.5,verylow,CO2 FFI,1234,-4.6906398209999995
2141.5,verylow,CO2 AFOLU,1234,-0.309360179
2141.5,verylow-overshoot,CO2 FFI,1234,-28.670639821
2141.5,verylow-overshoot,CO2 AFOLU,1234,-0.309360179
2142.5,high-extension,CO2 FFI,1234,74.0
2142.5,high-extension,CO2 AFOLU,1234,0.0
2142.5,high-overshoot,CO2 FFI,1234,21.583333333333332
2142.5,high-overshoot,CO2 AFOLU,1234,0.0
2142.5,medium-extension,CO2 FFI,1234,24.272515789
2142.5,medium-extension,CO2 AFOLU,1234,-0.697515789
2142.5,medium-overshoot,CO2 FFI,1234,-12.302484211
2142.5,medium-overshoot,CO2 AFOLU,1234,-0.697515789
2142.5,low,CO2 FFI,1234,-7.0
2142.5,low,CO2 AFOLU,1234,0.0
2142.5,verylow,CO2 FFI,1234,-4.7249842
2142.5,verylow,CO2 AFOLU,1234,-0.2750158
2142.5,verylow-overshoot,CO2 FFI,1234,-28.824984200000003
2142.5,verylow-overshoot,CO2 AFOLU,1234,-0.2750158
2143.5,high-extension,CO2 FFI,1234,74.0
2143.5,high-extension,CO2 AFOLU,1234,0.0
2143.5,high-overshoot,CO2 FFI,1234,20.349999999999998
2143.5,high-overshoot,CO2 AFOLU,1234,0.0
2143.5,medium-extension,CO2 FFI,1234,23.775392015
2143.5,medium-extension,CO2 AFOLU,1234,-0.610392015
2143.5,medium-overshoot,CO2 FFI,1234,-12.389607985
2143.5,medium-overshoot,CO2 AFOLU,1234,-0.610392015
2143.5,low,CO2 FFI,1234,-7.0
2143.5,low,CO2 AFOLU,1234,0.0
2143.5,verylow,CO2 FFI,1234,-4.759328579
2143.5,verylow,CO2 AFOLU,1234,-0.240671421
2143.5,verylow-overshoot,CO2 FFI,1234,-28.979328579
2143.5,verylow-overshoot,CO2 AFOLU,1234,-0.240671421
2144.5,high-extension,CO2 FFI,1234,74.0
2144.5,high-extension,CO2 AFOLU,1234,0.0
2144.5,high-overshoot,CO2 FFI,1234,19.116666666666664
2144.5,high-overshoot,CO2 AFOLU,1234,0.0
2144.5,medium-extension,CO2 FFI,1234,23.278268242000003
2144.5,medium-extension,CO2 AFOLU,1234,-0.523268242
2144.5,medium-overshoot,CO2 FFI,1234,-12.476731758
2144.5,medium-overshoot,CO2 AFOLU,1234,-0.523268242
2144.5,low,CO2 FFI,1234,-7.0
2144.5,low,CO2 AFOLU,1234,0.0
2144.5,verylow,CO2 FFI,1234,-4.793672959
2144.5,verylow,CO2 AFOLU,1234,-0.206327041
2144.5,verylow-overshoot,CO2 FFI,1234,-29.133672959
2144.5,verylow-overshoot,CO2 AFOLU,1234,-0.206327041
2145.5,high-extension,CO2 FFI,1234,74.0
2145.5,high-extension,CO2 AFOLU,1234,0.0
2145.5,high-overshoot,CO2 FFI,1234,17.88333333333333
2145.5,high-overshoot,CO2 AFOLU,1234,0.0
2145.5,medium-extension,CO2 FFI,1234,22.780881667000003
2145.5,medium-extension,CO2 AFOLU,1234,-0.435881667
2145.5,medium-overshoot,CO2 FFI,1234,-12.564118333
2145.5,medium-overshoot,CO2 AFOLU,1234,-0.435881667
2145.5,low,CO2 FFI,1234,-7.0
2145.5,low,CO2 AFOLU,1234,0.0
2145.5,verylow,CO2 FFI,1234,-4.828147721
2145.5,verylow,CO2 AFOLU,1234,-0.171852279
2145.5,verylow-overshoot,CO2 FFI,1234,-29.288147721
2145.5,verylow-overshoot,CO2 AFOLU,1234,-0.171852279
2146.5,high-extension,CO2 FFI,1234,74.0
2146.5,high-extension,CO2 AFOLU,1234,0.0
2146.5,high-overshoot,CO2 FFI,1234,16.65
2146.5,high-overshoot,CO2 AFOLU,1234,0.0
2146.5,medium-extension,CO2 FFI,1234,22.283757894
2146.5,medium-extension,CO2 AFOLU,1234,-0.348757894
2146.5,medium-overshoot,CO2 FFI,1234,-12.651242106
2146.5,medium-overshoot,CO2 AFOLU,1234,-0.348757894
2146.5,low,CO2 FFI,1234,-7.0
2146.5,low,CO2 AFOLU,1234,0.0
2146.5,verylow,CO2 FFI,1234,-4.8624921
2146.5,verylow,CO2 AFOLU,1234,-0.1375079
2146.5,verylow-overshoot,CO2 FFI,1234,-29.4424921
2146.5,verylow-overshoot,CO2 AFOLU,1234,-0.1375079
2147.5,high-extension,CO2 FFI,1234,74.0
2147.5,high-extension,CO2 AFOLU,1234,0.0
2147.5,high-overshoot,CO2 FFI,1234,15.416666666666664
2147.5,high-overshoot,CO2 AFOLU,1234,0.0
2147.5,medium-extension,CO2 FFI,1234,21.786634121000002
2147.5,medium-extension,CO2 AFOLU,1234,-0.261634121
2147.5,medium-overshoot,CO2 FFI,1234,-12.738365879
2147.5,medium-overshoot,CO2 AFOLU,1234,-0.261634121
2147.5,low,CO2 FFI,1234,-7.0
2147.5,low,CO2 AFOLU,1234,0.0
2147.5,verylow,CO2 FFI,1234,-4.896836479
2147.5,verylow,CO2 AFOLU,1234,-0.103163521
2147.5,verylow-overshoot,CO2 FFI,1234,-29.596836479
2147.5,verylow-overshoot,CO2 AFOLU,1234,-0.103163521
2148.5,high-extension,CO2 FFI,1234,74.0
2148.5,high-extension,CO2 AFOLU,1234,0.0
2148.5,high-overshoot,CO2 FFI,1234,14.18333333333333
2148.5,high-overshoot,CO2 AFOLU,1234,0.0
2148.5,medium-extension,CO2 FFI,1234,21.289510348
2148.5,medium-extension,CO2 AFOLU,1234,-0.174510348
2148.5,medium-overshoot,CO2 FFI,1234,-12.825489652
2148.5,medium-overshoot,CO2 AFOLU,1234,-0.174510348
2148.5,low,CO2 FFI,1234,-7.0
2148.5,low,CO2 AFOLU,1234,0.0
2148.5,verylow,CO2 FFI,1234,-4.931180859
2148.5,verylow,CO2 AFOLU,1234,-0.068819141
2148.5,verylow-overshoot,CO2 FFI,1234,-29.751180859
2148.5,verylow-overshoot,CO2 AFOLU,1234,-0.068819141
2149.5,high-extension,CO2 FFI,1234,74.0
2149.5,high-extension,CO2 AFOLU,1234,0.0
2149.5,high-overshoot,CO2 FFI,1234,12.949999999999998
2149.5,high-overshoot,CO2 AFOLU,1234,0.0
2149.5,medium-extension,CO2 FFI,1234,20.792123773
2149.5,medium-extension,CO2 AFOLU,1234,-0.087123773
2149.5,medium-overshoot,CO2 FFI,1234,-12.912876227
2149.5,medium-overshoot,CO2 AFOLU,1234,-0.087123773
2149.5,low,CO2 FFI,1234,-7.0
2149.5,low,CO2 AFOLU,1234,0.0
2149.5,verylow,CO2 FFI,1234,-4.965655621
2149.5,verylow,CO2 AFOLU,1234,-0.034344379
2149.5,verylow-overshoot,CO2 FFI,1234,-29.905655621
2149.5,verylow-overshoot,CO2 AFOLU,1234,-0.034344379
2150.5,high-extension,CO2 FFI,1234,74.0
2150.5,high-extension,CO2 AFOLU,1234,0.0
2150.5,high-overshoot,CO2 FFI,1234,11.716666666666663
2150.5,high-overshoot,CO2 AFOLU,1234,0.0
2150.5,medium-extension,CO2 FFI,1234,20.295
2150.5,medium-extension,CO2 AFOLU,1234,0.0
2150.5,medium-overshoot,CO2 FFI,1234,-13.0
2150.5,medium-overshoot,CO2 AFOLU,1234,0.0
2150.5,low,CO2 FFI,1234,-7.0
2150.5,low,CO2 AFOLU,1234,0.0
2150.5,verylow,CO2 FFI,1234,-5.0
2150.5,verylow,CO2 AFOLU,1234,0.0
2150.5,verylow-overshoot,CO2 FFI,1234,-30.0
2150.5,verylow-overshoot,CO2 AFOLU,1234,0.0
2151.5,high-extension,CO2 FFI,1234,74.0
2151.5,high-extension,CO2 AFOLU,1234,0.0
2151.5,high-overshoot,CO2 FFI,1234,10.48333333333333
2151.5,high-overshoot,CO2 AFOLU,1234,0.0
2151.5,medium-extension,CO2 FFI,1234,19.885
2151.5,medium-extension,CO2 AFOLU,1234,0.0
2151.5,medium-overshoot,CO2 FFI,1234,-13.0
2151.5,medium-overshoot,CO2 AFOLU,1234,0.0
2151.5,low,CO2 FFI,1234,-7.0
2151.5,low,CO2 AFOLU,1234,0.0
2151.5,verylow,CO2 FFI,1234,-5.0
2151.5,verylow,CO2 AFOLU,1234,0.0
2151.5,verylow-overshoot,CO2 FFI,1234,-30.0
2151.5,verylow-overshoot,CO2 AFOLU,1234,0.0
2152.5,high-extension,CO2 FFI,1234,74.0
2152.5,high-extension,CO2 AFOLU,1234,0.0
2152.5,high-overshoot,CO2 FFI,1234,9.249999999999996
2152.5,high-overshoot,CO2 AFOLU,1234,0.0
2152.5,medium-extension,CO2 FFI,1234,19.475
2152.5,medium-extension,CO2 AFOLU,1234,0.0
2152.5,medium-overshoot,CO2 FFI,1234,-13.0
2152.5,medium-overshoot,CO2 AFOLU,1234,0.0
2152.5,low,CO2 FFI,1234,-7.0
2152.5,low,CO2 AFOLU,1234,0.0
2152.5,verylow,CO2 FFI,1234,-5.0
2152.5,verylow,CO2 AFOLU,1234,0.0
2152.5,verylow-overshoot,CO2 FFI,1234,-30.0
2152.5,verylow-overshoot,CO2 AFOLU,1234,0.0
2153.5,high-extension,CO2 FFI,1234,74.0
2153.5,high-extension,CO2 AFOLU,1234,0.0
2153.5,high-overshoot,CO2 FFI,1234,8.016666666666664
2153.5,high-overshoot,CO2 AFOLU,1234,0.0
2153.5,medium-extension,CO2 FFI,1234,19.065
2153.5,medium-extension,CO2 AFOLU,1234,0.0
2153.5,medium-overshoot,CO2 FFI,1234,-13.0
2153.5,medium-overshoot,CO2 AFOLU,1234,0.0
2153.5,low,CO2 FFI,1234,-7.0
2153.5,low,CO2 AFOLU,1234,0.0
2153.5,verylow,CO2 FFI,1234,-5.0
2153.5,verylow,CO2 AFOLU,1234,0.0
2153.5,verylow-overshoot,CO2 FFI,1234,-30.0
2153.5,verylow-overshoot,CO2 AFOLU,1234,0.0
2154.5,high-extension,CO2 FFI,1234,74.0
2154.5,high-extension,CO2 AFOLU,1234,0.0
2154.5,high-overshoot,CO2 FFI,1234,6.78333333333333
2154.5,high-overshoot,CO2 AFOLU,1234,0.0
2154.5,medium-extension,CO2 FFI,1234,18.655
2154.5,medium-extension,CO2 AFOLU,1234,0.0
2154.5,medium-overshoot,CO2 FFI,1234,-13.0
2154.5,medium-overshoot,CO2 AFOLU,1234,0.0
2154.5,low,CO2 FFI,1234,-7.0
2154.5,low,CO2 AFOLU,1234,0.0
2154.5,verylow,CO2 FFI,1234,-5.0
2154.5,verylow,CO2 AFOLU,1234,0.0
2154.5,verylow-overshoot,CO2 FFI,1234,-30.0
2154.5,verylow-overshoot,CO2 AFOLU,1234,0.0
2155.5,high-extension,CO2 FFI,1234,74.0
2155.5,high-extension,CO2 AFOLU,1234,0.0
2155.5,high-overshoot,CO2 FFI,1234,5.549999999999997
2155.5,high-overshoot,CO2 AFOLU,1234,0.0
2155.5,medium-extension,CO2 FFI,1234,18.245
2155.5,medium-extension,CO2 AFOLU,1234,0.0
2155.5,medium-overshoot,CO2 FFI,1234,-13.0
2155.5,medium-overshoot,CO2 AFOLU,1234,0.0
2155.5,low,CO2 FFI,1234,-7.0
2155.5,low,CO2 AFOLU,1234,0.0
2155.5,verylow,CO2 FFI,1234,-5.0
2155.5,verylow,CO2 AFOLU,1234,0.0
2155.5,verylow-overshoot,CO2 FFI,1234,-30.0
2155.5,verylow-overshoot,CO2 AFOLU,1234,0.0
2156.5,high-extension,CO2 FFI,1234,74.0
2156.5,high-extension,CO2 AFOLU,1234,0.0
2156.5,high-overshoot,CO2 FFI,1234,4.316666666666663
2156.5,high-overshoot,CO2 AFOLU,1234,0.0
2156.5,medium-extension,CO2 FFI,1234,17.835
2156.5,medium-extension,CO2 AFOLU,1234,0.0
2156.5,medium-overshoot,CO2 FFI,1234,-13.0
2156.5,medium-overshoot,CO2 AFOLU,1234,0.0
2156.5,low,CO2 FFI,1234,-7.0
2156.5,low,CO2 AFOLU,1234,0.0
2156.5,verylow,CO2 FFI,1234,-5.0
2156.5,verylow,CO2 AFOLU,1234,0.0
2156.5,verylow-overshoot,CO2 FFI,1234,-30.0
2156.5,verylow-overshoot,CO2 AFOLU,1234,0.0
2157.5,high-extension,CO2 FFI,1234,74.0
2157.5,high-extension,CO2 AFOLU,1234,0.0
2157.5,high-overshoot,CO2 FFI,1234,3.08333333333333
2157.5,high-overshoot,CO2 AFOLU,1234,0.0
2157.5,medium-extension,CO2 FFI,1234,17.425
2157.5,medium-extension,CO2 AFOLU,1234,0.0
2157.5,medium-overshoot,CO2 FFI,1234,-13.0
2157.5,medium-overshoot,CO2 AFOLU,1234,0.0
2157.5,low,CO2 FFI,1234,-7.0
2157.5,low,CO2 AFOLU,1234,0.0
2157.5,verylow,CO2 FFI,1234,-5.0
2157.5,verylow,CO2 AFOLU,1234,0.0
2157.5,verylow-overshoot,CO2 FFI,1234,-30.0
2157.5,verylow-overshoot,CO2 AFOLU,1234,0.0
2158.5,high-extension,CO2 FFI,1234,74.0
2158.5,high-extension,CO2 AFOLU,1234,0.0
2158.5,high-overshoot,CO2 FFI,1234,1.8499999999999965
2158.5,high-overshoot,CO2 AFOLU,1234,0.0
2158.5,medium-extension,CO2 FFI,1234,17.015
2158.5,medium-extension,CO2 AFOLU,1234,0.0
2158.5,medium-overshoot,CO2 FFI,1234,-13.0
2158.5,medium-overshoot,CO2 AFOLU,1234,0.0
2158.5,low,CO2 FFI,1234,-7.0
2158.5,low,CO2 AFOLU,1234,0.0
2158.5,verylow,CO2 FFI,1234,-5.0
2158.5,verylow,CO2 AFOLU,1234,0.0
2158.5,verylow-overshoot,CO2 FFI,1234,-30.0
2158.5,verylow-overshoot,CO2 AFOLU,1234,0.0
2159.5,high-extension,CO2 FFI,1234,74.0
2159.5,high-extension,CO2 AFOLU,1234,0.0
2159.5,high-overshoot,CO2 FFI,1234,0.6166666666666631
2159.5,high-overshoot,CO2 AFOLU,1234,0.0
2159.5,medium-extension,CO2 FFI,1234,16.605
2159.5,medium-extension,CO2 AFOLU,1234,0.0
2159.5,medium-overshoot,CO2 FFI,1234,-13.0
2159.5,medium-overshoot,CO2 AFOLU,1234,0.0
2159.5,low,CO2 FFI,1234,-7.0
2159.5,low,CO2 AFOLU,1234,0.0
2159.5,verylow,CO2 FFI,1234,-5.0
2159.5,verylow,CO2 AFOLU,1234,0.0
2159.5,verylow-overshoot,CO2 FFI,1234,-30.0
2159.5,verylow-overshoot,CO2 AFOLU,1234,0.0
2160.5,high-extension,CO2 FFI,1234,74.0
2160.5,high-extension,CO2 AFOLU,1234,0.0
2160.5,high-overshoot,CO2 FFI,1234,-0.425
2160.5,high-overshoot,CO2 AFOLU,1234,0.0
2160.5,medium-extension,CO2 FFI,1234,16.195
2160.5,medium-extension,CO2 AFOLU,1234,0.0
2160.5,medium-overshoot,CO2 FFI,1234,-13.0
2160.5,medium-overshoot,CO2 AFOLU,1234,0.0
2160.5,low,CO2 FFI,1234,-7.0
2160.5,low,CO2 AFOLU,1234,0.0
2160.5,verylow,CO2 FFI,1234,-5.0
2160.5,verylow,CO2 AFOLU,1234,0.0
2160.5,verylow-overshoot,CO2 FFI,1234,-30.0
2160.5,verylow-overshoot,CO2 AFOLU,1234,0.0
2161.5,high-extension,CO2 FFI,1234,74.0
2161.5,high-extension,CO2 AFOLU,1234,0.0
2161.5,high-overshoot,CO2 FFI,1234,-1.275
2161.5,high-overshoot,CO2 AFOLU,1234,0.0
2161.5,medium-extension,CO2 FFI,1234,15.785000000000002
2161.5,medium-extension,CO2 AFOLU,1234,0.0
2161.5,medium-overshoot,CO2 FFI,1234,-13.0
2161.5,medium-overshoot,CO2 AFOLU,1234,0.0
2161.5,low,CO2 FFI,1234,-7.0
2161.5,low,CO2 AFOLU,1234,0.0
2161.5,verylow,CO2 FFI,1234,-5.0
2161.5,verylow,CO2 AFOLU,1234,0.0
2161.5,verylow-overshoot,CO2 FFI,1234,-30.0
2161.5,verylow-overshoot,CO2 AFOLU,1234,0.0
2162.5,high-extension,CO2 FFI,1234,74.0
2162.5,high-extension,CO2 AFOLU,1234,0.0
2162.5,high-overshoot,CO2 FFI,1234,-2.125
2162.5,high-overshoot,CO2 AFOLU,1234,0.0
2162.5,medium-extension,CO2 FFI,1234,15.375000000000002
2162.5,medium-extension,CO2 AFOLU,1234,0.0
2162.5,medium-overshoot,CO2 FFI,1234,-13.0
2162.5,medium-overshoot,CO2 AFOLU,1234,0.0
2162.5,low,CO2 FFI,1234,-7.0
2162.5,low,CO2 AFOLU,1234,0.0
2162.5,verylow,CO2 FFI,1234,-5.0
2162.5,verylow,CO2 AFOLU,1234,0.0
2162.5,verylow-overshoot,CO2 FFI,1234,-30.0
2162.5,verylow-overshoot,CO2 AFOLU,1234,0.0
2163.5,high-extension,CO2 FFI,1234,74.0
2163.5,high-extension,CO2 AFOLU,1234,0.0
2163.5,high-overshoot,CO2 FFI,1234,-2.975
2163.5,high-overshoot,CO2 AFOLU,1234,0.0
2163.5,medium-extension,CO2 FFI,1234,14.965000000000002
2163.5,medium-extension,CO2 AFOLU,1234,0.0
2163.5,medium-overshoot,CO2 FFI,1234,-13.0
2163.5,medium-overshoot,CO2 AFOLU,1234,0.0
2163.5,low,CO2 FFI,1234,-7.0
2163.5,low,CO2 AFOLU,1234,0.0
2163.5,verylow,CO2 FFI,1234,-5.0
2163.5,verylow,CO2 AFOLU,1234,0.0
2163.5,verylow-overshoot,CO2 FFI,1234,-30.0
2163.5,verylow-overshoot,CO2 AFOLU,1234,0.0
2164.5,high-extension,CO2 FFI,1234,74.0
2164.5,high-extension,CO2 AFOLU,1234,0.0
2164.5,high-overshoot,CO2 FFI,1234,-3.8249999999999997
2164.5,high-overshoot,CO2 AFOLU,1234,0.0
2164.5,medium-extension,CO2 FFI,1234,14.555000000000001
2164.5,medium-extension,CO2 AFOLU,1234,0.0
2164.5,medium-overshoot,CO2 FFI,1234,-13.0
2164.5,medium-overshoot,CO2 AFOLU,1234,0.0
2164.5,low,CO2 FFI,1234,-7.0
2164.5,low,CO2 AFOLU,1234,0.0
2164.5,verylow,CO2 FFI,1234,-5.0
2164.5,verylow,CO2 AFOLU,1234,0.0
2164.5,verylow-overshoot,CO2 FFI,1234,-30.0
2164.5,verylow-overshoot,CO2 AFOLU,1234,0.0
2165.5,high-extension,CO2 FFI,1234,74.0
2165.5,high-extension,CO2 AFOLU,1234,0.0
2165.5,high-overshoot,CO2 FFI,1234,-4.675
2165.5,high-overshoot,CO2 AFOLU,1234,0.0
2165.5,medium-extension,CO2 FFI,1234,14.145000000000001
2165.5,medium-extension,CO2 AFOLU,1234,0.0
2165.5,medium-overshoot,CO2 FFI,1234,-13.0
2165.5,medium-overshoot,CO2 AFOLU,1234,0.0
2165.5,low,CO2 FFI,1234,-7.0
2165.5,low,CO2 AFOLU,1234,0.0
2165.5,verylow,CO2 FFI,1234,-5.0
2165.5,verylow,CO2 AFOLU,1234,0.0
2165.5,verylow-overshoot,CO2 FFI,1234,-30.0
2165.5,verylow-overshoot,CO2 AFOLU,1234,0.0
2166.5,high-extension,CO2 FFI,1234,74.0
2166.5,high-extension,CO2 AFOLU,1234,0.0
2166.5,high-overshoot,CO2 FFI,1234,-5.5249999999999995
2166.5,high-overshoot,CO2 AFOLU,1234,0.0
2166.5,medium-extension,CO2 FFI,1234,13.735000000000001
2166.5,medium-extension,CO2 AFOLU,1234,0.0
2166.5,medium-overshoot,CO2 FFI,1234,-13.0
2166.5,medium-overshoot,CO2 AFOLU,1234,0.0
2166.5,low,CO2 FFI,1234,-7.0
2166.5,low,CO2 AFOLU,1234,0.0
2166.5,verylow,CO2 FFI,1234,-5.0
2166.5,verylow,CO2 AFOLU,1234,0.0
2166.5,verylow-overshoot,CO2 FFI,1234,-30.0
2166.5,verylow-overshoot,CO2 AFOLU,1234,0.0
2167.5,high-extension,CO2 FFI,1234,74.0
2167.5,high-extension,CO2 AFOLU,1234,0.0
2167.5,high-overshoot,CO2 FFI,1234,-6.375
2167.5,high-overshoot,CO2 AFOLU,1234,0.0
2167.5,medium-extension,CO2 FFI,1234,13.325000000000001
2167.5,medium-extension,CO2 AFOLU,1234,0.0
2167.5,medium-overshoot,CO2 FFI,1234,-13.0
2167.5,medium-overshoot,CO2 AFOLU,1234,0.0
2167.5,low,CO2 FFI,1234,-7.0
2167.5,low,CO2 AFOLU,1234,0.0
2167.5,verylow,CO2 FFI,1234,-5.0
2167.5,verylow,CO2 AFOLU,1234,0.0
2167.5,verylow-overshoot,CO2 FFI,1234,-30.0
2167.5,verylow-overshoot,CO2 AFOLU,1234,0.0
2168.5,high-extension,CO2 FFI,1234,74.0
2168.5,high-extension,CO2 AFOLU,1234,0.0
2168.5,high-overshoot,CO2 FFI,1234,-7.225
2168.5,high-overshoot,CO2 AFOLU,1234,0.0
2168.5,medium-extension,CO2 FFI,1234,12.915000000000001
2168.5,medium-extension,CO2 AFOLU,1234,0.0
2168.5,medium-overshoot,CO2 FFI,1234,-13.0
2168.5,medium-overshoot,CO2 AFOLU,1234,0.0
2168.5,low,CO2 FFI,1234,-7.0
2168.5,low,CO2 AFOLU,1234,0.0
2168.5,verylow,CO2 FFI,1234,-5.0
2168.5,verylow,CO2 AFOLU,1234,0.0
2168.5,verylow-overshoot,CO2 FFI,1234,-30.0
2168.5,verylow-overshoot,CO2 AFOLU,1234,0.0
2169.5,high-extension,CO2 FFI,1234,74.0
2169.5,high-extension,CO2 AFOLU,1234,0.0
2169.5,high-overshoot,CO2 FFI,1234,-8.075
2169.5,high-overshoot,CO2 AFOLU,1234,0.0
2169.5,medium-extension,CO2 FFI,1234,12.505000000000003
2169.5,medium-extension,CO2 AFOLU,1234,0.0
2169.5,medium-overshoot,CO2 FFI,1234,-13.0
2169.5,medium-overshoot,CO2 AFOLU,1234,0.0
2169.5,low,CO2 FFI,1234,-7.0
2169.5,low,CO2 AFOLU,1234,0.0
2169.5,verylow,CO2 FFI,1234,-5.0
2169.5,verylow,CO2 AFOLU,1234,0.0
2169.5,verylow-overshoot,CO2 FFI,1234,-30.0
2169.5,verylow-overshoot,CO2 AFOLU,1234,0.0
2170.5,high-extension,CO2 FFI,1234,74.0
2170.5,high-extension,CO2 AFOLU,1234,0.0
2170.5,high-overshoot,CO2 FFI,1234,-8.924999999999999
2170.5,high-overshoot,CO2 AFOLU,1234,0.0
2170.5,medium-extension,CO2 FFI,1234,12.095000000000002
2170.5,medium-extension,CO2 AFOLU,1234,0.0
2170.5,medium-overshoot,CO2 FFI,1234,-13.0
2170.5,medium-overshoot,CO2 AFOLU,1234,0.0
2170.5,low,CO2 FFI,1234,-7.0
2170.5,low,CO2 AFOLU,1234,0.0
2170.5,verylow,CO2 FFI,1234,-5.0
2170.5,verylow,CO2 AFOLU,1234,0.0
2170.5,verylow-overshoot,CO2 FFI,1234,-30.0
2170.5,verylow-overshoot,CO2 AFOLU,1234,0.0
2171.5,high-extension,CO2 FFI,1234,74.0
2171.5,high-extension,CO2 AFOLU,1234,0.0
2171.5,high-overshoot,CO2 FFI,1234,-9.775
2171.5,high-overshoot,CO2 AFOLU,1234,0.0
2171.5,medium-extension,CO2 FFI,1234,11.685000000000002
2171.5,medium-extension,CO2 AFOLU,1234,0.0
2171.5,medium-overshoot,CO2 FFI,1234,-13.0
2171.5,medium-overshoot,CO2 AFOLU,1234,0.0
2171.5,low,CO2 FFI,1234,-7.0
2171.5,low,CO2 AFOLU,1234,0.0
2171.5,verylow,CO2 FFI,1234,-5.0
2171.5,verylow,CO2 AFOLU,1234,0.0
2171.5,verylow-overshoot,CO2 FFI,1234,-30.0
2171.5,verylow-overshoot,CO2 AFOLU,1234,0.0
2172.5,high-extension,CO2 FFI,1234,74.0
2172.5,high-extension,CO2 AFOLU,1234,0.0
2172.5,high-overshoot,CO2 FFI,1234,-10.625
2172.5,high-overshoot,CO2 AFOLU,1234,0.0
2172.5,medium-extension,CO2 FFI,1234,11.275000000000002
2172.5,medium-extension,CO2 AFOLU,1234,0.0
2172.5,medium-overshoot,CO2 FFI,1234,-13.0
2172.5,medium-overshoot,CO2 AFOLU,1234,0.0
2172.5,low,CO2 FFI,1234,-7.0
2172.5,low,CO2 AFOLU,1234,0.0
2172.5,verylow,CO2 FFI,1234,-5.0
2172.5,verylow,CO2 AFOLU,1234,0.0
2172.5,verylow-overshoot,CO2 FFI,1234,-30.0
2172.5,verylow-overshoot,CO2 AFOLU,1234,0.0
2173.5,high-extension,CO2 FFI,1234,74.0
2173.5,high-extension,CO2 AFOLU,1234,0.0
2173.5,high-overshoot,CO2 FFI,1234,-11.475
2173.5,high-overshoot,CO2 AFOLU,1234,0.0
2173.5,medium-extension,CO2 FFI,1234,10.865000000000002
2173.5,medium-extension,CO2 AFOLU,1234,0.0
2173.5,medium-overshoot,CO2 FFI,1234,-13.0
2173.5,medium-overshoot,CO2 AFOLU,1234,0.0
2173.5,low,CO2 FFI,1234,-7.0
2173.5,low,CO2 AFOLU,1234,0.0
2173.5,verylow,CO2 FFI,1234,-5.0
2173.5,verylow,CO2 AFOLU,1234,0.0
2173.5,verylow-overshoot,CO2 FFI,1234,-30.0
2173.5,verylow-overshoot,CO2 AFOLU,1234,0.0
2174.5,high-extension,CO2 FFI,1234,74.0
2174.5,high-extension,CO2 AFOLU,1234,0.0
2174.5,high-overshoot,CO2 FFI,1234,-12.325
2174.5,high-overshoot,CO2 AFOLU,1234,0.0
2174.5,medium-extension,CO2 FFI,1234,10.455000000000002
2174.5,medium-extension,CO2 AFOLU,1234,0.0
2174.5,medium-overshoot,CO2 FFI,1234,-13.0
2174.5,medium-overshoot,CO2 AFOLU,1234,0.0
2174.5,low,CO2 FFI,1234,-7.0
2174.5,low,CO2 AFOLU,1234,0.0
2174.5,verylow,CO2 FFI,1234,-5.0
2174.5,verylow,CO2 AFOLU,1234,0.0
2174.5,verylow-overshoot,CO2 FFI,1234,-30.0
2174.5,verylow-overshoot,CO2 AFOLU,1234,0.0
2175.5,high-extension,CO2 FFI,1234,73.63
2175.5,high-extension,CO2 AFOLU,1234,0.0
2175.5,high-overshoot,CO2 FFI,1234,-13.174999999999999
2175.5,high-overshoot,CO2 AFOLU,1234,0.0
2175.5,medium-extension,CO2 FFI,1234,10.045000000000002
2175.5,medium-extension,CO2 AFOLU,1234,0.0
2175.5,medium-overshoot,CO2 FFI,1234,-13.0
2175.5,medium-overshoot,CO2 AFOLU,1234,0.0
2175.5,low,CO2 FFI,1234,-7.0
2175.5,low,CO2 AFOLU,1234,0.0
2175.5,verylow,CO2 FFI,1234,-5.0
2175.5,verylow,CO2 AFOLU,1234,0.0
2175.5,verylow-overshoot,CO2 FFI,1234,-30.0
2175.5,verylow-overshoot,CO2 AFOLU,1234,0.0
2176.5,high-extension,CO2 FFI,1234,72.89
2176.5,high-extension,CO2 AFOLU,1234,0.0
2176.5,high-overshoot,CO2 FFI,1234,-14.025
2176.5,high-overshoot,CO2 AFOLU,1234,0.0
2176.5,medium-extension,CO2 FFI,1234,9.635000000000002
2176.5,medium-extension,CO2 AFOLU,1234,0.0
2176.5,medium-overshoot,CO2 FFI,1234,-13.0
2176.5,medium-overshoot,CO2 AFOLU,1234,0.0
2176.5,low,CO2 FFI,1234,-7.0
2176.5,low,CO2 AFOLU,1234,0.0
2176.5,verylow,CO2 FFI,1234,-5.0
2176.5,verylow,CO2 AFOLU,1234,0.0
2176.5,verylow-overshoot,CO2 FFI,1234,-30.0
2176.5,verylow-overshoot,CO2 AFOLU,1234,0.0
2177.5,high-extension,CO2 FFI,1234,72.15
2177.5,high-extension,CO2 AFOLU,1234,0.0
2177.5,high-overshoot,CO2 FFI,1234,-14.875
2177.5,high-overshoot,CO2 AFOLU,1234,0.0
2177.5,medium-extension,CO2 FFI,1234,9.225000000000001
2177.5,medium-extension,CO2 AFOLU,1234,0.0
2177.5,medium-overshoot,CO2 FFI,1234,-13.0
2177.5,medium-overshoot,CO2 AFOLU,1234,0.0
2177.5,low,CO2 FFI,1234,-7.0
2177.5,low,CO2 AFOLU,1234,0.0
2177.5,verylow,CO2 FFI,1234,-5.0
2177.5,verylow,CO2 AFOLU,1234,0.0
2177.5,verylow-overshoot,CO2 FFI,1234,-30.0
2177.5,verylow-overshoot,CO2 AFOLU,1234,0.0
2178.5,high-extension,CO2 FFI,1234,71.41
2178.5,high-extension,CO2 AFOLU,1234,0.0
2178.5,high-overshoot,CO2 FFI,1234,-15.725
2178.5,high-overshoot,CO2 AFOLU,1234,0.0
2178.5,medium-extension,CO2 FFI,1234,8.815000000000001
2178.5,medium-extension,CO2 AFOLU,1234,0.0
2178.5,medium-overshoot,CO2 FFI,1234,-13.0
2178.5,medium-overshoot,CO2 AFOLU,1234,0.0
2178.5,low,CO2 FFI,1234,-7.0
2178.5,low,CO2 AFOLU,1234,0.0
2178.5,verylow,CO2 FFI,1234,-5.0
2178.5,verylow,CO2 AFOLU,1234,0.0
2178.5,verylow-overshoot,CO2 FFI,1234,-30.0
2178.5,verylow-overshoot,CO2 AFOLU,1234,0.0
2179.5,high-extension,CO2 FFI,1234,70.67
2179.5,high-extension,CO2 AFOLU,1234,0.0
2179.5,high-overshoot,CO2 FFI,1234,-16.575
2179.5,high-overshoot,CO2 AFOLU,1234,0.0
2179.5,medium-extension,CO2 FFI,1234,8.405000000000001
2179.5,medium-extension,CO2 AFOLU,1234,0.0
2179.5,medium-overshoot,CO2 FFI,1234,-13.0
2179.5,medium-overshoot,CO2 AFOLU,1234,0.0
2179.5,low,CO2 FFI,1234,-7.0
2179.5,low,CO2 AFOLU,1234,0.0
2179.5,verylow,CO2 FFI,1234,-5.0
2179.5,verylow,CO2 AFOLU,1234,0.0
2179.5,verylow-overshoot,CO2 FFI,1234,-30.0
2179.5,verylow-overshoot,CO2 AFOLU,1234,0.0
2180.5,high-extension,CO2 FFI,1234,69.93
2180.5,high-extension,CO2 AFOLU,1234,0.0
2180.5,high-overshoot,CO2 FFI,1234,-17.425
2180.5,high-overshoot,CO2 AFOLU,1234,0.0
2180.5,medium-extension,CO2 FFI,1234,7.995000000000002
2180.5,medium-extension,CO2 AFOLU,1234,0.0
2180.5,medium-overshoot,CO2 FFI,1234,-13.0
2180.5,medium-overshoot,CO2 AFOLU,1234,0.0
2180.5,low,CO2 FFI,1234,-7.0
2180.5,low,CO2 AFOLU,1234,0.0
2180.5,verylow,CO2 FFI,1234,-5.0
2180.5,verylow,CO2 AFOLU,1234,0.0
2180.5,verylow-overshoot,CO2 FFI,1234,-30.0
2180.5,verylow-overshoot,CO2 AFOLU,1234,0.0
2181.5,high-extension,CO2 FFI,1234,69.19
2181.5,high-extension,CO2 AFOLU,1234,0.0
2181.5,high-overshoot,CO2 FFI,1234,-18.275
2181.5,high-overshoot,CO2 AFOLU,1234,0.0
2181.5,medium-extension,CO2 FFI,1234,7.585000000000002
2181.5,medium-extension,CO2 AFOLU,1234,0.0
2181.5,medium-overshoot,CO2 FFI,1234,-13.0
2181.5,medium-overshoot,CO2 AFOLU,1234,0.0
2181.5,low,CO2 FFI,1234,-7.0
2181.5,low,CO2 AFOLU,1234,0.0
2181.5,verylow,CO2 FFI,1234,-5.0
2181.5,verylow,CO2 AFOLU,1234,0.0
2181.5,verylow-overshoot,CO2 FFI,1234,-30.0
2181.5,verylow-overshoot,CO2 AFOLU,1234,0.0
2182.5,high-extension,CO2 FFI,1234,68.45
2182.5,high-extension,CO2 AFOLU,1234,0.0
2182.5,high-overshoot,CO2 FFI,1234,-19.125
2182.5,high-overshoot,CO2 AFOLU,1234,0.0
2182.5,medium-extension,CO2 FFI,1234,7.175000000000002
2182.5,medium-extension,CO2 AFOLU,1234,0.0
2182.5,medium-overshoot,CO2 FFI,1234,-13.0
2182.5,medium-overshoot,CO2 AFOLU,1234,0.0
2182.5,low,CO2 FFI,1234,-7.0
2182.5,low,CO2 AFOLU,1234,0.0
2182.5,verylow,CO2 FFI,1234,-5.0
2182.5,verylow,CO2 AFOLU,1234,0.0
2182.5,verylow-overshoot,CO2 FFI,1234,-30.0
2182.5,verylow-overshoot,CO2 AFOLU,1234,0.0
2183.5,high-extension,CO2 FFI,1234,67.71
2183.5,high-extension,CO2 AFOLU,1234,0.0
2183.5,high-overshoot,CO2 FFI,1234,-19.974999999999998
2183.5,high-overshoot,CO2 AFOLU,1234,0.0
2183.5,medium-extension,CO2 FFI,1234,6.765000000000002
2183.5,medium-extension,CO2 AFOLU,1234,0.0
2183.5,medium-overshoot,CO2 FFI,1234,-13.0
2183.5,medium-overshoot,CO2 AFOLU,1234,0.0
2183.5,low,CO2 FFI,1234,-7.0
2183.5,low,CO2 AFOLU,1234,0.0
2183.5,verylow,CO2 FFI,1234,-5.0
2183.5,verylow,CO2 AFOLU,1234,0.0
2183.5,verylow-overshoot,CO2 FFI,1234,-30.0
2183.5,verylow-overshoot,CO2 AFOLU,1234,0.0
2184.5,high-extension,CO2 FFI,1234,66.97
2184.5,high-extension,CO2 AFOLU,1234,0.0
2184.5,high-overshoot,CO2 FFI,1234,-20.825
2184.5,high-overshoot,CO2 AFOLU,1234,0.0
2184.5,medium-extension,CO2 FFI,1234,6.355000000000002
2184.5,medium-extension,CO2 AFOLU,1234,0.0
2184.5,medium-overshoot,CO2 FFI,1234,-13.0
2184.5,medium-overshoot,CO2 AFOLU,1234,0.0
2184.5,low,CO2 FFI,1234,-7.0
2184.5,low,CO2 AFOLU,1234,0.0
2184.5,verylow,CO2 FFI,1234,-5.0
2184.5,verylow,CO2 AFOLU,1234,0.0
2184.5,verylow-overshoot,CO2 FFI,1234,-30.0
2184.5,verylow-overshoot,CO2 AFOLU,1234,0.0
2185.5,high-extension,CO2 FFI,1234,66.23
2185.5,high-extension,CO2 AFOLU,1234,0.0
2185.5,high-overshoot,CO2 FFI,1234,-21.675
2185.5,high-overshoot,CO2 AFOLU,1234,0.0
2185.5,medium-extension,CO2 FFI,1234,5.945000000000002
2185.5,medium-extension,CO2 AFOLU,1234,0.0
2185.5,medium-overshoot,CO2 FFI,1234,-13.0
2185.5,medium-overshoot,CO2 AFOLU,1234,0.0
2185.5,low,CO2 FFI,1234,-7.0
2185.5,low,CO2 AFOLU,1234,0.0
2185.5,verylow,CO2 FFI,1234,-5.0
2185.5,verylow,CO2 AFOLU,1234,0.0
2185.5,verylow-overshoot,CO2 FFI,1234,-30.0
2185.5,verylow-overshoot,CO2 AFOLU,1234,0.0
2186.5,high-extension,CO2 FFI,1234,65.49
2186.5,high-extension,CO2 AFOLU,1234,0.0
2186.5,high-overshoot,CO2 FFI,1234,-22.525
2186.5,high-overshoot,CO2 AFOLU,1234,0.0
2186.5,medium-extension,CO2 FFI,1234,5.535000000000002
2186.5,medium-extension,CO2 AFOLU,1234,0.0
2186.5,medium-overshoot,CO2 FFI,1234,-13.0
2186.5,medium-overshoot,CO2 AFOLU,1234,0.0
2186.5,low,CO2 FFI,1234,-7.0
2186.5,low,CO2 AFOLU,1234,0.0
2186.5,verylow,CO2 FFI,1234,-5.0
2186.5,verylow,CO2 AFOLU,1234,0.0
2186.5,verylow-overshoot,CO2 FFI,1234,-30.0
2186.5,verylow-overshoot,CO2 AFOLU,1234,0.0
2187.5,high-extension,CO2 FFI,1234,64.75
2187.5,high-extension,CO2 AFOLU,1234,0.0
2187.5,high-overshoot,CO2 FFI,1234,-23.375
2187.5,high-overshoot,CO2 AFOLU,1234,0.0
2187.5,medium-extension,CO2 FFI,1234,5.125000000000002
2187.5,medium-extension,CO2 AFOLU,1234,0.0
2187.5,medium-overshoot,CO2 FFI,1234,-13.0
2187.5,medium-overshoot,CO2 AFOLU,1234,0.0
2187.5,low,CO2 FFI,1234,-7.0
2187.5,low,CO2 AFOLU,1234,0.0
2187.5,verylow,CO2 FFI,1234,-5.0
2187.5,verylow,CO2 AFOLU,1234,0.0
2187.5,verylow-overshoot,CO2 FFI,1234,-30.0
2187.5,verylow-overshoot,CO2 AFOLU,1234,0.0
2188.5,high-extension,CO2 FFI,1234,64.01
2188.5,high-extension,CO2 AFOLU,1234,0.0
2188.5,high-overshoot,CO2 FFI,1234,-24.224999999999998
2188.5,high-overshoot,CO2 AFOLU,1234,0.0
2188.5,medium-extension,CO2 FFI,1234,4.7150000000000025
2188.5,medium-extension,CO2 AFOLU,1234,0.0
2188.5,medium-overshoot,CO2 FFI,1234,-13.0
2188.5,medium-overshoot,CO2 AFOLU,1234,0.0
2188.5,low,CO2 FFI,1234,-7.0
2188.5,low,CO2 AFOLU,1234,0.0
2188.5,verylow,CO2 FFI,1234,-5.0
2188.5,verylow,CO2 AFOLU,1234,0.0
2188.5,verylow-overshoot,CO2 FFI,1234,-30.0
2188.5,verylow-overshoot,CO2 AFOLU,1234,0.0
2189.5,high-extension,CO2 FFI,1234,63.27
2189.5,high-extension,CO2 AFOLU,1234,0.0
2189.5,high-overshoot,CO2 FFI,1234,-25.075
2189.5,high-overshoot,CO2 AFOLU,1234,0.0
2189.5,medium-extension,CO2 FFI,1234,4.305000000000002
2189.5,medium-extension,CO2 AFOLU,1234,0.0
2189.5,medium-overshoot,CO2 FFI,1234,-13.0
2189.5,medium-overshoot,CO2 AFOLU,1234,0.0
2189.5,low,CO2 FFI,1234,-7.0
2189.5,low,CO2 AFOLU,1234,0.0
2189.5,verylow,CO2 FFI,1234,-5.0
2189.5,verylow,CO2 AFOLU,1234,0.0
2189.5,verylow-overshoot,CO2 FFI,1234,-30.0
2189.5,verylow-overshoot,CO2 AFOLU,1234,0.0
2190.5,high-extension,CO2 FFI,1234,62.53
2190.5,high-extension,CO2 AFOLU,1234,0.0
2190.5,high-overshoot,CO2 FFI,1234,-25.925
2190.5,high-overshoot,CO2 AFOLU,1234,0.0
2190.5,medium-extension,CO2 FFI,1234,3.8950000000000022
2190.5,medium-extension,CO2 AFOLU,1234,0.0
2190.5,medium-overshoot,CO2 FFI,1234,-13.0
2190.5,medium-overshoot,CO2 AFOLU,1234,0.0
2190.5,low,CO2 FFI,1234,-7.0
2190.5,low,CO2 AFOLU,1234,0.0
2190.5,verylow,CO2 FFI,1234,-5.0
2190.5,verylow,CO2 AFOLU,1234,0.0
2190.5,verylow-overshoot,CO2 FFI,1234,-30.0
2190.5,verylow-overshoot,CO2 AFOLU,1234,0.0
2191.5,high-extension,CO2 FFI,1234,61.79
2191.5,high-extension,CO2 AFOLU,1234,0.0
2191.5,high-overshoot,CO2 FFI,1234,-26.775
2191.5,high-overshoot,CO2 AFOLU,1234,0.0
2191.5,medium-extension,CO2 FFI,1234,3.485000000000002
2191.5,medium-extension,CO2 AFOLU,1234,0.0
2191.5,medium-overshoot,CO2 FFI,1234,-13.0
2191.5,medium-overshoot,CO2 AFOLU,1234,0.0
2191.5,low,CO2 FFI,1234,-7.0
2191.5,low,CO2 AFOLU,1234,0.0
2191.5,verylow,CO2 FFI,1234,-5.0
2191.5,verylow,CO2 AFOLU,1234,0.0
2191.5,verylow-overshoot,CO2 FFI,1234,-30.0
2191.5,verylow-overshoot,CO2 AFOLU,1234,0.0
2192.5,high-extension,CO2 FFI,1234,61.05
2192.5,high-extension,CO2 AFOLU,1234,0.0
2192.5,high-overshoot,CO2 FFI,1234,-27.625
2192.5,high-overshoot,CO2 AFOLU,1234,0.0
2192.5,medium-extension,CO2 FFI,1234,3.0750000000000024
2192.5,medium-extension,CO2 AFOLU,1234,0.0
2192.5,medium-overshoot,CO2 FFI,1234,-13.0
2192.5,medium-overshoot,CO2 AFOLU,1234,0.0
2192.5,low,CO2 FFI,1234,-7.0
2192.5,low,CO2 AFOLU,1234,0.0
2192.5,verylow,CO2 FFI,1234,-5.0
2192.5,verylow,CO2 AFOLU,1234,0.0
2192.5,verylow-overshoot,CO2 FFI,1234,-30.0
2192.5,verylow-overshoot,CO2 AFOLU,1234,0.0
2193.5,high-extension,CO2 FFI,1234,60.31
2193.5,high-extension,CO2 AFOLU,1234,0.0
2193.5,high-overshoot,CO2 FFI,1234,-28.474999999999998
2193.5,high-overshoot,CO2 AFOLU,1234,0.0
2193.5,medium-extension,CO2 FFI,1234,2.6650000000000023
2193.5,medium-extension,CO2 AFOLU,1234,0.0
2193.5,medium-overshoot,CO2 FFI,1234,-13.0
2193.5,medium-overshoot,CO2 AFOLU,1234,0.0
2193.5,low,CO2 FFI,1234,-7.0
2193.5,low,CO2 AFOLU,1234,0.0
2193.5,verylow,CO2 FFI,1234,-5.0
2193.5,verylow,CO2 AFOLU,1234,0.0
2193.5,verylow-overshoot,CO2 FFI,1234,-30.0
2193.5,verylow-overshoot,CO2 AFOLU,1234,0.0
2194.5,high-extension,CO2 FFI,1234,59.57
2194.5,high-extension,CO2 AFOLU,1234,0.0
2194.5,high-overshoot,CO2 FFI,1234,-29.325
2194.5,high-overshoot,CO2 AFOLU,1234,0.0
2194.5,medium-extension,CO2 FFI,1234,2.255000000000002
2194.5,medium-extension,CO2 AFOLU,1234,0.0
2194.5,medium-overshoot,CO2 FFI,1234,-13.0
2194.5,medium-overshoot,CO2 AFOLU,1234,0.0
2194.5,low,CO2 FFI,1234,-7.0
2194.5,low,CO2 AFOLU,1234,0.0
2194.5,verylow,CO2 FFI,1234,-5.0
2194.5,verylow,CO2 AFOLU,1234,0.0
2194.5,verylow-overshoot,CO2 FFI,1234,-30.0
2194.5,verylow-overshoot,CO2 AFOLU,1234,0.0
2195.5,high-extension,CO2 FFI,1234,58.83
2195.5,high-extension,CO2 AFOLU,1234,0.0
2195.5,high-overshoot,CO2 FFI,1234,-30.175
2195.5,high-overshoot,CO2 AFOLU,1234,0.0
2195.5,medium-extension,CO2 FFI,1234,1.8450000000000024
2195.5,medium-extension,CO2 AFOLU,1234,0.0
2195.5,medium-overshoot,CO2 FFI,1234,-13.0
2195.5,medium-overshoot,CO2 AFOLU,1234,0.0
2195.5,low,CO2 FFI,1234,-7.0
2195.5,low,CO2 AFOLU,1234,0.0
2195.5,verylow,CO2 FFI,1234,-5.0
2195.5,verylow,CO2 AFOLU,1234,0.0
2195.5,verylow-overshoot,CO2 FFI,1234,-30.0
2195.5,verylow-overshoot,CO2 AFOLU,1234,0.0
2196.5,high-extension,CO2 FFI,1234,58.09
2196.5,high-extension,CO2 AFOLU,1234,0.0
2196.5,high-overshoot,CO2 FFI,1234,-31.025
2196.5,high-overshoot,CO2 AFOLU,1234,0.0
2196.5,medium-extension,CO2 FFI,1234,1.4350000000000023
2196.5,medium-extension,CO2 AFOLU,1234,0.0
2196.5,medium-overshoot,CO2 FFI,1234,-13.0
2196.5,medium-overshoot,CO2 AFOLU,1234,0.0
2196.5,low,CO2 FFI,1234,-7.0
2196.5,low,CO2 AFOLU,1234,0.0
2196.5,verylow,CO2 FFI,1234,-5.0
2196.5,verylow,CO2 AFOLU,1234,0.0
2196.5,verylow-overshoot,CO2 FFI,1234,-30.0
2196.5,verylow-overshoot,CO2 AFOLU,1234,0.0
2197.5,high-extension,CO2 FFI,1234,57.35
2197.5,high-extension,CO2 AFOLU,1234,0.0
2197.5,high-overshoot,CO2 FFI,1234,-31.875
2197.5,high-overshoot,CO2 AFOLU,1234,0.0
2197.5,medium-extension,CO2 FFI,1234,1.0250000000000024
2197.5,medium-extension,CO2 AFOLU,1234,0.0
2197.5,medium-overshoot,CO2 FFI,1234,-13.0
2197.5,medium-overshoot,CO2 AFOLU,1234,0.0
2197.5,low,CO2 FFI,1234,-7.0
2197.5,low,CO2 AFOLU,1234,0.0
2197.5,verylow,CO2 FFI,1234,-5.0
2197.5,verylow,CO2 AFOLU,1234,0.0
2197.5,verylow-overshoot,CO2 FFI,1234,-30.0
2197.5,verylow-overshoot,CO2 AFOLU,1234,0.0
2198.5,high-extension,CO2 FFI,1234,56.61
2198.5,high-extension,CO2 AFOLU,1234,0.0
2198.5,high-overshoot,CO2 FFI,1234,-32.725
2198.5,high-overshoot,CO2 AFOLU,1234,0.0
2198.5,medium-extension,CO2 FFI,1234,0.6150000000000024
2198.5,medium-extension,CO2 AFOLU,1234,0.0
2198.5,medium-overshoot,CO2 FFI,1234,-13.0
2198.5,medium-overshoot,CO2 AFOLU,1234,0.0
2198.5,low,CO2 FFI,1234,-7.0
2198.5,low,CO2 AFOLU,1234,0.0
2198.5,verylow,CO2 FFI,1234,-5.0
2198.5,verylow,CO2 AFOLU,1234,0.0
2198.5,verylow-overshoot,CO2 FFI,1234,-30.0
2198.5,verylow-overshoot,CO2 AFOLU,1234,0.0
2199.5,high-extension,CO2 FFI,1234,55.87
2199.5,high-extension,CO2 AFOLU,1234,0.0
2199.5,high-overshoot,CO2 FFI,1234,-33.574999999999996
2199.5,high-overshoot,CO2 AFOLU,1234,0.0
2199.5,medium-extension,CO2 FFI,1234,0.20500000000000243
2199.5,medium-extension,CO2 AFOLU,1234,0.0
2199.5,medium-overshoot,CO2 FFI,1234,-13.0
2199.5,medium-overshoot,CO2 AFOLU,1234,0.0
2199.5,low,CO2 FFI,1234,-7.0
2199.5,low,CO2 AFOLU,1234,0.0
2199.5,verylow,CO2 FFI,1234,-5.0
2199.5,verylow,CO2 AFOLU,1234,0.0
2199.5,verylow-overshoot,CO2 FFI,1234,-30.0
2199.5,verylow-overshoot,CO2 AFOLU,1234,0.0
2200.5,high-extension,CO2 FFI,1234,55.13
2200.5,high-extension,CO2 AFOLU,1234,0.0
2200.5,high-overshoot,CO2 FFI,1234,-34.0
2200.5,high-overshoot,CO2 AFOLU,1234,0.0
2200.5,medium-extension,CO2 FFI,1234,0.0
2200.5,medium-extension,CO2 AFOLU,1234,0.0
2200.5,medium-overshoot,CO2 FFI,1234,-13.0
2200.5,medium-overshoot,CO2 AFOLU,1234,0.0
2200.5,low,CO2 FFI,1234,-7.0
2200.5,low,CO2 AFOLU,1234,0.0
2200.5,verylow,CO2 FFI,1234,-5.0
2200.5,verylow,CO2 AFOLU,1234,0.0
2200.5,verylow-overshoot,CO2 FFI,1234,-29.7
2200.5,verylow-overshoot,CO2 AFOLU,1234,0.0
2201.5,high-extension,CO2 FFI,1234,54.39
2201.5,high-extension,CO2 AFOLU,1234,0.0
2201.5,high-overshoot,CO2 FFI,1234,-34.0
2201.5,high-overshoot,CO2 AFOLU,1234,0.0
2201.5,medium-extension,CO2 FFI,1234,0.0
2201.5,medium-extension,CO2 AFOLU,1234,0.0
2201.5,medium-overshoot,CO2 FFI,1234,-13.0
2201.5,medium-overshoot,CO2 AFOLU,1234,0.0
2201.5,low,CO2 FFI,1234,-7.0
2201.5,low,CO2 AFOLU,1234,0.0
2201.5,verylow,CO2 FFI,1234,-5.0
2201.5,verylow,CO2 AFOLU,1234,0.0
2201.5,verylow-overshoot,CO2 FFI,1234,-29.1
2201.5,verylow-overshoot,CO2 AFOLU,1234,0.0
2202.5,high-extension,CO2 FFI,1234,53.65
2202.5,high-extension,CO2 AFOLU,1234,0.0
2202.5,high-overshoot,CO2 FFI,1234,-34.0
2202.5,high-overshoot,CO2 AFOLU,1234,0.0
2202.5,medium-extension,CO2 FFI,1234,0.0
2202.5,medium-extension,CO2 AFOLU,1234,0.0
2202.5,medium-overshoot,CO2 FFI,1234,-13.0
2202.5,medium-overshoot,CO2 AFOLU,1234,0.0
2202.5,low,CO2 FFI,1234,-7.0
2202.5,low,CO2 AFOLU,1234,0.0
2202.5,verylow,CO2 FFI,1234,-5.0
2202.5,verylow,CO2 AFOLU,1234,0.0
2202.5,verylow-overshoot,CO2 FFI,1234,-28.5
2202.5,verylow-overshoot,CO2 AFOLU,1234,0.0
2203.5,high-extension,CO2 FFI,1234,52.910000000000004
2203.5,high-extension,CO2 AFOLU,1234,0.0
2203.5,high-overshoot,CO2 FFI,1234,-34.0
2203.5,high-overshoot,CO2 AFOLU,1234,0.0
2203.5,medium-extension,CO2 FFI,1234,0.0
2203.5,medium-extension,CO2 AFOLU,1234,0.0
2203.5,medium-overshoot,CO2 FFI,1234,-13.0
2203.5,medium-overshoot,CO2 AFOLU,1234,0.0
2203.5,low,CO2 FFI,1234,-7.0
2203.5,low,CO2 AFOLU,1234,0.0
2203.5,verylow,CO2 FFI,1234,-5.0
2203.5,verylow,CO2 AFOLU,1234,0.0
2203.5,verylow-overshoot,CO2 FFI,1234,-27.9
2203.5,verylow-overshoot,CO2 AFOLU,1234,0.0
2204.5,high-extension,CO2 FFI,1234,52.17
2204.5,high-extension,CO2 AFOLU,1234,0.0
2204.5,high-overshoot,CO2 FFI,1234,-34.0
2204.5,high-overshoot,CO2 AFOLU,1234,0.0
2204.5,medium-extension,CO2 FFI,1234,0.0
2204.5,medium-extension,CO2 AFOLU,1234,0.0
2204.5,medium-overshoot,CO2 FFI,1234,-13.0
2204.5,medium-overshoot,CO2 AFOLU,1234,0.0
2204.5,low,CO2 FFI,1234,-7.0
2204.5,low,CO2 AFOLU,1234,0.0
2204.5,verylow,CO2 FFI,1234,-5.0
2204.5,verylow,CO2 AFOLU,1234,0.0
2204.5,verylow-overshoot,CO2 FFI,1234,-27.3
2204.5,verylow-overshoot,CO2 AFOLU,1234,0.0
2205.5,high-extension,CO2 FFI,1234,51.43
2205.5,high-extension,CO2 AFOLU,1234,0.0
2205.5,high-overshoot,CO2 FFI,1234,-34.0
2205.5,high-overshoot,CO2 AFOLU,1234,0.0
2205.5,medium-extension,CO2 FFI,1234,0.0
2205.5,medium-extension,CO2 AFOLU,1234,0.0
2205.5,medium-overshoot,CO2 FFI,1234,-13.0
2205.5,medium-overshoot,CO2 AFOLU,1234,0.0
2205.5,low,CO2 FFI,1234,-7.0
2205.5,low,CO2 AFOLU,1234,0.0
2205.5,verylow,CO2 FFI,1234,-5.0
2205.5,verylow,CO2 AFOLU,1234,0.0
2205.5,verylow-overshoot,CO2 FFI,1234,-26.7
2205.5,verylow-overshoot,CO2 AFOLU,1234,0.0
2206.5,high-extension,CO2 FFI,1234,50.69
2206.5,high-extension,CO2 AFOLU,1234,0.0
2206.5,high-overshoot,CO2 FFI,1234,-34.0
2206.5,high-overshoot,CO2 AFOLU,1234,0.0
2206.5,medium-extension,CO2 FFI,1234,0.0
2206.5,medium-extension,CO2 AFOLU,1234,0.0
2206.5,medium-overshoot,CO2 FFI,1234,-13.0
2206.5,medium-overshoot,CO2 AFOLU,1234,0.0
2206.5,low,CO2 FFI,1234,-7.0
2206.5,low,CO2 AFOLU,1234,0.0
2206.5,verylow,CO2 FFI,1234,-5.0
2206.5,verylow,CO2 AFOLU,1234,0.0
2206.5,verylow-overshoot,CO2 FFI,1234,-26.1
2206.5,verylow-overshoot,CO2 AFOLU,1234,0.0
2207.5,high-extension,CO2 FFI,1234,49.95
2207.5,high-extension,CO2 AFOLU,1234,0.0
2207.5,high-overshoot,CO2 FFI,1234,-34.0
2207.5,high-overshoot,CO2 AFOLU,1234,0.0
2207.5,medium-extension,CO2 FFI,1234,0.0
2207.5,medium-extension,CO2 AFOLU,1234,0.0
2207.5,medium-overshoot,CO2 FFI,1234,-13.0
2207.5,medium-overshoot,CO2 AFOLU,1234,0.0
2207.5,low,CO2 FFI,1234,-7.0
2207.5,low,CO2 AFOLU,1234,0.0
2207.5,verylow,CO2 FFI,1234,-5.0
2207.5,verylow,CO2 AFOLU,1234,0.0
2207.5,verylow-overshoot,CO2 FFI,1234,-25.5
2207.5,verylow-overshoot,CO2 AFOLU,1234,0.0
2208.5,high-extension,CO2 FFI,1234,49.21
2208.5,high-extension,CO2 AFOLU,1234,0.0
2208.5,high-overshoot,CO2 FFI,1234,-34.0
2208.5,high-overshoot,CO2 AFOLU,1234,0.0
2208.5,medium-extension,CO2 FFI,1234,0.0
2208.5,medium-extension,CO2 AFOLU,1234,0.0
2208.5,medium-overshoot,CO2 FFI,1234,-13.0
2208.5,medium-overshoot,CO2 AFOLU,1234,0.0
2208.5,low,CO2 FFI,1234,-7.0
2208.5,low,CO2 AFOLU,1234,0.0
2208.5,verylow,CO2 FFI,1234,-5.0
2208.5,verylow,CO2 AFOLU,1234,0.0
2208.5,verylow-overshoot,CO2 FFI,1234,-24.9
2208.5,verylow-overshoot,CO2 AFOLU,1234,0.0
2209.5,high-extension,CO2 FFI,1234,48.47
2209.5,high-extension,CO2 AFOLU,1234,0.0
2209.5,high-overshoot,CO2 FFI,1234,-34.0
2209.5,high-overshoot,CO2 AFOLU,1234,0.0
2209.5,medium-extension,CO2 FFI,1234,0.0
2209.5,medium-extension,CO2 AFOLU,1234,0.0
2209.5,medium-overshoot,CO2 FFI,1234,-13.0
2209.5,medium-overshoot,CO2 AFOLU,1234,0.0
2209.5,low,CO2 FFI,1234,-7.0
2209.5,low,CO2 AFOLU,1234,0.0
2209.5,verylow,CO2 FFI,1234,-5.0
2209.5,verylow,CO2 AFOLU,1234,0.0
2209.5,verylow-overshoot,CO2 FFI,1234,-24.3
2209.5,verylow-overshoot,CO2 AFOLU,1234,0.0
2210.5,high-extension,CO2 FFI,1234,47.73
2210.5,high-extension,CO2 AFOLU,1234,0.0
2210.5,high-overshoot,CO2 FFI,1234,-34.0
2210.5,high-overshoot,CO2 AFOLU,1234,0.0
2210.5,medium-extension,CO2 FFI,1234,0.0
2210.5,medium-extension,CO2 AFOLU,1234,0.0
2210.5,medium-overshoot,CO2 FFI,1234,-13.0
2210.5,medium-overshoot,CO2 AFOLU,1234,0.0
2210.5,low,CO2 FFI,1234,-7.0
2210.5,low,CO2 AFOLU,1234,0.0
2210.5,verylow,CO2 FFI,1234,-5.0
2210.5,verylow,CO2 AFOLU,1234,0.0
2210.5,verylow-overshoot,CO2 FFI,1234,-23.7
2210.5,verylow-overshoot,CO2 AFOLU,1234,0.0
2211.5,high-extension,CO2 FFI,1234,46.99
2211.5,high-extension,CO2 AFOLU,1234,0.0
2211.5,high-overshoot,CO2 FFI,1234,-34.0
2211.5,high-overshoot,CO2 AFOLU,1234,0.0
2211.5,medium-extension,CO2 FFI,1234,0.0
2211.5,medium-extension,CO2 AFOLU,1234,0.0
2211.5,medium-overshoot,CO2 FFI,1234,-13.0
2211.5,medium-overshoot,CO2 AFOLU,1234,0.0
2211.5,low,CO2 FFI,1234,-7.0
2211.5,low,CO2 AFOLU,1234,0.0
2211.5,verylow,CO2 FFI,1234,-5.0
2211.5,verylow,CO2 AFOLU,1234,0.0
2211.5,verylow-overshoot,CO2 FFI,1234,-23.1
2211.5,verylow-overshoot,CO2 AFOLU,1234,0.0
2212.5,high-extension,CO2 FFI,1234,46.25
2212.5,high-extension,CO2 AFOLU,1234,0.0
2212.5,high-overshoot,CO2 FFI,1234,-34.0
2212.5,high-overshoot,CO2 AFOLU,1234,0.0
2212.5,medium-extension,CO2 FFI,1234,0.0
2212.5,medium-extension,CO2 AFOLU,1234,0.0
2212.5,medium-overshoot,CO2 FFI,1234,-13.0
2212.5,medium-overshoot,CO2 AFOLU,1234,0.0
2212.5,low,CO2 FFI,1234,-7.0
2212.5,low,CO2 AFOLU,1234,0.0
2212.5,verylow,CO2 FFI,1234,-5.0
2212.5,verylow,CO2 AFOLU,1234,0.0
2212.5,verylow-overshoot,CO2 FFI,1234,-22.5
2212.5,verylow-overshoot,CO2 AFOLU,1234,0.0
2213.5,high-extension,CO2 FFI,1234,45.51
2213.5,high-extension,CO2 AFOLU,1234,0.0
2213.5,high-overshoot,CO2 FFI,1234,-34.0
2213.5,high-overshoot,CO2 AFOLU,1234,0.0
2213.5,medium-extension,CO2 FFI,1234,0.0
2213.5,medium-extension,CO2 AFOLU,1234,0.0
2213.5,medium-overshoot,CO2 FFI,1234,-13.0
2213.5,medium-overshoot,CO2 AFOLU,1234,0.0
2213.5,low,CO2 FFI,1234,-7.0
2213.5,low,CO2 AFOLU,1234,0.0
2213.5,verylow,CO2 FFI,1234,-5.0
2213.5,verylow,CO2 AFOLU,1234,0.0
2213.5,verylow-overshoot,CO2 FFI,1234,-21.9
2213.5,verylow-overshoot,CO2 AFOLU,1234,0.0
2214.5,high-extension,CO2 FFI,1234,44.77
2214.5,high-extension,CO2 AFOLU,1234,0.0
2214.5,high-overshoot,CO2 FFI,1234,-34.0
2214.5,high-overshoot,CO2 AFOLU,1234,0.0
2214.5,medium-extension,CO2 FFI,1234,0.0
2214.5,medium-extension,CO2 AFOLU,1234,0.0
2214.5,medium-overshoot,CO2 FFI,1234,-13.0
2214.5,medium-overshoot,CO2 AFOLU,1234,0.0
2214.5,low,CO2 FFI,1234,-7.0
2214.5,low,CO2 AFOLU,1234,0.0
2214.5,verylow,CO2 FFI,1234,-5.0
2214.5,verylow,CO2 AFOLU,1234,0.0
2214.5,verylow-overshoot,CO2 FFI,1234,-21.3
2214.5,verylow-overshoot,CO2 AFOLU,1234,0.0
2215.5,high-extension,CO2 FFI,1234,44.03
2215.5,high-extension,CO2 AFOLU,1234,0.0
2215.5,high-overshoot,CO2 FFI,1234,-34.0
2215.5,high-overshoot,CO2 AFOLU,1234,0.0
2215.5,medium-extension,CO2 FFI,1234,0.0
2215.5,medium-extension,CO2 AFOLU,1234,0.0
2215.5,medium-overshoot,CO2 FFI,1234,-13.0
2215.5,medium-overshoot,CO2 AFOLU,1234,0.0
2215.5,low,CO2 FFI,1234,-7.0
2215.5,low,CO2 AFOLU,1234,0.0
2215.5,verylow,CO2 FFI,1234,-5.0
2215.5,verylow,CO2 AFOLU,1234,0.0
2215.5,verylow-overshoot,CO2 FFI,1234,-20.7
2215.5,verylow-overshoot,CO2 AFOLU,1234,0.0
2216.5,high-extension,CO2 FFI,1234,43.29
2216.5,high-extension,CO2 AFOLU,1234,0.0
2216.5,high-overshoot,CO2 FFI,1234,-34.0
2216.5,high-overshoot,CO2 AFOLU,1234,0.0
2216.5,medium-extension,CO2 FFI,1234,0.0
2216.5,medium-extension,CO2 AFOLU,1234,0.0
2216.5,medium-overshoot,CO2 FFI,1234,-13.0
2216.5,medium-overshoot,CO2 AFOLU,1234,0.0
2216.5,low,CO2 FFI,1234,-7.0
2216.5,low,CO2 AFOLU,1234,0.0
2216.5,verylow,CO2 FFI,1234,-5.0
2216.5,verylow,CO2 AFOLU,1234,0.0
2216.5,verylow-overshoot,CO2 FFI,1234,-20.1
2216.5,verylow-overshoot,CO2 AFOLU,1234,0.0
2217.5,high-extension,CO2 FFI,1234,42.55
2217.5,high-extension,CO2 AFOLU,1234,0.0
2217.5,high-overshoot,CO2 FFI,1234,-34.0
2217.5,high-overshoot,CO2 AFOLU,1234,0.0
2217.5,medium-extension,CO2 FFI,1234,0.0
2217.5,medium-extension,CO2 AFOLU,1234,0.0
2217.5,medium-overshoot,CO2 FFI,1234,-13.0
2217.5,medium-overshoot,CO2 AFOLU,1234,0.0
2217.5,low,CO2 FFI,1234,-7.0
2217.5,low,CO2 AFOLU,1234,0.0
2217.5,verylow,CO2 FFI,1234,-5.0
2217.5,verylow,CO2 AFOLU,1234,0.0
2217.5,verylow-overshoot,CO2 FFI,1234,-19.5
2217.5,verylow-overshoot,CO2 AFOLU,1234,0.0
2218.5,high-extension,CO2 FFI,1234,41.81
2218.5,high-extension,CO2 AFOLU,1234,0.0
2218.5,high-overshoot,CO2 FFI,1234,-34.0
2218.5,high-overshoot,CO2 AFOLU,1234,0.0
2218.5,medium-extension,CO2 FFI,1234,0.0
2218.5,medium-extension,CO2 AFOLU,1234,0.0
2218.5,medium-overshoot,CO2 FFI,1234,-13.0
2218.5,medium-overshoot,CO2 AFOLU,1234,0.0
2218.5,low,CO2 FFI,1234,-7.0
2218.5,low,CO2 AFOLU,1234,0.0
2218.5,verylow,CO2 FFI,1234,-5.0
2218.5,verylow,CO2 AFOLU,1234,0.0
2218.5,verylow-overshoot,CO2 FFI,1234,-18.900000000000002
2218.5,verylow-overshoot,CO2 AFOLU,1234,0.0
2219.5,high-extension,CO2 FFI,1234,41.07
2219.5,high-extension,CO2 AFOLU,1234,0.0
2219.5,high-overshoot,CO2 FFI,1234,-34.0
2219.5,high-overshoot,CO2 AFOLU,1234,0.0
2219.5,medium-extension,CO2 FFI,1234,0.0
2219.5,medium-extension,CO2 AFOLU,1234,0.0
2219.5,medium-overshoot,CO2 FFI,1234,-13.0
2219.5,medium-overshoot,CO2 AFOLU,1234,0.0
2219.5,low,CO2 FFI,1234,-7.0
2219.5,low,CO2 AFOLU,1234,0.0
2219.5,verylow,CO2 FFI,1234,-5.0
2219.5,verylow,CO2 AFOLU,1234,0.0
2219.5,verylow-overshoot,CO2 FFI,1234,-18.3
2219.5,verylow-overshoot,CO2 AFOLU,1234,0.0
2220.5,high-extension,CO2 FFI,1234,40.33
2220.5,high-extension,CO2 AFOLU,1234,0.0
2220.5,high-overshoot,CO2 FFI,1234,-34.0
2220.5,high-overshoot,CO2 AFOLU,1234,0.0
2220.5,medium-extension,CO2 FFI,1234,0.0
2220.5,medium-extension,CO2 AFOLU,1234,0.0
2220.5,medium-overshoot,CO2 FFI,1234,-13.0
2220.5,medium-overshoot,CO2 AFOLU,1234,0.0
2220.5,low,CO2 FFI,1234,-7.0
2220.5,low,CO2 AFOLU,1234,0.0
2220.5,verylow,CO2 FFI,1234,-5.0
2220.5,verylow,CO2 AFOLU,1234,0.0
2220.5,verylow-overshoot,CO2 FFI,1234,-17.7
2220.5,verylow-overshoot,CO2 AFOLU,1234,0.0
2221.5,high-extension,CO2 FFI,1234,39.59
2221.5,high-extension,CO2 AFOLU,1234,0.0
2221.5,high-overshoot,CO2 FFI,1234,-34.0
2221.5,high-overshoot,CO2 AFOLU,1234,0.0
2221.5,medium-extension,CO2 FFI,1234,0.0
2221.5,medium-extension,CO2 AFOLU,1234,0.0
2221.5,medium-overshoot,CO2 FFI,1234,-13.0
2221.5,medium-overshoot,CO2 AFOLU,1234,0.0
2221.5,low,CO2 FFI,1234,-7.0
2221.5,low,CO2 AFOLU,1234,0.0
2221.5,verylow,CO2 FFI,1234,-5.0
2221.5,verylow,CO2 AFOLU,1234,0.0
2221.5,verylow-overshoot,CO2 FFI,1234,-17.1
2221.5,verylow-overshoot,CO2 AFOLU,1234,0.0
2222.5,high-extension,CO2 FFI,1234,38.85
2222.5,high-extension,CO2 AFOLU,1234,0.0
2222.5,high-overshoot,CO2 FFI,1234,-34.0
2222.5,high-overshoot,CO2 AFOLU,1234,0.0
2222.5,medium-extension,CO2 FFI,1234,0.0
2222.5,medium-extension,CO2 AFOLU,1234,0.0
2222.5,medium-overshoot,CO2 FFI,1234,-13.0
2222.5,medium-overshoot,CO2 AFOLU,1234,0.0
2222.5,low,CO2 FFI,1234,-7.0
2222.5,low,CO2 AFOLU,1234,0.0
2222.5,verylow,CO2 FFI,1234,-5.0
2222.5,verylow,CO2 AFOLU,1234,0.0
2222.5,verylow-overshoot,CO2 FFI,1234,-16.5
2222.5,verylow-overshoot,CO2 AFOLU,1234,0.0
2223.5,high-extension,CO2 FFI,1234,38.11
2223.5,high-extension,CO2 AFOLU,1234,0.0
2223.5,high-overshoot,CO2 FFI,1234,-34.0
2223.5,high-overshoot,CO2 AFOLU,1234,0.0
2223.5,medium-extension,CO2 FFI,1234,0.0
2223.5,medium-extension,CO2 AFOLU,1234,0.0
2223.5,medium-overshoot,CO2 FFI,1234,-13.0
2223.5,medium-overshoot,CO2 AFOLU,1234,0.0
2223.5,low,CO2 FFI,1234,-7.0
2223.5,low,CO2 AFOLU,1234,0.0
2223.5,verylow,CO2 FFI,1234,-5.0
2223.5,verylow,CO2 AFOLU,1234,0.0
2223.5,verylow-overshoot,CO2 FFI,1234,-15.9
2223.5,verylow-overshoot,CO2 AFOLU,1234,0.0
2224.5,high-extension,CO2 FFI,1234,37.37
2224.5,high-extension,CO2 AFOLU,1234,0.0
2224.5,high-overshoot,CO2 FFI,1234,-34.0
2224.5,high-overshoot,CO2 AFOLU,1234,0.0
2224.5,medium-extension,CO2 FFI,1234,0.0
2224.5,medium-extension,CO2 AFOLU,1234,0.0
2224.5,medium-overshoot,CO2 FFI,1234,-13.0
2224.5,medium-overshoot,CO2 AFOLU,1234,0.0
2224.5,low,CO2 FFI,1234,-7.0
2224.5,low,CO2 AFOLU,1234,0.0
2224.5,verylow,CO2 FFI,1234,-5.0
2224.5,verylow,CO2 AFOLU,1234,0.0
2224.5,verylow-overshoot,CO2 FFI,1234,-15.3
2224.5,verylow-overshoot,CO2 AFOLU,1234,0.0
2225.5,high-extension,CO2 FFI,1234,36.63
2225.5,high-extension,CO2 AFOLU,1234,0.0
2225.5,high-overshoot,CO2 FFI,1234,-34.0
2225.5,high-overshoot,CO2 AFOLU,1234,0.0
2225.5,medium-extension,CO2 FFI,1234,0.0
2225.5,medium-extension,CO2 AFOLU,1234,0.0
2225.5,medium-overshoot,CO2 FFI,1234,-13.0
2225.5,medium-overshoot,CO2 AFOLU,1234,0.0
2225.5,low,CO2 FFI,1234,-7.0
2225.5,low,CO2 AFOLU,1234,0.0
2225.5,verylow,CO2 FFI,1234,-5.0
2225.5,verylow,CO2 AFOLU,1234,0.0
2225.5,verylow-overshoot,CO2 FFI,1234,-14.700000000000001
2225.5,verylow-overshoot,CO2 AFOLU,1234,0.0
2226.5,high-extension,CO2 FFI,1234,35.89
2226.5,high-extension,CO2 AFOLU,1234,0.0
2226.5,high-overshoot,CO2 FFI,1234,-34.0
2226.5,high-overshoot,CO2 AFOLU,1234,0.0
2226.5,medium-extension,CO2 FFI,1234,0.0
2226.5,medium-extension,CO2 AFOLU,1234,0.0
2226.5,medium-overshoot,CO2 FFI,1234,-13.0
2226.5,medium-overshoot,CO2 AFOLU,1234,0.0
2226.5,low,CO2 FFI,1234,-7.0
2226.5,low,CO2 AFOLU,1234,0.0
2226.5,verylow,CO2 FFI,1234,-5.0
2226.5,verylow,CO2 AFOLU,1234,0.0
2226.5,verylow-overshoot,CO2 FFI,1234,-14.100000000000001
2226.5,verylow-overshoot,CO2 AFOLU,1234,0.0
2227.5,high-extension,CO2 FFI,1234,35.15
2227.5,high-extension,CO2 AFOLU,1234,0.0
2227.5,high-overshoot,CO2 FFI,1234,-34.0
2227.5,high-overshoot,CO2 AFOLU,1234,0.0
2227.5,medium-extension,CO2 FFI,1234,0.0
2227.5,medium-extension,CO2 AFOLU,1234,0.0
2227.5,medium-overshoot,CO2 FFI,1234,-13.0
2227.5,medium-overshoot,CO2 AFOLU,1234,0.0
2227.5,low,CO2 FFI,1234,-7.0
2227.5,low,CO2 AFOLU,1234,0.0
2227.5,verylow,CO2 FFI,1234,-5.0
2227.5,verylow,CO2 AFOLU,1234,0.0
2227.5,verylow-overshoot,CO2 FFI,1234,-13.5
2227.5,verylow-overshoot,CO2 AFOLU,1234,0.0
2228.5,high-extension,CO2 FFI,1234,34.410000000000004
2228.5,high-extension,CO2 AFOLU,1234,0.0
2228.5,high-overshoot,CO2 FFI,1234,-34.0
2228.5,high-overshoot,CO2 AFOLU,1234,0.0
2228.5,medium-extension,CO2 FFI,1234,0.0
2228.5,medium-extension,CO2 AFOLU,1234,0.0
2228.5,medium-overshoot,CO2 FFI,1234,-13.0
2228.5,medium-overshoot,CO2 AFOLU,1234,0.0
2228.5,low,CO2 FFI,1234,-7.0
2228.5,low,CO2 AFOLU,1234,0.0
2228.5,verylow,CO2 FFI,1234,-5.0
2228.5,verylow,CO2 AFOLU,1234,0.0
2228.5,verylow-overshoot,CO2 FFI,1234,-12.9
2228.5,verylow-overshoot,CO2 AFOLU,1234,0.0
2229.5,high-extension,CO2 FFI,1234,33.67
2229.5,high-extension,CO2 AFOLU,1234,0.0
2229.5,high-overshoot,CO2 FFI,1234,-34.0
2229.5,high-overshoot,CO2 AFOLU,1234,0.0
2229.5,medium-extension,CO2 FFI,1234,0.0
2229.5,medium-extension,CO2 AFOLU,1234,0.0
2229.5,medium-overshoot,CO2 FFI,1234,-13.0
2229.5,medium-overshoot,CO2 AFOLU,1234,0.0
2229.5,low,CO2 FFI,1234,-7.0
2229.5,low,CO2 AFOLU,1234,0.0
2229.5,verylow,CO2 FFI,1234,-5.0
2229.5,verylow,CO2 AFOLU,1234,0.0
2229.5,verylow-overshoot,CO2 FFI,1234,-12.3
2229.5,verylow-overshoot,CO2 AFOLU,1234,0.0
2230.5,high-extension,CO2 FFI,1234,32.93
2230.5,high-extension,CO2 AFOLU,1234,0.0
2230.5,high-overshoot,CO2 FFI,1234,-34.0
2230.5,high-overshoot,CO2 AFOLU,1234,0.0
2230.5,medium-extension,CO2 FFI,1234,0.0
2230.5,medium-extension,CO2 AFOLU,1234,0.0
2230.5,medium-overshoot,CO2 FFI,1234,-13.0
2230.5,medium-overshoot,CO2 AFOLU,1234,0.0
2230.5,low,CO2 FFI,1234,-7.0
2230.5,low,CO2 AFOLU,1234,0.0
2230.5,verylow,CO2 FFI,1234,-5.0
2230.5,verylow,CO2 AFOLU,1234,0.0
2230.5,verylow-overshoot,CO2 FFI,1234,-11.700000000000001
2230.5,verylow-overshoot,CO2 AFOLU,1234,0.0
2231.5,high-extension,CO2 FFI,1234,32.19
2231.5,high-extension,CO2 AFOLU,1234,0.0
2231.5,high-overshoot,CO2 FFI,1234,-34.0
2231.5,high-overshoot,CO2 AFOLU,1234,0.0
2231.5,medium-extension,CO2 FFI,1234,0.0
2231.5,medium-extension,CO2 AFOLU,1234,0.0
2231.5,medium-overshoot,CO2 FFI,1234,-13.0
2231.5,medium-overshoot,CO2 AFOLU,1234,0.0
2231.5,low,CO2 FFI,1234,-7.0
2231.5,low,CO2 AFOLU,1234,0.0
2231.5,verylow,CO2 FFI,1234,-5.0
2231.5,verylow,CO2 AFOLU,1234,0.0
2231.5,verylow-overshoot,CO2 FFI,1234,-11.100000000000001
2231.5,verylow-overshoot,CO2 AFOLU,1234,0.0
2232.5,high-extension,CO2 FFI,1234,31.45
2232.5,high-extension,CO2 AFOLU,1234,0.0
2232.5,high-overshoot,CO2 FFI,1234,-34.0
2232.5,high-overshoot,CO2 AFOLU,1234,0.0
2232.5,medium-extension,CO2 FFI,1234,0.0
2232.5,medium-extension,CO2 AFOLU,1234,0.0
2232.5,medium-overshoot,CO2 FFI,1234,-13.0
2232.5,medium-overshoot,CO2 AFOLU,1234,0.0
2232.5,low,CO2 FFI,1234,-7.0
2232.5,low,CO2 AFOLU,1234,0.0
2232.5,verylow,CO2 FFI,1234,-5.0
2232.5,verylow,CO2 AFOLU,1234,0.0
2232.5,verylow-overshoot,CO2 FFI,1234,-10.5
2232.5,verylow-overshoot,CO2 AFOLU,1234,0.0
2233.5,high-extension,CO2 FFI,1234,30.71
2233.5,high-extension,CO2 AFOLU,1234,0.0
2233.5,high-overshoot,CO2 FFI,1234,-34.0
2233.5,high-overshoot,CO2 AFOLU,1234,0.0
2233.5,medium-extension,CO2 FFI,1234,0.0
2233.5,medium-extension,CO2 AFOLU,1234,0.0
2233.5,medium-overshoot,CO2 FFI,1234,-13.0
2233.5,medium-overshoot,CO2 AFOLU,1234,0.0
2233.5,low,CO2 FFI,1234,-7.0
2233.5,low,CO2 AFOLU,1234,0.0
2233.5,verylow,CO2 FFI,1234,-5.0
2233.5,verylow,CO2 AFOLU,1234,0.0
2233.5,verylow-overshoot,CO2 FFI,1234,-9.9
2233.5,verylow-overshoot,CO2 AFOLU,1234,0.0
2234.5,high-extension,CO2 FFI,1234,29.97
2234.5,high-extension,CO2 AFOLU,1234,0.0
2234.5,high-overshoot,CO2 FFI,1234,-34.0
2234.5,high-overshoot,CO2 AFOLU,1234,0.0
2234.5,medium-extension,CO2 FFI,1234,0.0
2234.5,medium-extension,CO2 AFOLU,1234,0.0
2234.5,medium-overshoot,CO2 FFI,1234,-13.0
2234.5,medium-overshoot,CO2 AFOLU,1234,0.0
2234.5,low,CO2 FFI,1234,-7.0
2234.5,low,CO2 AFOLU,1234,0.0
2234.5,verylow,CO2 FFI,1234,-5.0
2234.5,verylow,CO2 AFOLU,1234,0.0
2234.5,verylow-overshoot,CO2 FFI,1234,-9.3
2234.5,verylow-overshoot,CO2 AFOLU,1234,0.0
2235.5,high-extension,CO2 FFI,1234,29.23
2235.5,high-extension,CO2 AFOLU,1234,0.0
2235.5,high-overshoot,CO2 FFI,1234,-34.0
2235.5,high-overshoot,CO2 AFOLU,1234,0.0
2235.5,medium-extension,CO2 FFI,1234,0.0
2235.5,medium-extension,CO2 AFOLU,1234,0.0
2235.5,medium-overshoot,CO2 FFI,1234,-13.0
2235.5,medium-overshoot,CO2 AFOLU,1234,0.0
2235.5,low,CO2 FFI,1234,-7.0
2235.5,low,CO2 AFOLU,1234,0.0
2235.5,verylow,CO2 FFI,1234,-5.0
2235.5,verylow,CO2 AFOLU,1234,0.0
2235.5,verylow-overshoot,CO2 FFI,1234,-8.700000000000001
2235.5,verylow-overshoot,CO2 AFOLU,1234,0.0
2236.5,high-extension,CO2 FFI,1234,28.490000000000002
2236.5,high-extension,CO2 AFOLU,1234,0.0
2236.5,high-overshoot,CO2 FFI,1234,-34.0
2236.5,high-overshoot,CO2 AFOLU,1234,0.0
2236.5,medium-extension,CO2 FFI,1234,0.0
2236.5,medium-extension,CO2 AFOLU,1234,0.0
2236.5,medium-overshoot,CO2 FFI,1234,-13.0
2236.5,medium-overshoot,CO2 AFOLU,1234,0.0
2236.5,low,CO2 FFI,1234,-7.0
2236.5,low,CO2 AFOLU,1234,0.0
2236.5,verylow,CO2 FFI,1234,-5.0
2236.5,verylow,CO2 AFOLU,1234,0.0
2236.5,verylow-overshoot,CO2 FFI,1234,-8.100000000000001
2236.5,verylow-overshoot,CO2 AFOLU,1234,0.0
2237.5,high-extension,CO2 FFI,1234,27.75
2237.5,high-extension,CO2 AFOLU,1234,0.0
2237.5,high-overshoot,CO2 FFI,1234,-34.0
2237.5,high-overshoot,CO2 AFOLU,1234,0.0
2237.5,medium-extension,CO2 FFI,1234,0.0
2237.5,medium-extension,CO2 AFOLU,1234,0.0
2237.5,medium-overshoot,CO2 FFI,1234,-13.0
2237.5,medium-overshoot,CO2 AFOLU,1234,0.0
2237.5,low,CO2 FFI,1234,-7.0
2237.5,low,CO2 AFOLU,1234,0.0
2237.5,verylow,CO2 FFI,1234,-5.0
2237.5,verylow,CO2 AFOLU,1234,0.0
2237.5,verylow-overshoot,CO2 FFI,1234,-7.500000000000001
2237.5,verylow-overshoot,CO2 AFOLU,1234,0.0
2238.5,high-extension,CO2 FFI,1234,27.01
2238.5,high-extension,CO2 AFOLU,1234,0.0
2238.5,high-overshoot,CO2 FFI,1234,-34.0
2238.5,high-overshoot,CO2 AFOLU,1234,0.0
2238.5,medium-extension,CO2 FFI,1234,0.0
2238.5,medium-extension,CO2 AFOLU,1234,0.0
2238.5,medium-overshoot,CO2 FFI,1234,-13.0
2238.5,medium-overshoot,CO2 AFOLU,1234,0.0
2238.5,low,CO2 FFI,1234,-7.0
2238.5,low,CO2 AFOLU,1234,0.0
2238.5,verylow,CO2 FFI,1234,-5.0
2238.5,verylow,CO2 AFOLU,1234,0.0
2238.5,verylow-overshoot,CO2 FFI,1234,-6.900000000000001
2238.5,verylow-overshoot,CO2 AFOLU,1234,0.0
2239.5,high-extension,CO2 FFI,1234,26.27
2239.5,high-extension,CO2 AFOLU,1234,0.0
2239.5,high-overshoot,CO2 FFI,1234,-34.0
2239.5,high-overshoot,CO2 AFOLU,1234,0.0
2239.5,medium-extension,CO2 FFI,1234,0.0
2239.5,medium-extension,CO2 AFOLU,1234,0.0
2239.5,medium-overshoot,CO2 FFI,1234,-13.0
2239.5,medium-overshoot,CO2 AFOLU,1234,0.0
2239.5,low,CO2 FFI,1234,-7.0
2239.5,low,CO2 AFOLU,1234,0.0
2239.5,verylow,CO2 FFI,1234,-5.0
2239.5,verylow,CO2 AFOLU,1234,0.0
2239.5,verylow-overshoot,CO2 FFI,1234,-6.300000000000001
2239.5,verylow-overshoot,CO2 AFOLU,1234,0.0
2240.5,high-extension,CO2 FFI,1234,25.53
2240.5,high-extension,CO2 AFOLU,1234,0.0
2240.5,high-overshoot,CO2 FFI,1234,-34.0
2240.5,high-overshoot,CO2 AFOLU,1234,0.0
2240.5,medium-extension,CO2 FFI,1234,0.0
2240.5,medium-extension,CO2 AFOLU,1234,0.0
2240.5,medium-overshoot,CO2 FFI,1234,-13.0
2240.5,medium-overshoot,CO2 AFOLU,1234,0.0
2240.5,low,CO2 FFI,1234,-6.93
2240.5,low,CO2 AFOLU,1234,0.0
2240.5,verylow,CO2 FFI,1234,-5.0
2240.5,verylow,CO2 AFOLU,1234,0.0
2240.5,verylow-overshoot,CO2 FFI,1234,-5.700000000000001
2240.5,verylow-overshoot,CO2 AFOLU,1234,0.0
2241.5,high-extension,CO2 FFI,1234,24.79
2241.5,high-extension,CO2 AFOLU,1234,0.0
2241.5,high-overshoot,CO2 FFI,1234,-34.0
2241.5,high-overshoot,CO2 AFOLU,1234,0.0
2241.5,medium-extension,CO2 FFI,1234,0.0
2241.5,medium-extension,CO2 AFOLU,1234,0.0
2241.5,medium-overshoot,CO2 FFI,1234,-13.0
2241.5,medium-overshoot,CO2 AFOLU,1234,0.0
2241.5,low,CO2 FFI,1234,-6.79
2241.5,low,CO2 AFOLU,1234,0.0
2241.5,verylow,CO2 FFI,1234,-5.0
2241.5,verylow,CO2 AFOLU,1234,0.0
2241.5,verylow-overshoot,CO2 FFI,1234,-5.1000000000000005
2241.5,verylow-overshoot,CO2 AFOLU,1234,0.0
2242.5,high-extension,CO2 FFI,1234,24.05
2242.5,high-extension,CO2 AFOLU,1234,0.0
2242.5,high-overshoot,CO2 FFI,1234,-34.0
2242.5,high-overshoot,CO2 AFOLU,1234,0.0
2242.5,medium-extension,CO2 FFI,1234,0.0
2242.5,medium-extension,CO2 AFOLU,1234,0.0
2242.5,medium-overshoot,CO2 FFI,1234,-13.0
2242.5,medium-overshoot,CO2 AFOLU,1234,0.0
2242.5,low,CO2 FFI,1234,-6.65
2242.5,low,CO2 AFOLU,1234,0.0
2242.5,verylow,CO2 FFI,1234,-5.0
2242.5,verylow,CO2 AFOLU,1234,0.0
2242.5,verylow-overshoot,CO2 FFI,1234,-4.500000000000001
2242.5,verylow-overshoot,CO2 AFOLU,1234,0.0
2243.5,high-extension,CO2 FFI,1234,23.310000000000002
2243.5,high-extension,CO2 AFOLU,1234,0.0
2243.5,high-overshoot,CO2 FFI,1234,-34.0
2243.5,high-overshoot,CO2 AFOLU,1234,0.0
2243.5,medium-extension,CO2 FFI,1234,0.0
2243.5,medium-extension,CO2 AFOLU,1234,0.0
2243.5,medium-overshoot,CO2 FFI,1234,-13.0
2243.5,medium-overshoot,CO2 AFOLU,1234,0.0
2243.5,low,CO2 FFI,1234,-6.51
2243.5,low,CO2 AFOLU,1234,0.0
2243.5,verylow,CO2 FFI,1234,-5.0
2243.5,verylow,CO2 AFOLU,1234,0.0
2243.5,verylow-overshoot,CO2 FFI,1234,-3.900000000000001
2243.5,verylow-overshoot,CO2 AFOLU,1234,0.0
2244.5,high-extension,CO2 FFI,1234,22.57
2244.5,high-extension,CO2 AFOLU,1234,0.0
2244.5,high-overshoot,CO2 FFI,1234,-34.0
2244.5,high-overshoot,CO2 AFOLU,1234,0.0
2244.5,medium-extension,CO2 FFI,1234,0.0
2244.5,medium-extension,CO2 AFOLU,1234,0.0
2244.5,medium-overshoot,CO2 FFI,1234,-13.0
2244.5,medium-overshoot,CO2 AFOLU,1234,0.0
2244.5,low,CO2 FFI,1234,-6.37
2244.5,low,CO2 AFOLU,1234,0.0
2244.5,verylow,CO2 FFI,1234,-5.0
2244.5,verylow,CO2 AFOLU,1234,0.0
2244.5,verylow-overshoot,CO2 FFI,1234,-3.300000000000001
2244.5,verylow-overshoot,CO2 AFOLU,1234,0.0
2245.5,high-extension,CO2 FFI,1234,21.830000000000002
2245.5,high-extension,CO2 AFOLU,1234,0.0
2245.5,high-overshoot,CO2 FFI,1234,-34.0
2245.5,high-overshoot,CO2 AFOLU,1234,0.0
2245.5,medium-extension,CO2 FFI,1234,0.0
2245.5,medium-extension,CO2 AFOLU,1234,0.0
2245.5,medium-overshoot,CO2 FFI,1234,-13.0
2245.5,medium-overshoot,CO2 AFOLU,1234,0.0
2245.5,low,CO2 FFI,1234,-6.2299999999999995
2245.5,low,CO2 AFOLU,1234,0.0
2245.5,verylow,CO2 FFI,1234,-5.0
2245.5,verylow,CO2 AFOLU,1234,0.0
2245.5,verylow-overshoot,CO2 FFI,1234,-2.700000000000001
2245.5,verylow-overshoot,CO2 AFOLU,1234,0.0
2246.5,high-extension,CO2 FFI,1234,21.09
2246.5,high-extension,CO2 AFOLU,1234,0.0
2246.5,high-overshoot,CO2 FFI,1234,-34.0
2246.5,high-overshoot,CO2 AFOLU,1234,0.0
2246.5,medium-extension,CO2 FFI,1234,0.0
2246.5,medium-extension,CO2 AFOLU,1234,0.0
2246.5,medium-overshoot,CO2 FFI,1234,-13.0
2246.5,medium-overshoot,CO2 AFOLU,1234,0.0
2246.5,low,CO2 FFI,1234,-6.09
2246.5,low,CO2 AFOLU,1234,0.0
2246.5,verylow,CO2 FFI,1234,-5.0
2246.5,verylow,CO2 AFOLU,1234,0.0
2246.5,verylow-overshoot,CO2 FFI,1234,-2.100000000000001
2246.5,verylow-overshoot,CO2 AFOLU,1234,0.0
2247.5,high-extension,CO2 FFI,1234,20.35
2247.5,high-extension,CO2 AFOLU,1234,0.0
2247.5,high-overshoot,CO2 FFI,1234,-34.0
2247.5,high-overshoot,CO2 AFOLU,1234,0.0
2247.5,medium-extension,CO2 FFI,1234,0.0
2247.5,medium-extension,CO2 AFOLU,1234,0.0
2247.5,medium-overshoot,CO2 FFI,1234,-13.0
2247.5,medium-overshoot,CO2 AFOLU,1234,0.0
2247.5,low,CO2 FFI,1234,-5.95
2247.5,low,CO2 AFOLU,1234,0.0
2247.5,verylow,CO2 FFI,1234,-5.0
2247.5,verylow,CO2 AFOLU,1234,0.0
2247.5,verylow-overshoot,CO2 FFI,1234,-1.500000000000001
2247.5,verylow-overshoot,CO2 AFOLU,1234,0.0
2248.5,high-extension,CO2 FFI,1234,19.61
2248.5,high-extension,CO2 AFOLU,1234,0.0
2248.5,high-overshoot,CO2 FFI,1234,-34.0
2248.5,high-overshoot,CO2 AFOLU,1234,0.0
2248.5,medium-extension,CO2 FFI,1234,0.0
2248.5,medium-extension,CO2 AFOLU,1234,0.0
2248.5,medium-overshoot,CO2 FFI,1234,-13.0
2248.5,medium-overshoot,CO2 AFOLU,1234,0.0
2248.5,low,CO2 FFI,1234,-5.81
2248.5,low,CO2 AFOLU,1234,0.0
2248.5,verylow,CO2 FFI,1234,-5.0
2248.5,verylow,CO2 AFOLU,1234,0.0
2248.5,verylow-overshoot,CO2 FFI,1234,-0.900000000000001
2248.5,verylow-overshoot,CO2 AFOLU,1234,0.0
2249.5,high-extension,CO2 FFI,1234,18.87
2249.5,high-extension,CO2 AFOLU,1234,0.0
2249.5,high-overshoot,CO2 FFI,1234,-34.0
2249.5,high-overshoot,CO2 AFOLU,1234,0.0
2249.5,medium-extension,CO2 FFI,1234,0.0
2249.5,medium-extension,CO2 AFOLU,1234,0.0
2249.5,medium-overshoot,CO2 FFI,1234,-13.0
2249.5,medium-overshoot,CO2 AFOLU,1234,0.0
2249.5,low,CO2 FFI,1234,-5.67
2249.5,low,CO2 AFOLU,1234,0.0
2249.5,verylow,CO2 FFI,1234,-5.0
2249.5,verylow,CO2 AFOLU,1234,0.0
2249.5,verylow-overshoot,CO2 FFI,1234,-0.3000000000000011
2249.5,verylow-overshoot,CO2 AFOLU,1234,0.0
2250.5,high-extension,CO2 FFI,1234,18.13
2250.5,high-extension,CO2 AFOLU,1234,0.0
2250.5,high-overshoot,CO2 FFI,1234,-34.0
2250.5,high-overshoot,CO2 AFOLU,1234,0.0
2250.5,medium-extension,CO2 FFI,1234,0.0
2250.5,medium-extension,CO2 AFOLU,1234,0.0
2250.5,medium-overshoot,CO2 FFI,1234,-13.0
2250.5,medium-overshoot,CO2 AFOLU,1234,0.0
2250.5,low,CO2 FFI,1234,-5.53
2250.5,low,CO2 AFOLU,1234,0.0
2250.5,verylow,CO2 FFI,1234,-5.0
2250.5,verylow,CO2 AFOLU,1234,0.0
2250.5,verylow-overshoot,CO2 FFI,1234,0.0
2250.5,verylow-overshoot,CO2 AFOLU,1234,0.0
2251.5,high-extension,CO2 FFI,1234,17.39
2251.5,high-extension,CO2 AFOLU,1234,0.0
2251.5,high-overshoot,CO2 FFI,1234,-34.0
2251.5,high-overshoot,CO2 AFOLU,1234,0.0
2251.5,medium-extension,CO2 FFI,1234,0.0
2251.5,medium-extension,CO2 AFOLU,1234,0.0
2251.5,medium-overshoot,CO2 FFI,1234,-13.0
2251.5,medium-overshoot,CO2 AFOLU,1234,0.0
2251.5,low,CO2 FFI,1234,-5.39
2251.5,low,CO2 AFOLU,1234,0.0
2251.5,verylow,CO2 FFI,1234,-5.0
2251.5,verylow,CO2 AFOLU,1234,0.0
2251.5,verylow-overshoot,CO2 FFI,1234,0.0
2251.5,verylow-overshoot,CO2 AFOLU,1234,0.0
2252.5,high-extension,CO2 FFI,1234,16.650000000000002
2252.5,high-extension,CO2 AFOLU,1234,0.0
2252.5,high-overshoot,CO2 FFI,1234,-34.0
2252.5,high-overshoot,CO2 AFOLU,1234,0.0
2252.5,medium-extension,CO2 FFI,1234,0.0
2252.5,medium-extension,CO2 AFOLU,1234,0.0
2252.5,medium-overshoot,CO2 FFI,1234,-13.0
2252.5,medium-overshoot,CO2 AFOLU,1234,0.0
2252.5,low,CO2 FFI,1234,-5.25
2252.5,low,CO2 AFOLU,1234,0.0
2252.5,verylow,CO2 FFI,1234,-5.0
2252.5,verylow,CO2 AFOLU,1234,0.0
2252.5,verylow-overshoot,CO2 FFI,1234,0.0
2252.5,verylow-overshoot,CO2 AFOLU,1234,0.0
2253.5,high-extension,CO2 FFI,1234,15.91
2253.5,high-extension,CO2 AFOLU,1234,0.0
2253.5,high-overshoot,CO2 FFI,1234,-34.0
2253.5,high-overshoot,CO2 AFOLU,1234,0.0
2253.5,medium-extension,CO2 FFI,1234,0.0
2253.5,medium-extension,CO2 AFOLU,1234,0.0
2253.5,medium-overshoot,CO2 FFI,1234,-13.0
2253.5,medium-overshoot,CO2 AFOLU,1234,0.0
2253.5,low,CO2 FFI,1234,-5.109999999999999
2253.5,low,CO2 AFOLU,1234,0.0
2253.5,verylow,CO2 FFI,1234,-5.0
2253.5,verylow,CO2 AFOLU,1234,0.0
2253.5,verylow-overshoot,CO2 FFI,1234,0.0
2253.5,verylow-overshoot,CO2 AFOLU,1234,0.0
2254.5,high-extension,CO2 FFI,1234,15.17
2254.5,high-extension,CO2 AFOLU,1234,0.0
2254.5,high-overshoot,CO2 FFI,1234,-34.0
2254.5,high-overshoot,CO2 AFOLU,1234,0.0
2254.5,medium-extension,CO2 FFI,1234,0.0
2254.5,medium-extension,CO2 AFOLU,1234,0.0
2254.5,medium-overshoot,CO2 FFI,1234,-13.0
2254.5,medium-overshoot,CO2 AFOLU,1234,0.0
2254.5,low,CO2 FFI,1234,-4.97
2254.5,low,CO2 AFOLU,1234,0.0
2254.5,verylow,CO2 FFI,1234,-5.0
2254.5,verylow,CO2 AFOLU,1234,0.0
2254.5,verylow-overshoot,CO2 FFI,1234,0.0
2254.5,verylow-overshoot,CO2 AFOLU,1234,0.0
2255.5,high-extension,CO2 FFI,1234,14.430000000000001
2255.5,high-extension,CO2 AFOLU,1234,0.0
2255.5,high-overshoot,CO2 FFI,1234,-34.0
2255.5,high-overshoot,CO2 AFOLU,1234,0.0
2255.5,medium-extension,CO2 FFI,1234,0.0
2255.5,medium-extension,CO2 AFOLU,1234,0.0
2255.5,medium-overshoot,CO2 FFI,1234,-13.0
2255.5,medium-overshoot,CO2 AFOLU,1234,0.0
2255.5,low,CO2 FFI,1234,-4.83
2255.5,low,CO2 AFOLU,1234,0.0
2255.5,verylow,CO2 FFI,1234,-5.0
2255.5,verylow,CO2 AFOLU,1234,0.0
2255.5,verylow-overshoot,CO2 FFI,1234,0.0
2255.5,verylow-overshoot,CO2 AFOLU,1234,0.0
2256.5,high-extension,CO2 FFI,1234,13.690000000000001
2256.5,high-extension,CO2 AFOLU,1234,0.0
2256.5,high-overshoot,CO2 FFI,1234,-34.0
2256.5,high-overshoot,CO2 AFOLU,1234,0.0
2256.5,medium-extension,CO2 FFI,1234,0.0
2256.5,medium-extension,CO2 AFOLU,1234,0.0
2256.5,medium-overshoot,CO2 FFI,1234,-13.0
2256.5,medium-overshoot,CO2 AFOLU,1234,0.0
2256.5,low,CO2 FFI,1234,-4.6899999999999995
2256.5,low,CO2 AFOLU,1234,0.0
2256.5,verylow,CO2 FFI,1234,-5.0
2256.5,verylow,CO2 AFOLU,1234,0.0
2256.5,verylow-overshoot,CO2 FFI,1234,0.0
2256.5,verylow-overshoot,CO2 AFOLU,1234,0.0
2257.5,high-extension,CO2 FFI,1234,12.950000000000001
2257.5,high-extension,CO2 AFOLU,1234,0.0
2257.5,high-overshoot,CO2 FFI,1234,-34.0
2257.5,high-overshoot,CO2 AFOLU,1234,0.0
2257.5,medium-extension,CO2 FFI,1234,0.0
2257.5,medium-extension,CO2 AFOLU,1234,0.0
2257.5,medium-overshoot,CO2 FFI,1234,-13.0
2257.5,medium-overshoot,CO2 AFOLU,1234,0.0
2257.5,low,CO2 FFI,1234,-4.55
2257.5,low,CO2 AFOLU,1234,0.0
2257.5,verylow,CO2 FFI,1234,-5.0
2257.5,verylow,CO2 AFOLU,1234,0.0
2257.5,verylow-overshoot,CO2 FFI,1234,0.0
2257.5,verylow-overshoot,CO2 AFOLU,1234,0.0
2258.5,high-extension,CO2 FFI,1234,12.21
2258.5,high-extension,CO2 AFOLU,1234,0.0
2258.5,high-overshoot,CO2 FFI,1234,-34.0
2258.5,high-overshoot,CO2 AFOLU,1234,0.0
2258.5,medium-extension,CO2 FFI,1234,0.0
2258.5,medium-extension,CO2 AFOLU,1234,0.0
2258.5,medium-overshoot,CO2 FFI,1234,-13.0
2258.5,medium-overshoot,CO2 AFOLU,1234,0.0
2258.5,low,CO2 FFI,1234,-4.41
2258.5,low,CO2 AFOLU,1234,0.0
2258.5,verylow,CO2 FFI,1234,-5.0
2258.5,verylow,CO2 AFOLU,1234,0.0
2258.5,verylow-overshoot,CO2 FFI,1234,0.0
2258.5,verylow-overshoot,CO2 AFOLU,1234,0.0
2259.5,high-extension,CO2 FFI,1234,11.47
2259.5,high-extension,CO2 AFOLU,1234,0.0
2259.5,high-overshoot,CO2 FFI,1234,-34.0
2259.5,high-overshoot,CO2 AFOLU,1234,0.0
2259.5,medium-extension,CO2 FFI,1234,0.0
2259.5,medium-extension,CO2 AFOLU,1234,0.0
2259.5,medium-overshoot,CO2 FFI,1234,-13.0
2259.5,medium-overshoot,CO2 AFOLU,1234,0.0
2259.5,low,CO2 FFI,1234,-4.27
2259.5,low,CO2 AFOLU,1234,0.0
2259.5,verylow,CO2 FFI,1234,-5.0
2259.5,verylow,CO2 AFOLU,1234,0.0
2259.5,verylow-overshoot,CO2 FFI,1234,0.0
2259.5,verylow-overshoot,CO2 AFOLU,1234,0.0
2260.5,high-extension,CO2 FFI,1234,10.73
2260.5,high-extension,CO2 AFOLU,1234,0.0
2260.5,high-overshoot,CO2 FFI,1234,-34.0
2260.5,high-overshoot,CO2 AFOLU,1234,0.0
2260.5,medium-extension,CO2 FFI,1234,0.0
2260.5,medium-extension,CO2 AFOLU,1234,0.0
2260.5,medium-overshoot,CO2 FFI,1234,-13.0
2260.5,medium-overshoot,CO2 AFOLU,1234,0.0
2260.5,low,CO2 FFI,1234,-4.13
2260.5,low,CO2 AFOLU,1234,0.0
2260.5,verylow,CO2 FFI,1234,-5.0
2260.5,verylow,CO2 AFOLU,1234,0.0
2260.5,verylow-overshoot,CO2 FFI,1234,0.0
2260.5,verylow-overshoot,CO2 AFOLU,1234,0.0
2261.5,high-extension,CO2 FFI,1234,9.99
2261.5,high-extension,CO2 AFOLU,1234,0.0
2261.5,high-overshoot,CO2 FFI,1234,-34.0
2261.5,high-overshoot,CO2 AFOLU,1234,0.0
2261.5,medium-extension,CO2 FFI,1234,0.0
2261.5,medium-extension,CO2 AFOLU,1234,0.0
2261.5,medium-overshoot,CO2 FFI,1234,-13.0
2261.5,medium-overshoot,CO2 AFOLU,1234,0.0
2261.5,low,CO2 FFI,1234,-3.9899999999999998
2261.5,low,CO2 AFOLU,1234,0.0
2261.5,verylow,CO2 FFI,1234,-5.0
2261.5,verylow,CO2 AFOLU,1234,0.0
2261.5,verylow-overshoot,CO2 FFI,1234,0.0
2261.5,verylow-overshoot,CO2 AFOLU,1234,0.0
2262.5,high-extension,CO2 FFI,1234,9.25
2262.5,high-extension,CO2 AFOLU,1234,0.0
2262.5,high-overshoot,CO2 FFI,1234,-34.0
2262.5,high-overshoot,CO2 AFOLU,1234,0.0
2262.5,medium-extension,CO2 FFI,1234,0.0
2262.5,medium-extension,CO2 AFOLU,1234,0.0
2262.5,medium-overshoot,CO2 FFI,1234,-13.0
2262.5,medium-overshoot,CO2 AFOLU,1234,0.0
2262.5,low,CO2 FFI,1234,-3.8499999999999996
2262.5,low,CO2 AFOLU,1234,0.0
2262.5,verylow,CO2 FFI,1234,-5.0
2262.5,verylow,CO2 AFOLU,1234,0.0
2262.5,verylow-overshoot,CO2 FFI,1234,0.0
2262.5,verylow-overshoot,CO2 AFOLU,1234,0.0
2263.5,high-extension,CO2 FFI,1234,8.510000000000002
2263.5,high-extension,CO2 AFOLU,1234,0.0
2263.5,high-overshoot,CO2 FFI,1234,-34.0
2263.5,high-overshoot,CO2 AFOLU,1234,0.0
2263.5,medium-extension,CO2 FFI,1234,0.0
2263.5,medium-extension,CO2 AFOLU,1234,0.0
2263.5,medium-overshoot,CO2 FFI,1234,-13.0
2263.5,medium-overshoot,CO2 AFOLU,1234,0.0
2263.5,low,CO2 FFI,1234,-3.7099999999999995
2263.5,low,CO2 AFOLU,1234,0.0
2263.5,verylow,CO2 FFI,1234,-5.0
2263.5,verylow,CO2 AFOLU,1234,0.0
2263.5,verylow-overshoot,CO2 FFI,1234,0.0
2263.5,verylow-overshoot,CO2 AFOLU,1234,0.0
2264.5,high-extension,CO2 FFI,1234,7.7700000000000005
2264.5,high-extension,CO2 AFOLU,1234,0.0
2264.5,high-overshoot,CO2 FFI,1234,-34.0
2264.5,high-overshoot,CO2 AFOLU,1234,0.0
2264.5,medium-extension,CO2 FFI,1234,0.0
2264.5,medium-extension,CO2 AFOLU,1234,0.0
2264.5,medium-overshoot,CO2 FFI,1234,-13.0
2264.5,medium-overshoot,CO2 AFOLU,1234,0.0
2264.5,low,CO2 FFI,1234,-3.57
2264.5,low,CO2 AFOLU,1234,0.0
2264.5,verylow,CO2 FFI,1234,-5.0
2264.5,verylow,CO2 AFOLU,1234,0.0
2264.5,verylow-overshoot,CO2 FFI,1234,0.0
2264.5,verylow-overshoot,CO2 AFOLU,1234,0.0
2265.5,high-extension,CO2 FFI,1234,7.030000000000001
2265.5,high-extension,CO2 AFOLU,1234,0.0
2265.5,high-overshoot,CO2 FFI,1234,-34.0
2265.5,high-overshoot,CO2 AFOLU,1234,0.0
2265.5,medium-extension,CO2 FFI,1234,0.0
2265.5,medium-extension,CO2 AFOLU,1234,0.0
2265.5,medium-overshoot,CO2 FFI,1234,-13.0
2265.5,medium-overshoot,CO2 AFOLU,1234,0.0
2265.5,low,CO2 FFI,1234,-3.4299999999999997
2265.5,low,CO2 AFOLU,1234,0.0
2265.5,verylow,CO2 FFI,1234,-5.0
2265.5,verylow,CO2 AFOLU,1234,0.0
2265.5,verylow-overshoot,CO2 FFI,1234,0.0
2265.5,verylow-overshoot,CO2 AFOLU,1234,0.0
2266.5,high-extension,CO2 FFI,1234,6.290000000000001
2266.5,high-extension,CO2 AFOLU,1234,0.0
2266.5,high-overshoot,CO2 FFI,1234,-34.0
2266.5,high-overshoot,CO2 AFOLU,1234,0.0
2266.5,medium-extension,CO2 FFI,1234,0.0
2266.5,medium-extension,CO2 AFOLU,1234,0.0
2266.5,medium-overshoot,CO2 FFI,1234,-13.0
2266.5,medium-overshoot,CO2 AFOLU,1234,0.0
2266.5,low,CO2 FFI,1234,-3.2899999999999996
2266.5,low,CO2 AFOLU,1234,0.0
2266.5,verylow,CO2 FFI,1234,-5.0
2266.5,verylow,CO2 AFOLU,1234,0.0
2266.5,verylow-overshoot,CO2 FFI,1234,0.0
2266.5,verylow-overshoot,CO2 AFOLU,1234,0.0
2267.5,high-extension,CO2 FFI,1234,5.550000000000001
2267.5,high-extension,CO2 AFOLU,1234,0.0
2267.5,high-overshoot,CO2 FFI,1234,-34.0
2267.5,high-overshoot,CO2 AFOLU,1234,0.0
2267.5,medium-extension,CO2 FFI,1234,0.0
2267.5,medium-extension,CO2 AFOLU,1234,0.0
2267.5,medium-overshoot,CO2 FFI,1234,-13.0
2267.5,medium-overshoot,CO2 AFOLU,1234,0.0
2267.5,low,CO2 FFI,1234,-3.1499999999999995
2267.5,low,CO2 AFOLU,1234,0.0
2267.5,verylow,CO2 FFI,1234,-5.0
2267.5,verylow,CO2 AFOLU,1234,0.0
2267.5,verylow-overshoot,CO2 FFI,1234,0.0
2267.5,verylow-overshoot,CO2 AFOLU,1234,0.0
2268.5,high-extension,CO2 FFI,1234,4.8100000000000005
2268.5,high-extension,CO2 AFOLU,1234,0.0
2268.5,high-overshoot,CO2 FFI,1234,-34.0
2268.5,high-overshoot,CO2 AFOLU,1234,0.0
2268.5,medium-extension,CO2 FFI,1234,0.0
2268.5,medium-extension,CO2 AFOLU,1234,0.0
2268.5,medium-overshoot,CO2 FFI,1234,-13.0
2268.5,medium-overshoot,CO2 AFOLU,1234,0.0
2268.5,low,CO2 FFI,1234,-3.01
2268.5,low,CO2 AFOLU,1234,0.0
2268.5,verylow,CO2 FFI,1234,-5.0
2268.5,verylow,CO2 AFOLU,1234,0.0
2268.5,verylow-overshoot,CO2 FFI,1234,0.0
2268.5,verylow-overshoot,CO2 AFOLU,1234,0.0
2269.5,high-extension,CO2 FFI,1234,4.070000000000001
2269.5,high-extension,CO2 AFOLU,1234,0.0
2269.5,high-overshoot,CO2 FFI,1234,-34.0
2269.5,high-overshoot,CO2 AFOLU,1234,0.0
2269.5,medium-extension,CO2 FFI,1234,0.0
2269.5,medium-extension,CO2 AFOLU,1234,0.0
2269.5,medium-overshoot,CO2 FFI,1234,-13.0
2269.5,medium-overshoot,CO2 AFOLU,1234,0.0
2269.5,low,CO2 FFI,1234,-2.8699999999999997
2269.5,low,CO2 AFOLU,1234,0.0
2269.5,verylow,CO2 FFI,1234,-5.0
2269.5,verylow,CO2 AFOLU,1234,0.0
2269.5,verylow-overshoot,CO2 FFI,1234,0.0
2269.5,verylow-overshoot,CO2 AFOLU,1234,0.0
2270.5,high-extension,CO2 FFI,1234,3.330000000000001
2270.5,high-extension,CO2 AFOLU,1234,0.0
2270.5,high-overshoot,CO2 FFI,1234,-34.0
2270.5,high-overshoot,CO2 AFOLU,1234,0.0
2270.5,medium-extension,CO2 FFI,1234,0.0
2270.5,medium-extension,CO2 AFOLU,1234,0.0
2270.5,medium-overshoot,CO2 FFI,1234,-13.0
2270.5,medium-overshoot,CO2 AFOLU,1234,0.0
2270.5,low,CO2 FFI,1234,-2.7299999999999995
2270.5,low,CO2 AFOLU,1234,0.0
2270.5,verylow,CO2 FFI,1234,-5.0
2270.5,verylow,CO2 AFOLU,1234,0.0
2270.5,verylow-overshoot,CO2 FFI,1234,0.0
2270.5,verylow-overshoot,CO2 AFOLU,1234,0.0
2271.5,high-extension,CO2 FFI,1234,2.5900000000000007
2271.5,high-extension,CO2 AFOLU,1234,0.0
2271.5,high-overshoot,CO2 FFI,1234,-34.0
2271.5,high-overshoot,CO2 AFOLU,1234,0.0
2271.5,medium-extension,CO2 FFI,1234,0.0
2271.5,medium-extension,CO2 AFOLU,1234,0.0
2271.5,medium-overshoot,CO2 FFI,1234,-13.0
2271.5,medium-overshoot,CO2 AFOLU,1234,0.0
2271.5,low,CO2 FFI,1234,-2.5899999999999994
2271.5,low,CO2 AFOLU,1234,0.0
2271.5,verylow,CO2 FFI,1234,-5.0
2271.5,verylow,CO2 AFOLU,1234,0.0
2271.5,verylow-overshoot,CO2 FFI,1234,0.0
2271.5,verylow-overshoot,CO2 AFOLU,1234,0.0
2272.5,high-extension,CO2 FFI,1234,1.850000000000001
2272.5,high-extension,CO2 AFOLU,1234,0.0
2272.5,high-overshoot,CO2 FFI,1234,-34.0
2272.5,high-overshoot,CO2 AFOLU,1234,0.0
2272.5,medium-extension,CO2 FFI,1234,0.0
2272.5,medium-extension,CO2 AFOLU,1234,0.0
2272.5,medium-overshoot,CO2 FFI,1234,-13.0
2272.5,medium-overshoot,CO2 AFOLU,1234,0.0
2272.5,low,CO2 FFI,1234,-2.4499999999999997
2272.5,low,CO2 AFOLU,1234,0.0
2272.5,verylow,CO2 FFI,1234,-5.0
2272.5,verylow,CO2 AFOLU,1234,0.0
2272.5,verylow-overshoot,CO2 FFI,1234,0.0
2272.5,verylow-overshoot,CO2 AFOLU,1234,0.0
2273.5,high-extension,CO2 FFI,1234,1.1100000000000008
2273.5,high-extension,CO2 AFOLU,1234,0.0
2273.5,high-overshoot,CO2 FFI,1234,-34.0
2273.5,high-overshoot,CO2 AFOLU,1234,0.0
2273.5,medium-extension,CO2 FFI,1234,0.0
2273.5,medium-extension,CO2 AFOLU,1234,0.0
2273.5,medium-overshoot,CO2 FFI,1234,-13.0
2273.5,medium-overshoot,CO2 AFOLU,1234,0.0
2273.5,low,CO2 FFI,1234,-2.3099999999999996
2273.5,low,CO2 AFOLU,1234,0.0
2273.5,verylow,CO2 FFI,1234,-5.0
2273.5,verylow,CO2 AFOLU,1234,0.0
2273.5,verylow-overshoot,CO2 FFI,1234,0.0
2273.5,verylow-overshoot,CO2 AFOLU,1234,0.0
2274.5,high-extension,CO2 FFI,1234,0.3700000000000009
2274.5,high-extension,CO2 AFOLU,1234,0.0
2274.5,high-overshoot,CO2 FFI,1234,-34.0
2274.5,high-overshoot,CO2 AFOLU,1234,0.0
2274.5,medium-extension,CO2 FFI,1234,0.0
2274.5,medium-extension,CO2 AFOLU,1234,0.0
2274.5,medium-overshoot,CO2 FFI,1234,-13.0
2274.5,medium-overshoot,CO2 AFOLU,1234,0.0
2274.5,low,CO2 FFI,1234,-2.1699999999999995
2274.5,low,CO2 AFOLU,1234,0.0
2274.5,verylow,CO2 FFI,1234,-5.0
2274.5,verylow,CO2 AFOLU,1234,0.0
2274.5,verylow-overshoot,CO2 FFI,1234,0.0
2274.5,verylow-overshoot,CO2 AFOLU,1234,0.0
2275.5,high-extension,CO2 FFI,1234,0.0
2275.5,high-extension,CO2 AFOLU,1234,0.0
2275.5,high-overshoot,CO2 FFI,1234,-34.0
2275.5,high-overshoot,CO2 AFOLU,1234,0.0
2275.5,medium-extension,CO2 FFI,1234,0.0
2275.5,medium-extension,CO2 AFOLU,1234,0.0
2275.5,medium-overshoot,CO2 FFI,1234,-12.74
2275.5,medium-overshoot,CO2 AFOLU,1234,0.0
2275.5,low,CO2 FFI,1234,-2.0299999999999994
2275.5,low,CO2 AFOLU,1234,0.0
2275.5,verylow,CO2 FFI,1234,-4.9
2275.5,verylow,CO2 AFOLU,1234,0.0
2275.5,verylow-overshoot,CO2 FFI,1234,0.0
2275.5,verylow-overshoot,CO2 AFOLU,1234,0.0
2276.5,high-extension,CO2 FFI,1234,0.0
2276.5,high-extension,CO2 AFOLU,1234,0.0
2276.5,high-overshoot,CO2 FFI,1234,-34.0
2276.5,high-overshoot,CO2 AFOLU,1234,0.0
2276.5,medium-extension,CO2 FFI,1234,0.0
2276.5,medium-extension,CO2 AFOLU,1234,0.0
2276.5,medium-overshoot,CO2 FFI,1234,-12.22
2276.5,medium-overshoot,CO2 AFOLU,1234,0.0
2276.5,low,CO2 FFI,1234,-1.8899999999999995
2276.5,low,CO2 AFOLU,1234,0.0
2276.5,verylow,CO2 FFI,1234,-4.7
2276.5,verylow,CO2 AFOLU,1234,0.0
2276.5,verylow-overshoot,CO2 FFI,1234,0.0
2276.5,verylow-overshoot,CO2 AFOLU,1234,0.0
2277.5,high-extension,CO2 FFI,1234,0.0
2277.5,high-extension,CO2 AFOLU,1234,0.0
2277.5,high-overshoot,CO2 FFI,1234,-34.0
2277.5,high-overshoot,CO2 AFOLU,1234,0.0
2277.5,medium-extension,CO2 FFI,1234,0.0
2277.5,medium-extension,CO2 AFOLU,1234,0.0
2277.5,medium-overshoot,CO2 FFI,1234,-11.7
2277.5,medium-overshoot,CO2 AFOLU,1234,0.0
2277.5,low,CO2 FFI,1234,-1.7499999999999996
2277.5,low,CO2 AFOLU,1234,0.0
2277.5,verylow,CO2 FFI,1234,-4.5
2277.5,verylow,CO2 AFOLU,1234,0.0
2277.5,verylow-overshoot,CO2 FFI,1234,0.0
2277.5,verylow-overshoot,CO2 AFOLU,1234,0.0
2278.5,high-extension,CO2 FFI,1234,0.0
2278.5,high-extension,CO2 AFOLU,1234,0.0
2278.5,high-overshoot,CO2 FFI,1234,-34.0
2278.5,high-overshoot,CO2 AFOLU,1234,0.0
2278.5,medium-extension,CO2 FFI,1234,0.0
2278.5,medium-extension,CO2 AFOLU,1234,0.0
2278.5,medium-overshoot,CO2 FFI,1234,-11.18
2278.5,medium-overshoot,CO2 AFOLU,1234,0.0
2278.5,low,CO2 FFI,1234,-1.6099999999999994
2278.5,low,CO2 AFOLU,1234,0.0
2278.5,verylow,CO2 FFI,1234,-4.3
2278.5,verylow,CO2 AFOLU,1234,0.0
2278.5,verylow-overshoot,CO2 FFI,1234,0.0
2278.5,verylow-overshoot,CO2 AFOLU,1234,0.0
2279.5,high-extension,CO2 FFI,1234,0.0
2279.5,high-extension,CO2 AFOLU,1234,0.0
2279.5,high-overshoot,CO2 FFI,1234,-34.0
2279.5,high-overshoot,CO2 AFOLU,1234,0.0
2279.5,medium-extension,CO2 FFI,1234,0.0
2279.5,medium-extension,CO2 AFOLU,1234,0.0
2279.5,medium-overshoot,CO2 FFI,1234,-10.66
2279.5,medium-overshoot,CO2 AFOLU,1234,0.0
2279.5,low,CO2 FFI,1234,-1.4699999999999995
2279.5,low,CO2 AFOLU,1234,0.0
2279.5,verylow,CO2 FFI,1234,-4.1
2279.5,verylow,CO2 AFOLU,1234,0.0
2279.5,verylow-overshoot,CO2 FFI,1234,0.0
2279.5,verylow-overshoot,CO2 AFOLU,1234,0.0
2280.5,high-extension,CO2 FFI,1234,0.0
2280.5,high-extension,CO2 AFOLU,1234,0.0
2280.5,high-overshoot,CO2 FFI,1234,-34.0
2280.5,high-overshoot,CO2 AFOLU,1234,0.0
2280.5,medium-extension,CO2 FFI,1234,0.0
2280.5,medium-extension,CO2 AFOLU,1234,0.0
2280.5,medium-overshoot,CO2 FFI,1234,-10.14
2280.5,medium-overshoot,CO2 AFOLU,1234,0.0
2280.5,low,CO2 FFI,1234,-1.3299999999999994
2280.5,low,CO2 AFOLU,1234,0.0
2280.5,verylow,CO2 FFI,1234,-3.9
2280.5,verylow,CO2 AFOLU,1234,0.0
2280.5,verylow-overshoot,CO2 FFI,1234,0.0
2280.5,verylow-overshoot,CO2 AFOLU,1234,0.0
2281.5,high-extension,CO2 FFI,1234,0.0
2281.5,high-extension,CO2 AFOLU,1234,0.0
2281.5,high-overshoot,CO2 FFI,1234,-34.0
2281.5,high-overshoot,CO2 AFOLU,1234,0.0
2281.5,medium-extension,CO2 FFI,1234,0.0
2281.5,medium-extension,CO2 AFOLU,1234,0.0
2281.5,medium-overshoot,CO2 FFI,1234,-9.62
2281.5,medium-overshoot,CO2 AFOLU,1234,0.0
2281.5,low,CO2 FFI,1234,-1.1899999999999995
2281.5,low,CO2 AFOLU,1234,0.0
2281.5,verylow,CO2 FFI,1234,-3.6999999999999997
2281.5,verylow,CO2 AFOLU,1234,0.0
2281.5,verylow-overshoot,CO2 FFI,1234,0.0
2281.5,verylow-overshoot,CO2 AFOLU,1234,0.0
2282.5,high-extension,CO2 FFI,1234,0.0
2282.5,high-extension,CO2 AFOLU,1234,0.0
2282.5,high-overshoot,CO2 FFI,1234,-34.0
2282.5,high-overshoot,CO2 AFOLU,1234,0.0
2282.5,medium-extension,CO2 FFI,1234,0.0
2282.5,medium-extension,CO2 AFOLU,1234,0.0
2282.5,medium-overshoot,CO2 FFI,1234,-9.1
2282.5,medium-overshoot,CO2 AFOLU,1234,0.0
2282.5,low,CO2 FFI,1234,-1.0499999999999994
2282.5,low,CO2 AFOLU,1234,0.0
2282.5,verylow,CO2 FFI,1234,-3.5
2282.5,verylow,CO2 AFOLU,1234,0.0
2282.5,verylow-overshoot,CO2 FFI,1234,0.0
2282.5,verylow-overshoot,CO2 AFOLU,1234,0.0
2283.5,high-extension,CO2 FFI,1234,0.0
2283.5,high-extension,CO2 AFOLU,1234,0.0
2283.5,high-overshoot,CO2 FFI,1234,-34.0
2283.5,high-overshoot,CO2 AFOLU,1234,0.0
2283.5,medium-extension,CO2 FFI,1234,0.0
2283.5,medium-extension,CO2 AFOLU,1234,0.0
2283.5,medium-overshoot,CO2 FFI,1234,-8.58
2283.5,medium-overshoot,CO2 AFOLU,1234,0.0
2283.5,low,CO2 FFI,1234,-0.9099999999999995
2283.5,low,CO2 AFOLU,1234,0.0
2283.5,verylow,CO2 FFI,1234,-3.3
2283.5,verylow,CO2 AFOLU,1234,0.0
2283.5,verylow-overshoot,CO2 FFI,1234,0.0
2283.5,verylow-overshoot,CO2 AFOLU,1234,0.0
2284.5,high-extension,CO2 FFI,1234,0.0
2284.5,high-extension,CO2 AFOLU,1234,0.0
2284.5,high-overshoot,CO2 FFI,1234,-34.0
2284.5,high-overshoot,CO2 AFOLU,1234,0.0
2284.5,medium-extension,CO2 FFI,1234,0.0
2284.5,medium-extension,CO2 AFOLU,1234,0.0
2284.5,medium-overshoot,CO2 FFI,1234,-8.06
2284.5,medium-overshoot,CO2 AFOLU,1234,0.0
2284.5,low,CO2 FFI,1234,-0.7699999999999994
2284.5,low,CO2 AFOLU,1234,0.0
2284.5,verylow,CO2 FFI,1234,-3.1
2284.5,verylow,CO2 AFOLU,1234,0.0
2284.5,verylow-overshoot,CO2 FFI,1234,0.0
2284.5,verylow-overshoot,CO2 AFOLU,1234,0.0
2285.5,high-extension,CO2 FFI,1234,0.0
2285.5,high-extension,CO2 AFOLU,1234,0.0
2285.5,high-overshoot,CO2 FFI,1234,-34.0
2285.5,high-overshoot,CO2 AFOLU,1234,0.0
2285.5,medium-extension,CO2 FFI,1234,0.0
2285.5,medium-extension,CO2 AFOLU,1234,0.0
2285.5,medium-overshoot,CO2 FFI,1234,-7.54
2285.5,medium-overshoot,CO2 AFOLU,1234,0.0
2285.5,low,CO2 FFI,1234,-0.6299999999999994
2285.5,low,CO2 AFOLU,1234,0.0
2285.5,verylow,CO2 FFI,1234,-2.9
2285.5,verylow,CO2 AFOLU,1234,0.0
2285.5,verylow-overshoot,CO2 FFI,1234,0.0
2285.5,verylow-overshoot,CO2 AFOLU,1234,0.0
2286.5,high-extension,CO2 FFI,1234,0.0
2286.5,high-extension,CO2 AFOLU,1234,0.0
2286.5,high-overshoot,CO2 FFI,1234,-34.0
2286.5,high-overshoot,CO2 AFOLU,1234,0.0
2286.5,medium-extension,CO2 FFI,1234,0.0
2286.5,medium-extension,CO2 AFOLU,1234,0.0
2286.5,medium-overshoot,CO2 FFI,1234,-7.02
2286.5,medium-overshoot,CO2 AFOLU,1234,0.0
2286.5,low,CO2 FFI,1234,-0.4899999999999994
2286.5,low,CO2 AFOLU,1234,0.0
2286.5,verylow,CO2 FFI,1234,-2.6999999999999997
2286.5,verylow,CO2 AFOLU,1234,0.0
2286.5,verylow-overshoot,CO2 FFI,1234,0.0
2286.5,verylow-overshoot,CO2 AFOLU,1234,0.0
2287.5,high-extension,CO2 FFI,1234,0.0
2287.5,high-extension,CO2 AFOLU,1234,0.0
2287.5,high-overshoot,CO2 FFI,1234,-34.0
2287.5,high-overshoot,CO2 AFOLU,1234,0.0
2287.5,medium-extension,CO2 FFI,1234,0.0
2287.5,medium-extension,CO2 AFOLU,1234,0.0
2287.5,medium-overshoot,CO2 FFI,1234,-6.5
2287.5,medium-overshoot,CO2 AFOLU,1234,0.0
2287.5,low,CO2 FFI,1234,-0.34999999999999937
2287.5,low,CO2 AFOLU,1234,0.0
2287.5,verylow,CO2 FFI,1234,-2.5
2287.5,verylow,CO2 AFOLU,1234,0.0
2287.5,verylow-overshoot,CO2 FFI,1234,0.0
2287.5,verylow-overshoot,CO2 AFOLU,1234,0.0
2288.5,high-extension,CO2 FFI,1234,0.0
2288.5,high-extension,CO2 AFOLU,1234,0.0
2288.5,high-overshoot,CO2 FFI,1234,-34.0
2288.5,high-overshoot,CO2 AFOLU,1234,0.0
2288.5,medium-extension,CO2 FFI,1234,0.0
2288.5,medium-extension,CO2 AFOLU,1234,0.0
2288.5,medium-overshoot,CO2 FFI,1234,-5.9799999999999995
2288.5,medium-overshoot,CO2 AFOLU,1234,0.0
2288.5,low,CO2 FFI,1234,-0.20999999999999935
2288.5,low,CO2 AFOLU,1234,0.0
2288.5,verylow,CO2 FFI,1234,-2.3
2288.5,verylow,CO2 AFOLU,1234,0.0
2288.5,verylow-overshoot,CO2 FFI,1234,0.0
2288.5,verylow-overshoot,CO2 AFOLU,1234,0.0
2289.5,high-extension,CO2 FFI,1234,0.0
2289.5,high-extension,CO2 AFOLU,1234,0.0
2289.5,high-overshoot,CO2 FFI,1234,-34.0
2289.5,high-overshoot,CO2 AFOLU,1234,0.0
2289.5,medium-extension,CO2 FFI,1234,0.0
2289.5,medium-extension,CO2 AFOLU,1234,0.0
2289.5,medium-overshoot,CO2 FFI,1234,-5.46
2289.5,medium-overshoot,CO2 AFOLU,1234,0.0
2289.5,low,CO2 FFI,1234,-0.06999999999999934
2289.5,low,CO2 AFOLU,1234,0.0
2289.5,verylow,CO2 FFI,1234,-2.0999999999999996
2289.5,verylow,CO2 AFOLU,1234,0.0
2289.5,verylow-overshoot,CO2 FFI,1234,0.0
2289.5,verylow-overshoot,CO2 AFOLU,1234,0.0
2290.5,high-extension,CO2 FFI,1234,0.0
2290.5,high-extension,CO2 AFOLU,1234,0.0
2290.5,high-overshoot,CO2 FFI,1234,-34.0
2290.5,high-overshoot,CO2 AFOLU,1234,0.0
2290.5,medium-extension,CO2 FFI,1234,0.0
2290.5,medium-extension,CO2 AFOLU,1234,0.0
2290.5,medium-overshoot,CO2 FFI,1234,-4.9399999999999995
2290.5,medium-overshoot,CO2 AFOLU,1234,0.0
2290.5,low,CO2 FFI,1234,0.0
2290.5,low,CO2 AFOLU,1234,0.0
2290.5,verylow,CO2 FFI,1234,-1.9
2290.5,verylow,CO2 AFOLU,1234,0.0
2290.5,verylow-overshoot,CO2 FFI,1234,0.0
2290.5,verylow-overshoot,CO2 AFOLU,1234,0.0
2291.5,high-extension,CO2 FFI,1234,0.0
2291.5,high-extension,CO2 AFOLU,1234,0.0
2291.5,high-overshoot,CO2 FFI,1234,-34.0
2291.5,high-overshoot,CO2 AFOLU,1234,0.0
2291.5,medium-extension,CO2 FFI,1234,0.0
2291.5,medium-extension,CO2 AFOLU,1234,0.0
2291.5,medium-overshoot,CO2 FFI,1234,-4.42
2291.5,medium-overshoot,CO2 AFOLU,1234,0.0
2291.5,low,CO2 FFI,1234,0.0
2291.5,low,CO2 AFOLU,1234,0.0
2291.5,verylow,CO2 FFI,1234,-1.6999999999999997
2291.5,verylow,CO2 AFOLU,1234,0.0
2291.5,verylow-overshoot,CO2 FFI,1234,0.0
2291.5,verylow-overshoot,CO2 AFOLU,1234,0.0
2292.5,high-extension,CO2 FFI,1234,0.0
2292.5,high-extension,CO2 AFOLU,1234,0.0
2292.5,high-overshoot,CO2 FFI,1234,-34.0
2292.5,high-overshoot,CO2 AFOLU,1234,0.0
2292.5,medium-extension,CO2 FFI,1234,0.0
2292.5,medium-extension,CO2 AFOLU,1234,0.0
2292.5,medium-overshoot,CO2 FFI,1234,-3.8999999999999995
2292.5,medium-overshoot,CO2 AFOLU,1234,0.0
2292.5,low,CO2 FFI,1234,0.0
2292.5,low,CO2 AFOLU,1234,0.0
2292.5,verylow,CO2 FFI,1234,-1.4999999999999998
2292.5,verylow,CO2 AFOLU,1234,0.0
2292.5,verylow-overshoot,CO2 FFI,1234,0.0
2292.5,verylow-overshoot,CO2 AFOLU,1234,0.0
2293.5,high-extension,CO2 FFI,1234,0.0
2293.5,high-extension,CO2 AFOLU,1234,0.0
2293.5,high-overshoot,CO2 FFI,1234,-34.0
2293.5,high-overshoot,CO2 AFOLU,1234,0.0
2293.5,medium-extension,CO2 FFI,1234,0.0
2293.5,medium-extension,CO2 AFOLU,1234,0.0
2293.5,medium-overshoot,CO2 FFI,1234,-3.38
2293.5,medium-overshoot,CO2 AFOLU,1234,0.0
2293.5,low,CO2 FFI,1234,0.0
2293.5,low,CO2 AFOLU,1234,0.0
2293.5,verylow,CO2 FFI,1234,-1.2999999999999998
2293.5,verylow,CO2 AFOLU,1234,0.0
2293.5,verylow-overshoot,CO2 FFI,1234,0.0
2293.5,verylow-overshoot,CO2 AFOLU,1234,0.0
2294.5,high-extension,CO2 FFI,1234,0.0
2294.5,high-extension,CO2 AFOLU,1234,0.0
2294.5,high-overshoot,CO2 FFI,1234,-34.0
2294.5,high-overshoot,CO2 AFOLU,1234,0.0
2294.5,medium-extension,CO2 FFI,1234,0.0
2294.5,medium-extension,CO2 AFOLU,1234,0.0
2294.5,medium-overshoot,CO2 FFI,1234,-2.8599999999999994
2294.5,medium-overshoot,CO2 AFOLU,1234,0.0
2294.5,low,CO2 FFI,1234,0.0
2294.5,low,CO2 AFOLU,1234,0.0
2294.5,verylow,CO2 FFI,1234,-1.0999999999999999
2294.5,verylow,CO2 AFOLU,1234,0.0
2294.5,verylow-overshoot,CO2 FFI,1234,0.0
2294.5,verylow-overshoot,CO2 AFOLU,1234,0.0
2295.5,high-extension,CO2 FFI,1234,0.0
2295.5,high-extension,CO2 AFOLU,1234,0.0
2295.5,high-overshoot,CO2 FFI,1234,-34.0
2295.5,high-overshoot,CO2 AFOLU,1234,0.0
2295.5,medium-extension,CO2 FFI,1234,0.0
2295.5,medium-extension,CO2 AFOLU,1234,0.0
2295.5,medium-overshoot,CO2 FFI,1234,-2.34
2295.5,medium-overshoot,CO2 AFOLU,1234,0.0
2295.5,low,CO2 FFI,1234,0.0
2295.5,low,CO2 AFOLU,1234,0.0
2295.5,verylow,CO2 FFI,1234,-0.8999999999999998
2295.5,verylow,CO2 AFOLU,1234,0.0
2295.5,verylow-overshoot,CO2 FFI,1234,0.0
2295.5,verylow-overshoot,CO2 AFOLU,1234,0.0
2296.5,high-extension,CO2 FFI,1234,0.0
2296.5,high-extension,CO2 AFOLU,1234,0.0
2296.5,high-overshoot,CO2 FFI,1234,-34.0
2296.5,high-overshoot,CO2 AFOLU,1234,0.0
2296.5,medium-extension,CO2 FFI,1234,0.0
2296.5,medium-extension,CO2 AFOLU,1234,0.0
2296.5,medium-overshoot,CO2 FFI,1234,-1.8199999999999996
2296.5,medium-overshoot,CO2 AFOLU,1234,0.0
2296.5,low,CO2 FFI,1234,0.0
2296.5,low,CO2 AFOLU,1234,0.0
2296.5,verylow,CO2 FFI,1234,-0.6999999999999997
2296.5,verylow,CO2 AFOLU,1234,0.0
2296.5,verylow-overshoot,CO2 FFI,1234,0.0
2296.5,verylow-overshoot,CO2 AFOLU,1234,0.0
2297.5,high-extension,CO2 FFI,1234,0.0
2297.5,high-extension,CO2 AFOLU,1234,0.0
2297.5,high-overshoot,CO2 FFI,1234,-34.0
2297.5,high-overshoot,CO2 AFOLU,1234,0.0
2297.5,medium-extension,CO2 FFI,1234,0.0
2297.5,medium-extension,CO2 AFOLU,1234,0.0
2297.5,medium-overshoot,CO2 FFI,1234,-1.2999999999999996
2297.5,medium-overshoot,CO2 AFOLU,1234,0.0
2297.5,low,CO2 FFI,1234,0.0
2297.5,low,CO2 AFOLU,1234,0.0
2297.5,verylow,CO2 FFI,1234,-0.4999999999999998
2297.5,verylow,CO2 AFOLU,1234,0.0
2297.5,verylow-overshoot,CO2 FFI,1234,0.0
2297.5,verylow-overshoot,CO2 AFOLU,1234,0.0
2298.5,high-extension,CO2 FFI,1234,0.0
2298.5,high-extension,CO2 AFOLU,1234,0.0
2298.5,high-overshoot,CO2 FFI,1234,-34.0
2298.5,high-overshoot,CO2 AFOLU,1234,0.0
2298.5,medium-extension,CO2 FFI,1234,0.0
2298.5,medium-extension,CO2 AFOLU,1234,0.0
2298.5,medium-overshoot,CO2 FFI,1234,-0.7799999999999996
2298.5,medium-overshoot,CO2 AFOLU,1234,0.0
2298.5,low,CO2 FFI,1234,0.0
2298.5,low,CO2 AFOLU,1234,0.0
2298.5,verylow,CO2 FFI,1234,-0.2999999999999997
2298.5,verylow,CO2 AFOLU,1234,0.0
2298.5,verylow-overshoot,CO2 FFI,1234,0.0
2298.5,verylow-overshoot,CO2 AFOLU,1234,0.0
2299.5,high-extension,CO2 FFI,1234,0.0
2299.5,high-extension,CO2 AFOLU,1234,0.0
2299.5,high-overshoot,CO2 FFI,1234,-34.0
2299.5,high-overshoot,CO2 AFOLU,1234,0.0
2299.5,medium-extension,CO2 FFI,1234,0.0
2299.5,medium-extension,CO2 AFOLU,1234,0.0
2299.5,medium-overshoot,CO2 FFI,1234,-0.25999999999999956
2299.5,medium-overshoot,CO2 AFOLU,1234,0.0
2299.5,low,CO2 FFI,1234,0.0
2299.5,low,CO2 AFOLU,1234,0.0
2299.5,verylow,CO2 FFI,1234,-0.09999999999999973
2299.5,verylow,CO2 AFOLU,1234,0.0
2299.5,verylow-overshoot,CO2 FFI,1234,0.0
2299.5,verylow-overshoot,CO2 AFOLU,1234,0.0
2300.5,high-extension,CO2 FFI,1234,0.0
2300.5,high-extension,CO2 AFOLU,1234,0.0
2300.5,high-overshoot,CO2 FFI,1234,-34.0
2300.5,high-overshoot,CO2 AFOLU,1234,0.0
2300.5,medium-extension,CO2 FFI,1234,0.0
2300.5,medium-extension,CO2 AFOLU,1234,0.0
2300.5,medium-overshoot,CO2 FFI,1234,0.0
2300.5,medium-overshoot,CO2 AFOLU,1234,0.0
2300.5,low,CO2 FFI,1234,0.0
2300.5,low,CO2 AFOLU,1234,0.0
2300.5,verylow,CO2 FFI,1234,0.0
2300.5,verylow,CO2 AFOLU,1234,0.0
2300.5,verylow-overshoot,CO2 FFI,1234,0.0
2300.5,verylow-overshoot,CO2 AFOLU,1234,0.0
2301.5,high-extension,CO2 FFI,1234,0.0
2301.5,high-extension,CO2 AFOLU,1234,0.0
2301.5,high-overshoot,CO2 FFI,1234,-34.0
2301.5,high-overshoot,CO2 AFOLU,1234,0.0
2301.5,medium-extension,CO2 FFI,1234,0.0
2301.5,medium-extension,CO2 AFOLU,1234,0.0
2301.5,medium-overshoot,CO2 FFI,1234,0.0
2301.5,medium-overshoot,CO2 AFOLU,1234,0.0
2301.5,low,CO2 FFI,1234,0.0
2301.5,low,CO2 AFOLU,1234,0.0
2301.5,verylow,CO2 FFI,1234,0.0
2301.5,verylow,CO2 AFOLU,1234,0.0
2301.5,verylow-overshoot,CO2 FFI,1234,0.0
2301.5,verylow-overshoot,CO2 AFOLU,1234,0.0
2302.5,high-extension,CO2 FFI,1234,0.0
2302.5,high-extension,CO2 AFOLU,1234,0.0
2302.5,high-overshoot,CO2 FFI,1234,-34.0
2302.5,high-overshoot,CO2 AFOLU,1234,0.0
2302.5,medium-extension,CO2 FFI,1234,0.0
2302.5,medium-extension,CO2 AFOLU,1234,0.0
2302.5,medium-overshoot,CO2 FFI,1234,0.0
2302.5,medium-overshoot,CO2 AFOLU,1234,0.0
2302.5,low,CO2 FFI,1234,0.0
2302.5,low,CO2 AFOLU,1234,0.0
2302.5,verylow,CO2 FFI,1234,0.0
2302.5,verylow,CO2 AFOLU,1234,0.0
2302.5,verylow-overshoot,CO2 FFI,1234,0.0
2302.5,verylow-overshoot,CO2 AFOLU,1234,0.0
2303.5,high-extension,CO2 FFI,1234,0.0
2303.5,high-extension,CO2 AFOLU,1234,0.0
2303.5,high-overshoot,CO2 FFI,1234,-34.0
2303.5,high-overshoot,CO2 AFOLU,1234,0.0
2303.5,medium-extension,CO2 FFI,1234,0.0
2303.5,medium-extension,CO2 AFOLU,1234,0.0
2303.5,medium-overshoot,CO2 FFI,1234,0.0
2303.5,medium-overshoot,CO2 AFOLU,1234,0.0
2303.5,low,CO2 FFI,1234,0.0
2303.5,low,CO2 AFOLU,1234,0.0
2303.5,verylow,CO2 FFI,1234,0.0
2303.5,verylow,CO2 AFOLU,1234,0.0
2303.5,verylow-overshoot,CO2 FFI,1234,0.0
2303.5,verylow-overshoot,CO2 AFOLU,1234,0.0
2304.5,high-extension,CO2 FFI,1234,0.0
2304.5,high-extension,CO2 AFOLU,1234,0.0
2304.5,high-overshoot,CO2 FFI,1234,-34.0
2304.5,high-overshoot,CO2 AFOLU,1234,0.0
2304.5,medium-extension,CO2 FFI,1234,0.0
2304.5,medium-extension,CO2 AFOLU,1234,0.0
2304.5,medium-overshoot,CO2 FFI,1234,0.0
2304.5,medium-overshoot,CO2 AFOLU,1234,0.0
2304.5,low,CO2 FFI,1234,0.0
2304.5,low,CO2 AFOLU,1234,0.0
2304.5,verylow,CO2 FFI,1234,0.0
2304.5,verylow,CO2 AFOLU,1234,0.0
2304.5,verylow-overshoot,CO2 FFI,1234,0.0
2304.5,verylow-overshoot,CO2 AFOLU,1234,0.0
2305.5,high-extension,CO2 FFI,1234,0.0
2305.5,high-extension,CO2 AFOLU,1234,0.0
2305.5,high-overshoot,CO2 FFI,1234,-34.0
2305.5,high-overshoot,CO2 AFOLU,1234,0.0
2305.5,medium-extension,CO2 FFI,1234,0.0
2305.5,medium-extension,CO2 AFOLU,1234,0.0
2305.5,medium-overshoot,CO2 FFI,1234,0.0
2305.5,medium-overshoot,CO2 AFOLU,1234,0.0
2305.5,low,CO2 FFI,1234,0.0
2305.5,low,CO2 AFOLU,1234,0.0
2305.5,verylow,CO2 FFI,1234,0.0
2305.5,verylow,CO2 AFOLU,1234,0.0
2305.5,verylow-overshoot,CO2 FFI,1234,0.0
2305.5,verylow-overshoot,CO2 AFOLU,1234,0.0
2306.5,high-extension,CO2 FFI,1234,0.0
2306.5,high-extension,CO2 AFOLU,1234,0.0
2306.5,high-overshoot,CO2 FFI,1234,-34.0
2306.5,high-overshoot,CO2 AFOLU,1234,0.0
2306.5,medium-extension,CO2 FFI,1234,0.0
2306.5,medium-extension,CO2 AFOLU,1234,0.0
2306.5,medium-overshoot,CO2 FFI,1234,0.0
2306.5,medium-overshoot,CO2 AFOLU,1234,0.0
2306.5,low,CO2 FFI,1234,0.0
2306.5,low,CO2 AFOLU,1234,0.0
2306.5,verylow,CO2 FFI,1234,0.0
2306.5,verylow,CO2 AFOLU,1234,0.0
2306.5,verylow-overshoot,CO2 FFI,1234,0.0
2306.5,verylow-overshoot,CO2 AFOLU,1234,0.0
2307.5,high-extension,CO2 FFI,1234,0.0
2307.5,high-extension,CO2 AFOLU,1234,0.0
2307.5,high-overshoot,CO2 FFI,1234,-34.0
2307.5,high-overshoot,CO2 AFOLU,1234,0.0
2307.5,medium-extension,CO2 FFI,1234,0.0
2307.5,medium-extension,CO2 AFOLU,1234,0.0
2307.5,medium-overshoot,CO2 FFI,1234,0.0
2307.5,medium-overshoot,CO2 AFOLU,1234,0.0
2307.5,low,CO2 FFI,1234,0.0
2307.5,low,CO2 AFOLU,1234,0.0
2307.5,verylow,CO2 FFI,1234,0.0
2307.5,verylow,CO2 AFOLU,1234,0.0
2307.5,verylow-overshoot,CO2 FFI,1234,0.0
2307.5,verylow-overshoot,CO2 AFOLU,1234,0.0
2308.5,high-extension,CO2 FFI,1234,0.0
2308.5,high-extension,CO2 AFOLU,1234,0.0
2308.5,high-overshoot,CO2 FFI,1234,-34.0
2308.5,high-overshoot,CO2 AFOLU,1234,0.0
2308.5,medium-extension,CO2 FFI,1234,0.0
2308.5,medium-extension,CO2 AFOLU,1234,0.0
2308.5,medium-overshoot,CO2 FFI,1234,0.0
2308.5,medium-overshoot,CO2 AFOLU,1234,0.0
2308.5,low,CO2 FFI,1234,0.0
2308.5,low,CO2 AFOLU,1234,0.0
2308.5,verylow,CO2 FFI,1234,0.0
2308.5,verylow,CO2 AFOLU,1234,0.0
2308.5,verylow-overshoot,CO2 FFI,1234,0.0
2308.5,verylow-overshoot,CO2 AFOLU,1234,0.0
2309.5,high-extension,CO2 FFI,1234,0.0
2309.5,high-extension,CO2 AFOLU,1234,0.0
2309.5,high-overshoot,CO2 FFI,1234,-34.0
2309.5,high-overshoot,CO2 AFOLU,1234,0.0
2309.5,medium-extension,CO2 FFI,1234,0.0
2309.5,medium-extension,CO2 AFOLU,1234,0.0
2309.5,medium-overshoot,CO2 FFI,1234,0.0
2309.5,medium-overshoot,CO2 AFOLU,1234,0.0
2309.5,low,CO2 FFI,1234,0.0
2309.5,low,CO2 AFOLU,1234,0.0
2309.5,verylow,CO2 FFI,1234,0.0
2309.5,verylow,CO2 AFOLU,1234,0.0
2309.5,verylow-overshoot,CO2 FFI,1234,0.0
2309.5,verylow-overshoot,CO2 AFOLU,1234,0.0
2310.5,high-extension,CO2 FFI,1234,0.0
2310.5,high-extension,CO2 AFOLU,1234,0.0
2310.5,high-overshoot,CO2 FFI,1234,-34.0
2310.5,high-overshoot,CO2 AFOLU,1234,0.0
2310.5,medium-extension,CO2 FFI,1234,0.0
2310.5,medium-extension,CO2 AFOLU,1234,0.0
2310.5,medium-overshoot,CO2 FFI,1234,0.0
2310.5,medium-overshoot,CO2 AFOLU,1234,0.0
2310.5,low,CO2 FFI,1234,0.0
2310.5,low,CO2 AFOLU,1234,0.0
2310.5,verylow,CO2 FFI,1234,0.0
2310.5,verylow,CO2 AFOLU,1234,0.0
2310.5,verylow-overshoot,CO2 FFI,1234,0.0
2310.5,verylow-overshoot,CO2 AFOLU,1234,0.0
2311.5,high-extension,CO2 FFI,1234,0.0
2311.5,high-extension,CO2 AFOLU,1234,0.0
2311.5,high-overshoot,CO2 FFI,1234,-34.0
2311.5,high-overshoot,CO2 AFOLU,1234,0.0
2311.5,medium-extension,CO2 FFI,1234,0.0
2311.5,medium-extension,CO2 AFOLU,1234,0.0
2311.5,medium-overshoot,CO2 FFI,1234,0.0
2311.5,medium-overshoot,CO2 AFOLU,1234,0.0
2311.5,low,CO2 FFI,1234,0.0
2311.5,low,CO2 AFOLU,1234,0.0
2311.5,verylow,CO2 FFI,1234,0.0
2311.5,verylow,CO2 AFOLU,1234,0.0
2311.5,verylow-overshoot,CO2 FFI,1234,0.0
2311.5,verylow-overshoot,CO2 AFOLU,1234,0.0
2312.5,high-extension,CO2 FFI,1234,0.0
2312.5,high-extension,CO2 AFOLU,1234,0.0
2312.5,high-overshoot,CO2 FFI,1234,-34.0
2312.5,high-overshoot,CO2 AFOLU,1234,0.0
2312.5,medium-extension,CO2 FFI,1234,0.0
2312.5,medium-extension,CO2 AFOLU,1234,0.0
2312.5,medium-overshoot,CO2 FFI,1234,0.0
2312.5,medium-overshoot,CO2 AFOLU,1234,0.0
2312.5,low,CO2 FFI,1234,0.0
2312.5,low,CO2 AFOLU,1234,0.0
2312.5,verylow,CO2 FFI,1234,0.0
2312.5,verylow,CO2 AFOLU,1234,0.0
2312.5,verylow-overshoot,CO2 FFI,1234,0.0
2312.5,verylow-overshoot,CO2 AFOLU,1234,0.0
2313.5,high-extension,CO2 FFI,1234,0.0
2313.5,high-extension,CO2 AFOLU,1234,0.0
2313.5,high-overshoot,CO2 FFI,1234,-34.0
2313.5,high-overshoot,CO2 AFOLU,1234,0.0
2313.5,medium-extension,CO2 FFI,1234,0.0
2313.5,medium-extension,CO2 AFOLU,1234,0.0
2313.5,medium-overshoot,CO2 FFI,1234,0.0
2313.5,medium-overshoot,CO2 AFOLU,1234,0.0
2313.5,low,CO2 FFI,1234,0.0
2313.5,low,CO2 AFOLU,1234,0.0
2313.5,verylow,CO2 FFI,1234,0.0
2313.5,verylow,CO2 AFOLU,1234,0.0
2313.5,verylow-overshoot,CO2 FFI,1234,0.0
2313.5,verylow-overshoot,CO2 AFOLU,1234,0.0
2314.5,high-extension,CO2 FFI,1234,0.0
2314.5,high-extension,CO2 AFOLU,1234,0.0
2314.5,high-overshoot,CO2 FFI,1234,-34.0
2314.5,high-overshoot,CO2 AFOLU,1234,0.0
2314.5,medium-extension,CO2 FFI,1234,0.0
2314.5,medium-extension,CO2 AFOLU,1234,0.0
2314.5,medium-overshoot,CO2 FFI,1234,0.0
2314.5,medium-overshoot,CO2 AFOLU,1234,0.0
2314.5,low,CO2 FFI,1234,0.0
2314.5,low,CO2 AFOLU,1234,0.0
2314.5,verylow,CO2 FFI,1234,0.0
2314.5,verylow,CO2 AFOLU,1234,0.0
2314.5,verylow-overshoot,CO2 FFI,1234,0.0
2314.5,verylow-overshoot,CO2 AFOLU,1234,0.0
2315.5,high-extension,CO2 FFI,1234,0.0
2315.5,high-extension,CO2 AFOLU,1234,0.0
2315.5,high-overshoot,CO2 FFI,1234,-34.0
2315.5,high-overshoot,CO2 AFOLU,1234,0.0
2315.5,medium-extension,CO2 FFI,1234,0.0
2315.5,medium-extension,CO2 AFOLU,1234,0.0
2315.5,medium-overshoot,CO2 FFI,1234,0.0
2315.5,medium-overshoot,CO2 AFOLU,1234,0.0
2315.5,low,CO2 FFI,1234,0.0
2315.5,low,CO2 AFOLU,1234,0.0
2315.5,verylow,CO2 FFI,1234,0.0
2315.5,verylow,CO2 AFOLU,1234,0.0
2315.5,verylow-overshoot,CO2 FFI,1234,0.0
2315.5,verylow-overshoot,CO2 AFOLU,1234,0.0
2316.5,high-extension,CO2 FFI,1234,0.0
2316.5,high-extension,CO2 AFOLU,1234,0.0
2316.5,high-overshoot,CO2 FFI,1234,-34.0
2316.5,high-overshoot,CO2 AFOLU,1234,0.0
2316.5,medium-extension,CO2 FFI,1234,0.0
2316.5,medium-extension,CO2 AFOLU,1234,0.0
2316.5,medium-overshoot,CO2 FFI,1234,0.0
2316.5,medium-overshoot,CO2 AFOLU,1234,0.0
2316.5,low,CO2 FFI,1234,0.0
2316.5,low,CO2 AFOLU,1234,0.0
2316.5,verylow,CO2 FFI,1234,0.0
2316.5,verylow,CO2 AFOLU,1234,0.0
2316.5,verylow-overshoot,CO2 FFI,1234,0.0
2316.5,verylow-overshoot,CO2 AFOLU,1234,0.0
2317.5,high-extension,CO2 FFI,1234,0.0
2317.5,high-extension,CO2 AFOLU,1234,0.0
2317.5,high-overshoot,CO2 FFI,1234,-34.0
2317.5,high-overshoot,CO2 AFOLU,1234,0.0
2317.5,medium-extension,CO2 FFI,1234,0.0
2317.5,medium-extension,CO2 AFOLU,1234,0.0
2317.5,medium-overshoot,CO2 FFI,1234,0.0
2317.5,medium-overshoot,CO2 AFOLU,1234,0.0
2317.5,low,CO2 FFI,1234,0.0
2317.5,low,CO2 AFOLU,1234,0.0
2317.5,verylow,CO2 FFI,1234,0.0
2317.5,verylow,CO2 AFOLU,1234,0.0
2317.5,verylow-overshoot,CO2 FFI,1234,0.0
2317.5,verylow-overshoot,CO2 AFOLU,1234,0.0
2318.5,high-extension,CO2 FFI,1234,0.0
2318.5,high-extension,CO2 AFOLU,1234,0.0
2318.5,high-overshoot,CO2 FFI,1234,-34.0
2318.5,high-overshoot,CO2 AFOLU,1234,0.0
2318.5,medium-extension,CO2 FFI,1234,0.0
2318.5,medium-extension,CO2 AFOLU,1234,0.0
2318.5,medium-overshoot,CO2 FFI,1234,0.0
2318.5,medium-overshoot,CO2 AFOLU,1234,0.0
2318.5,low,CO2 FFI,1234,0.0
2318.5,low,CO2 AFOLU,1234,0.0
2318.5,verylow,CO2 FFI,1234,0.0
2318.5,verylow,CO2 AFOLU,1234,0.0
2318.5,verylow-overshoot,CO2 FFI,1234,0.0
2318.5,verylow-overshoot,CO2 AFOLU,1234,0.0
2319.5,high-extension,CO2 FFI,1234,0.0
2319.5,high-extension,CO2 AFOLU,1234,0.0
2319.5,high-overshoot,CO2 FFI,1234,-34.0
2319.5,high-overshoot,CO2 AFOLU,1234,0.0
2319.5,medium-extension,CO2 FFI,1234,0.0
2319.5,medium-extension,CO2 AFOLU,1234,0.0
2319.5,medium-overshoot,CO2 FFI,1234,0.0
2319.5,medium-overshoot,CO2 AFOLU,1234,0.0
2319.5,low,CO2 FFI,1234,0.0
2319.5,low,CO2 AFOLU,1234,0.0
2319.5,verylow,CO2 FFI,1234,0.0
2319.5,verylow,CO2 AFOLU,1234,0.0
2319.5,verylow-overshoot,CO2 FFI,1234,0.0
2319.5,verylow-overshoot,CO2 AFOLU,1234,0.0
2320.5,high-extension,CO2 FFI,1234,0.0
2320.5,high-extension,CO2 AFOLU,1234,0.0
2320.5,high-overshoot,CO2 FFI,1234,-34.0
2320.5,high-overshoot,CO2 AFOLU,1234,0.0
2320.5,medium-extension,CO2 FFI,1234,0.0
2320.5,medium-extension,CO2 AFOLU,1234,0.0
2320.5,medium-overshoot,CO2 FFI,1234,0.0
2320.5,medium-overshoot,CO2 AFOLU,1234,0.0
2320.5,low,CO2 FFI,1234,0.0
2320.5,low,CO2 AFOLU,1234,0.0
2320.5,verylow,CO2 FFI,1234,0.0
2320.5,verylow,CO2 AFOLU,1234,0.0
2320.5,verylow-overshoot,CO2 FFI,1234,0.0
2320.5,verylow-overshoot,CO2 AFOLU,1234,0.0
2321.5,high-extension,CO2 FFI,1234,0.0
2321.5,high-extension,CO2 AFOLU,1234,0.0
2321.5,high-overshoot,CO2 FFI,1234,-34.0
2321.5,high-overshoot,CO2 AFOLU,1234,0.0
2321.5,medium-extension,CO2 FFI,1234,0.0
2321.5,medium-extension,CO2 AFOLU,1234,0.0
2321.5,medium-overshoot,CO2 FFI,1234,0.0
2321.5,medium-overshoot,CO2 AFOLU,1234,0.0
2321.5,low,CO2 FFI,1234,0.0
2321.5,low,CO2 AFOLU,1234,0.0
2321.5,verylow,CO2 FFI,1234,0.0
2321.5,verylow,CO2 AFOLU,1234,0.0
2321.5,verylow-overshoot,CO2 FFI,1234,0.0
2321.5,verylow-overshoot,CO2 AFOLU,1234,0.0
2322.5,high-extension,CO2 FFI,1234,0.0
2322.5,high-extension,CO2 AFOLU,1234,0.0
2322.5,high-overshoot,CO2 FFI,1234,-34.0
2322.5,high-overshoot,CO2 AFOLU,1234,0.0
2322.5,medium-extension,CO2 FFI,1234,0.0
2322.5,medium-extension,CO2 AFOLU,1234,0.0
2322.5,medium-overshoot,CO2 FFI,1234,0.0
2322.5,medium-overshoot,CO2 AFOLU,1234,0.0
2322.5,low,CO2 FFI,1234,0.0
2322.5,low,CO2 AFOLU,1234,0.0
2322.5,verylow,CO2 FFI,1234,0.0
2322.5,verylow,CO2 AFOLU,1234,0.0
2322.5,verylow-overshoot,CO2 FFI,1234,0.0
2322.5,verylow-overshoot,CO2 AFOLU,1234,0.0
2323.5,high-extension,CO2 FFI,1234,0.0
2323.5,high-extension,CO2 AFOLU,1234,0.0
2323.5,high-overshoot,CO2 FFI,1234,-34.0
2323.5,high-overshoot,CO2 AFOLU,1234,0.0
2323.5,medium-extension,CO2 FFI,1234,0.0
2323.5,medium-extension,CO2 AFOLU,1234,0.0
2323.5,medium-overshoot,CO2 FFI,1234,0.0
2323.5,medium-overshoot,CO2 AFOLU,1234,0.0
2323.5,low,CO2 FFI,1234,0.0
2323.5,low,CO2 AFOLU,1234,0.0
2323.5,verylow,CO2 FFI,1234,0.0
2323.5,verylow,CO2 AFOLU,1234,0.0
2323.5,verylow-overshoot,CO2 FFI,1234,0.0
2323.5,verylow-overshoot,CO2 AFOLU,1234,0.0
2324.5,high-extension,CO2 FFI,1234,0.0
2324.5,high-extension,CO2 AFOLU,1234,0.0
2324.5,high-overshoot,CO2 FFI,1234,-34.0
2324.5,high-overshoot,CO2 AFOLU,1234,0.0
2324.5,medium-extension,CO2 FFI,1234,0.0
2324.5,medium-extension,CO2 AFOLU,1234,0.0
2324.5,medium-overshoot,CO2 FFI,1234,0.0
2324.5,medium-overshoot,CO2 AFOLU,1234,0.0
2324.5,low,CO2 FFI,1234,0.0
2324.5,low,CO2 AFOLU,1234,0.0
2324.5,verylow,CO2 FFI,1234,0.0
2324.5,verylow,CO2 AFOLU,1234,0.0
2324.5,verylow-overshoot,CO2 FFI,1234,0.0
2324.5,verylow-overshoot,CO2 AFOLU,1234,0.0
2325.5,high-extension,CO2 FFI,1234,0.0
2325.5,high-extension,CO2 AFOLU,1234,0.0
2325.5,high-overshoot,CO2 FFI,1234,-34.0
2325.5,high-overshoot,CO2 AFOLU,1234,0.0
2325.5,medium-extension,CO2 FFI,1234,0.0
2325.5,medium-extension,CO2 AFOLU,1234,0.0
2325.5,medium-overshoot,CO2 FFI,1234,0.0
2325.5,medium-overshoot,CO2 AFOLU,1234,0.0
2325.5,low,CO2 FFI,1234,0.0
2325.5,low,CO2 AFOLU,1234,0.0
2325.5,verylow,CO2 FFI,1234,0.0
2325.5,verylow,CO2 AFOLU,1234,0.0
2325.5,verylow-overshoot,CO2 FFI,1234,0.0
2325.5,verylow-overshoot,CO2 AFOLU,1234,0.0
2326.5,high-extension,CO2 FFI,1234,0.0
2326.5,high-extension,CO2 AFOLU,1234,0.0
2326.5,high-overshoot,CO2 FFI,1234,-34.0
2326.5,high-overshoot,CO2 AFOLU,1234,0.0
2326.5,medium-extension,CO2 FFI,1234,0.0
2326.5,medium-extension,CO2 AFOLU,1234,0.0
2326.5,medium-overshoot,CO2 FFI,1234,0.0
2326.5,medium-overshoot,CO2 AFOLU,1234,0.0
2326.5,low,CO2 FFI,1234,0.0
2326.5,low,CO2 AFOLU,1234,0.0
2326.5,verylow,CO2 FFI,1234,0.0
2326.5,verylow,CO2 AFOLU,1234,0.0
2326.5,verylow-overshoot,CO2 FFI,1234,0.0
2326.5,verylow-overshoot,CO2 AFOLU,1234,0.0
2327.5,high-extension,CO2 FFI,1234,0.0
2327.5,high-extension,CO2 AFOLU,1234,0.0
2327.5,high-overshoot,CO2 FFI,1234,-34.0
2327.5,high-overshoot,CO2 AFOLU,1234,0.0
2327.5,medium-extension,CO2 FFI,1234,0.0
2327.5,medium-extension,CO2 AFOLU,1234,0.0
2327.5,medium-overshoot,CO2 FFI,1234,0.0
2327.5,medium-overshoot,CO2 AFOLU,1234,0.0
2327.5,low,CO2 FFI,1234,0.0
2327.5,low,CO2 AFOLU,1234,0.0
2327.5,verylow,CO2 FFI,1234,0.0
2327.5,verylow,CO2 AFOLU,1234,0.0
2327.5,verylow-overshoot,CO2 FFI,1234,0.0
2327.5,verylow-overshoot,CO2 AFOLU,1234,0.0
2328.5,high-extension,CO2 FFI,1234,0.0
2328.5,high-extension,CO2 AFOLU,1234,0.0
2328.5,high-overshoot,CO2 FFI,1234,-34.0
2328.5,high-overshoot,CO2 AFOLU,1234,0.0
2328.5,medium-extension,CO2 FFI,1234,0.0
2328.5,medium-extension,CO2 AFOLU,1234,0.0
2328.5,medium-overshoot,CO2 FFI,1234,0.0
2328.5,medium-overshoot,CO2 AFOLU,1234,0.0
2328.5,low,CO2 FFI,1234,0.0
2328.5,low,CO2 AFOLU,1234,0.0
2328.5,verylow,CO2 FFI,1234,0.0
2328.5,verylow,CO2 AFOLU,1234,0.0
2328.5,verylow-overshoot,CO2 FFI,1234,0.0
2328.5,verylow-overshoot,CO2 AFOLU,1234,0.0
2329.5,high-extension,CO2 FFI,1234,0.0
2329.5,high-extension,CO2 AFOLU,1234,0.0
2329.5,high-overshoot,CO2 FFI,1234,-34.0
2329.5,high-overshoot,CO2 AFOLU,1234,0.0
2329.5,medium-extension,CO2 FFI,1234,0.0
2329.5,medium-extension,CO2 AFOLU,1234,0.0
2329.5,medium-overshoot,CO2 FFI,1234,0.0
2329.5,medium-overshoot,CO2 AFOLU,1234,0.0
2329.5,low,CO2 FFI,1234,0.0
2329.5,low,CO2 AFOLU,1234,0.0
2329.5,verylow,CO2 FFI,1234,0.0
2329.5,verylow,CO2 AFOLU,1234,0.0
2329.5,verylow-overshoot,CO2 FFI,1234,0.0
2329.5,verylow-overshoot,CO2 AFOLU,1234,0.0
2330.5,high-extension,CO2 FFI,1234,0.0
2330.5,high-extension,CO2 AFOLU,1234,0.0
2330.5,high-overshoot,CO2 FFI,1234,-34.0
2330.5,high-overshoot,CO2 AFOLU,1234,0.0
2330.5,medium-extension,CO2 FFI,1234,0.0
2330.5,medium-extension,CO2 AFOLU,1234,0.0
2330.5,medium-overshoot,CO2 FFI,1234,0.0
2330.5,medium-overshoot,CO2 AFOLU,1234,0.0
2330.5,low,CO2 FFI,1234,0.0
2330.5,low,CO2 AFOLU,1234,0.0
2330.5,verylow,CO2 FFI,1234,0.0
2330.5,verylow,CO2 AFOLU,1234,0.0
2330.5,verylow-overshoot,CO2 FFI,1234,0.0
2330.5,verylow-overshoot,CO2 AFOLU,1234,0.0
2331.5,high-extension,CO2 FFI,1234,0.0
2331.5,high-extension,CO2 AFOLU,1234,0.0
2331.5,high-overshoot,CO2 FFI,1234,-34.0
2331.5,high-overshoot,CO2 AFOLU,1234,0.0
2331.5,medium-extension,CO2 FFI,1234,0.0
2331.5,medium-extension,CO2 AFOLU,1234,0.0
2331.5,medium-overshoot,CO2 FFI,1234,0.0
2331.5,medium-overshoot,CO2 AFOLU,1234,0.0
2331.5,low,CO2 FFI,1234,0.0
2331.5,low,CO2 AFOLU,1234,0.0
2331.5,verylow,CO2 FFI,1234,0.0
2331.5,verylow,CO2 AFOLU,1234,0.0
2331.5,verylow-overshoot,CO2 FFI,1234,0.0
2331.5,verylow-overshoot,CO2 AFOLU,1234,0.0
2332.5,high-extension,CO2 FFI,1234,0.0
2332.5,high-extension,CO2 AFOLU,1234,0.0
2332.5,high-overshoot,CO2 FFI,1234,-34.0
2332.5,high-overshoot,CO2 AFOLU,1234,0.0
2332.5,medium-extension,CO2 FFI,1234,0.0
2332.5,medium-extension,CO2 AFOLU,1234,0.0
2332.5,medium-overshoot,CO2 FFI,1234,0.0
2332.5,medium-overshoot,CO2 AFOLU,1234,0.0
2332.5,low,CO2 FFI,1234,0.0
2332.5,low,CO2 AFOLU,1234,0.0
2332.5,verylow,CO2 FFI,1234,0.0
2332.5,verylow,CO2 AFOLU,1234,0.0
2332.5,verylow-overshoot,CO2 FFI,1234,0.0
2332.5,verylow-overshoot,CO2 AFOLU,1234,0.0
2333.5,high-extension,CO2 FFI,1234,0.0
2333.5,high-extension,CO2 AFOLU,1234,0.0
2333.5,high-overshoot,CO2 FFI,1234,-34.0
2333.5,high-overshoot,CO2 AFOLU,1234,0.0
2333.5,medium-extension,CO2 FFI,1234,0.0
2333.5,medium-extension,CO2 AFOLU,1234,0.0
2333.5,medium-overshoot,CO2 FFI,1234,0.0
2333.5,medium-overshoot,CO2 AFOLU,1234,0.0
2333.5,low,CO2 FFI,1234,0.0
2333.5,low,CO2 AFOLU,1234,0.0
2333.5,verylow,CO2 FFI,1234,0.0
2333.5,verylow,CO2 AFOLU,1234,0.0
2333.5,verylow-overshoot,CO2 FFI,1234,0.0
2333.5,verylow-overshoot,CO2 AFOLU,1234,0.0
2334.5,high-extension,CO2 FFI,1234,0.0
2334.5,high-extension,CO2 AFOLU,1234,0.0
2334.5,high-overshoot,CO2 FFI,1234,-34.0
2334.5,high-overshoot,CO2 AFOLU,1234,0.0
2334.5,medium-extension,CO2 FFI,1234,0.0
2334.5,medium-extension,CO2 AFOLU,1234,0.0
2334.5,medium-overshoot,CO2 FFI,1234,0.0
2334.5,medium-overshoot,CO2 AFOLU,1234,0.0
2334.5,low,CO2 FFI,1234,0.0
2334.5,low,CO2 AFOLU,1234,0.0
2334.5,verylow,CO2 FFI,1234,0.0
2334.5,verylow,CO2 AFOLU,1234,0.0
2334.5,verylow-overshoot,CO2 FFI,1234,0.0
2334.5,verylow-overshoot,CO2 AFOLU,1234,0.0
2335.5,high-extension,CO2 FFI,1234,0.0
2335.5,high-extension,CO2 AFOLU,1234,0.0
2335.5,high-overshoot,CO2 FFI,1234,-34.0
2335.5,high-overshoot,CO2 AFOLU,1234,0.0
2335.5,medium-extension,CO2 FFI,1234,0.0
2335.5,medium-extension,CO2 AFOLU,1234,0.0
2335.5,medium-overshoot,CO2 FFI,1234,0.0
2335.5,medium-overshoot,CO2 AFOLU,1234,0.0
2335.5,low,CO2 FFI,1234,0.0
2335.5,low,CO2 AFOLU,1234,0.0
2335.5,verylow,CO2 FFI,1234,0.0
2335.5,verylow,CO2 AFOLU,1234,0.0
2335.5,verylow-overshoot,CO2 FFI,1234,0.0
2335.5,verylow-overshoot,CO2 AFOLU,1234,0.0
2336.5,high-extension,CO2 FFI,1234,0.0
2336.5,high-extension,CO2 AFOLU,1234,0.0
2336.5,high-overshoot,CO2 FFI,1234,-34.0
2336.5,high-overshoot,CO2 AFOLU,1234,0.0
2336.5,medium-extension,CO2 FFI,1234,0.0
2336.5,medium-extension,CO2 AFOLU,1234,0.0
2336.5,medium-overshoot,CO2 FFI,1234,0.0
2336.5,medium-overshoot,CO2 AFOLU,1234,0.0
2336.5,low,CO2 FFI,1234,0.0
2336.5,low,CO2 AFOLU,1234,0.0
2336.5,verylow,CO2 FFI,1234,0.0
2336.5,verylow,CO2 AFOLU,1234,0.0
2336.5,verylow-overshoot,CO2 FFI,1234,0.0
2336.5,verylow-overshoot,CO2 AFOLU,1234,0.0
2337.5,high-extension,CO2 FFI,1234,0.0
2337.5,high-extension,CO2 AFOLU,1234,0.0
2337.5,high-overshoot,CO2 FFI,1234,-34.0
2337.5,high-overshoot,CO2 AFOLU,1234,0.0
2337.5,medium-extension,CO2 FFI,1234,0.0
2337.5,medium-extension,CO2 AFOLU,1234,0.0
2337.5,medium-overshoot,CO2 FFI,1234,0.0
2337.5,medium-overshoot,CO2 AFOLU,1234,0.0
2337.5,low,CO2 FFI,1234,0.0
2337.5,low,CO2 AFOLU,1234,0.0
2337.5,verylow,CO2 FFI,1234,0.0
2337.5,verylow,CO2 AFOLU,1234,0.0
2337.5,verylow-overshoot,CO2 FFI,1234,0.0
2337.5,verylow-overshoot,CO2 AFOLU,1234,0.0
2338.5,high-extension,CO2 FFI,1234,0.0
2338.5,high-extension,CO2 AFOLU,1234,0.0
2338.5,high-overshoot,CO2 FFI,1234,-34.0
2338.5,high-overshoot,CO2 AFOLU,1234,0.0
2338.5,medium-extension,CO2 FFI,1234,0.0
2338.5,medium-extension,CO2 AFOLU,1234,0.0
2338.5,medium-overshoot,CO2 FFI,1234,0.0
2338.5,medium-overshoot,CO2 AFOLU,1234,0.0
2338.5,low,CO2 FFI,1234,0.0
2338.5,low,CO2 AFOLU,1234,0.0
2338.5,verylow,CO2 FFI,1234,0.0
2338.5,verylow,CO2 AFOLU,1234,0.0
2338.5,verylow-overshoot,CO2 FFI,1234,0.0
2338.5,verylow-overshoot,CO2 AFOLU,1234,0.0
2339.5,high-extension,CO2 FFI,1234,0.0
2339.5,high-extension,CO2 AFOLU,1234,0.0
2339.5,high-overshoot,CO2 FFI,1234,-34.0
2339.5,high-overshoot,CO2 AFOLU,1234,0.0
2339.5,medium-extension,CO2 FFI,1234,0.0
2339.5,medium-extension,CO2 AFOLU,1234,0.0
2339.5,medium-overshoot,CO2 FFI,1234,0.0
2339.5,medium-overshoot,CO2 AFOLU,1234,0.0
2339.5,low,CO2 FFI,1234,0.0
2339.5,low,CO2 AFOLU,1234,0.0
2339.5,verylow,CO2 FFI,1234,0.0
2339.5,verylow,CO2 AFOLU,1234,0.0
2339.5,verylow-overshoot,CO2 FFI,1234,0.0
2339.5,verylow-overshoot,CO2 AFOLU,1234,0.0
2340.5,high-extension,CO2 FFI,1234,0.0
2340.5,high-extension,CO2 AFOLU,1234,0.0
2340.5,high-overshoot,CO2 FFI,1234,-34.0
2340.5,high-overshoot,CO2 AFOLU,1234,0.0
2340.5,medium-extension,CO2 FFI,1234,0.0
2340.5,medium-extension,CO2 AFOLU,1234,0.0
2340.5,medium-overshoot,CO2 FFI,1234,0.0
2340.5,medium-overshoot,CO2 AFOLU,1234,0.0
2340.5,low,CO2 FFI,1234,0.0
2340.5,low,CO2 AFOLU,1234,0.0
2340.5,verylow,CO2 FFI,1234,0.0
2340.5,verylow,CO2 AFOLU,1234,0.0
2340.5,verylow-overshoot,CO2 FFI,1234,0.0
2340.5,verylow-overshoot,CO2 AFOLU,1234,0.0
2341.5,high-extension,CO2 FFI,1234,0.0
2341.5,high-extension,CO2 AFOLU,1234,0.0
2341.5,high-overshoot,CO2 FFI,1234,-34.0
2341.5,high-overshoot,CO2 AFOLU,1234,0.0
2341.5,medium-extension,CO2 FFI,1234,0.0
2341.5,medium-extension,CO2 AFOLU,1234,0.0
2341.5,medium-overshoot,CO2 FFI,1234,0.0
2341.5,medium-overshoot,CO2 AFOLU,1234,0.0
2341.5,low,CO2 FFI,1234,0.0
2341.5,low,CO2 AFOLU,1234,0.0
2341.5,verylow,CO2 FFI,1234,0.0
2341.5,verylow,CO2 AFOLU,1234,0.0
2341.5,verylow-overshoot,CO2 FFI,1234,0.0
2341.5,verylow-overshoot,CO2 AFOLU,1234,0.0
2342.5,high-extension,CO2 FFI,1234,0.0
2342.5,high-extension,CO2 AFOLU,1234,0.0
2342.5,high-overshoot,CO2 FFI,1234,-34.0
2342.5,high-overshoot,CO2 AFOLU,1234,0.0
2342.5,medium-extension,CO2 FFI,1234,0.0
2342.5,medium-extension,CO2 AFOLU,1234,0.0
2342.5,medium-overshoot,CO2 FFI,1234,0.0
2342.5,medium-overshoot,CO2 AFOLU,1234,0.0
2342.5,low,CO2 FFI,1234,0.0
2342.5,low,CO2 AFOLU,1234,0.0
2342.5,verylow,CO2 FFI,1234,0.0
2342.5,verylow,CO2 AFOLU,1234,0.0
2342.5,verylow-overshoot,CO2 FFI,1234,0.0
2342.5,verylow-overshoot,CO2 AFOLU,1234,0.0
2343.5,high-extension,CO2 FFI,1234,0.0
2343.5,high-extension,CO2 AFOLU,1234,0.0
2343.5,high-overshoot,CO2 FFI,1234,-34.0
2343.5,high-overshoot,CO2 AFOLU,1234,0.0
2343.5,medium-extension,CO2 FFI,1234,0.0
2343.5,medium-extension,CO2 AFOLU,1234,0.0
2343.5,medium-overshoot,CO2 FFI,1234,0.0
2343.5,medium-overshoot,CO2 AFOLU,1234,0.0
2343.5,low,CO2 FFI,1234,0.0
2343.5,low,CO2 AFOLU,1234,0.0
2343.5,verylow,CO2 FFI,1234,0.0
2343.5,verylow,CO2 AFOLU,1234,0.0
2343.5,verylow-overshoot,CO2 FFI,1234,0.0
2343.5,verylow-overshoot,CO2 AFOLU,1234,0.0
2344.5,high-extension,CO2 FFI,1234,0.0
2344.5,high-extension,CO2 AFOLU,1234,0.0
2344.5,high-overshoot,CO2 FFI,1234,-34.0
2344.5,high-overshoot,CO2 AFOLU,1234,0.0
2344.5,medium-extension,CO2 FFI,1234,0.0
2344.5,medium-extension,CO2 AFOLU,1234,0.0
2344.5,medium-overshoot,CO2 FFI,1234,0.0
2344.5,medium-overshoot,CO2 AFOLU,1234,0.0
2344.5,low,CO2 FFI,1234,0.0
2344.5,low,CO2 AFOLU,1234,0.0
2344.5,verylow,CO2 FFI,1234,0.0
2344.5,verylow,CO2 AFOLU,1234,0.0
2344.5,verylow-overshoot,CO2 FFI,1234,0.0
2344.5,verylow-overshoot,CO2 AFOLU,1234,0.0
2345.5,high-extension,CO2 FFI,1234,0.0
2345.5,high-extension,CO2 AFOLU,1234,0.0
2345.5,high-overshoot,CO2 FFI,1234,-34.0
2345.5,high-overshoot,CO2 AFOLU,1234,0.0
2345.5,medium-extension,CO2 FFI,1234,0.0
2345.5,medium-extension,CO2 AFOLU,1234,0.0
2345.5,medium-overshoot,CO2 FFI,1234,0.0
2345.5,medium-overshoot,CO2 AFOLU,1234,0.0
2345.5,low,CO2 FFI,1234,0.0
2345.5,low,CO2 AFOLU,1234,0.0
2345.5,verylow,CO2 FFI,1234,0.0
2345.5,verylow,CO2 AFOLU,1234,0.0
2345.5,verylow-overshoot,CO2 FFI,1234,0.0
2345.5,verylow-overshoot,CO2 AFOLU,1234,0.0
2346.5,high-extension,CO2 FFI,1234,0.0
2346.5,high-extension,CO2 AFOLU,1234,0.0
2346.5,high-overshoot,CO2 FFI,1234,-34.0
2346.5,high-overshoot,CO2 AFOLU,1234,0.0
2346.5,medium-extension,CO2 FFI,1234,0.0
2346.5,medium-extension,CO2 AFOLU,1234,0.0
2346.5,medium-overshoot,CO2 FFI,1234,0.0
2346.5,medium-overshoot,CO2 AFOLU,1234,0.0
2346.5,low,CO2 FFI,1234,0.0
2346.5,low,CO2 AFOLU,1234,0.0
2346.5,verylow,CO2 FFI,1234,0.0
2346.5,verylow,CO2 AFOLU,1234,0.0
2346.5,verylow-overshoot,CO2 FFI,1234,0.0
2346.5,verylow-overshoot,CO2 AFOLU,1234,0.0
2347.5,high-extension,CO2 FFI,1234,0.0
2347.5,high-extension,CO2 AFOLU,1234,0.0
2347.5,high-overshoot,CO2 FFI,1234,-34.0
2347.5,high-overshoot,CO2 AFOLU,1234,0.0
2347.5,medium-extension,CO2 FFI,1234,0.0
2347.5,medium-extension,CO2 AFOLU,1234,0.0
2347.5,medium-overshoot,CO2 FFI,1234,0.0
2347.5,medium-overshoot,CO2 AFOLU,1234,0.0
2347.5,low,CO2 FFI,1234,0.0
2347.5,low,CO2 AFOLU,1234,0.0
2347.5,verylow,CO2 FFI,1234,0.0
2347.5,verylow,CO2 AFOLU,1234,0.0
2347.5,verylow-overshoot,CO2 FFI,1234,0.0
2347.5,verylow-overshoot,CO2 AFOLU,1234,0.0
2348.5,high-extension,CO2 FFI,1234,0.0
2348.5,high-extension,CO2 AFOLU,1234,0.0
2348.5,high-overshoot,CO2 FFI,1234,-34.0
2348.5,high-overshoot,CO2 AFOLU,1234,0.0
2348.5,medium-extension,CO2 FFI,1234,0.0
2348.5,medium-extension,CO2 AFOLU,1234,0.0
2348.5,medium-overshoot,CO2 FFI,1234,0.0
2348.5,medium-overshoot,CO2 AFOLU,1234,0.0
2348.5,low,CO2 FFI,1234,0.0
2348.5,low,CO2 AFOLU,1234,0.0
2348.5,verylow,CO2 FFI,1234,0.0
2348.5,verylow,CO2 AFOLU,1234,0.0
2348.5,verylow-overshoot,CO2 FFI,1234,0.0
2348.5,verylow-overshoot,CO2 AFOLU,1234,0.0
2349.5,high-extension,CO2 FFI,1234,0.0
2349.5,high-extension,CO2 AFOLU,1234,0.0
2349.5,high-overshoot,CO2 FFI,1234,-34.0
2349.5,high-overshoot,CO2 AFOLU,1234,0.0
2349.5,medium-extension,CO2 FFI,1234,0.0
2349.5,medium-extension,CO2 AFOLU,1234,0.0
2349.5,medium-overshoot,CO2 FFI,1234,0.0
2349.5,medium-overshoot,CO2 AFOLU,1234,0.0
2349.5,low,CO2 FFI,1234,0.0
2349.5,low,CO2 AFOLU,1234,0.0
2349.5,verylow,CO2 FFI,1234,0.0
2349.5,verylow,CO2 AFOLU,1234,0.0
2349.5,verylow-overshoot,CO2 FFI,1234,0.0
2349.5,verylow-overshoot,CO2 AFOLU,1234,0.0
2350.5,high-extension,CO2 FFI,1234,0.0
2350.5,high-extension,CO2 AFOLU,1234,0.0
2350.5,high-overshoot,CO2 FFI,1234,-33.66
2350.5,high-overshoot,CO2 AFOLU,1234,0.0
2350.5,medium-extension,CO2 FFI,1234,0.0
2350.5,medium-extension,CO2 AFOLU,1234,0.0
2350.5,medium-overshoot,CO2 FFI,1234,0.0
2350.5,medium-overshoot,CO2 AFOLU,1234,0.0
2350.5,low,CO2 FFI,1234,0.0
2350.5,low,CO2 AFOLU,1234,0.0
2350.5,verylow,CO2 FFI,1234,0.0
2350.5,verylow,CO2 AFOLU,1234,0.0
2350.5,verylow-overshoot,CO2 FFI,1234,0.0
2350.5,verylow-overshoot,CO2 AFOLU,1234,0.0
2351.5,high-extension,CO2 FFI,1234,0.0
2351.5,high-extension,CO2 AFOLU,1234,0.0
2351.5,high-overshoot,CO2 FFI,1234,-32.98
2351.5,high-overshoot,CO2 AFOLU,1234,0.0
2351.5,medium-extension,CO2 FFI,1234,0.0
2351.5,medium-extension,CO2 AFOLU,1234,0.0
2351.5,medium-overshoot,CO2 FFI,1234,0.0
2351.5,medium-overshoot,CO2 AFOLU,1234,0.0
2351.5,low,CO2 FFI,1234,0.0
2351.5,low,CO2 AFOLU,1234,0.0
2351.5,verylow,CO2 FFI,1234,0.0
2351.5,verylow,CO2 AFOLU,1234,0.0
2351.5,verylow-overshoot,CO2 FFI,1234,0.0
2351.5,verylow-overshoot,CO2 AFOLU,1234,0.0
2352.5,high-extension,CO2 FFI,1234,0.0
2352.5,high-extension,CO2 AFOLU,1234,0.0
2352.5,high-overshoot,CO2 FFI,1234,-32.3
2352.5,high-overshoot,CO2 AFOLU,1234,0.0
2352.5,medium-extension,CO2 FFI,1234,0.0
2352.5,medium-extension,CO2 AFOLU,1234,0.0
2352.5,medium-overshoot,CO2 FFI,1234,0.0
2352.5,medium-overshoot,CO2 AFOLU,1234,0.0
2352.5,low,CO2 FFI,1234,0.0
2352.5,low,CO2 AFOLU,1234,0.0
2352.5,verylow,CO2 FFI,1234,0.0
2352.5,verylow,CO2 AFOLU,1234,0.0
2352.5,verylow-overshoot,CO2 FFI,1234,0.0
2352.5,verylow-overshoot,CO2 AFOLU,1234,0.0
2353.5,high-extension,CO2 FFI,1234,0.0
2353.5,high-extension,CO2 AFOLU,1234,0.0
2353.5,high-overshoot,CO2 FFI,1234,-31.62
2353.5,high-overshoot,CO2 AFOLU,1234,0.0
2353.5,medium-extension,CO2 FFI,1234,0.0
2353.5,medium-extension,CO2 AFOLU,1234,0.0
2353.5,medium-overshoot,CO2 FFI,1234,0.0
2353.5,medium-overshoot,CO2 AFOLU,1234,0.0
2353.5,low,CO2 FFI,1234,0.0
2353.5,low,CO2 AFOLU,1234,0.0
2353.5,verylow,CO2 FFI,1234,0.0
2353.5,verylow,CO2 AFOLU,1234,0.0
2353.5,verylow-overshoot,CO2 FFI,1234,0.0
2353.5,verylow-overshoot,CO2 AFOLU,1234,0.0
2354.5,high-extension,CO2 FFI,1234,0.0
2354.5,high-extension,CO2 AFOLU,1234,0.0
2354.5,high-overshoot,CO2 FFI,1234,-30.94
2354.5,high-overshoot,CO2 AFOLU,1234,0.0
2354.5,medium-extension,CO2 FFI,1234,0.0
2354.5,medium-extension,CO2 AFOLU,1234,0.0
2354.5,medium-overshoot,CO2 FFI,1234,0.0
2354.5,medium-overshoot,CO2 AFOLU,1234,0.0
2354.5,low,CO2 FFI,1234,0.0
2354.5,low,CO2 AFOLU,1234,0.0
2354.5,verylow,CO2 FFI,1234,0.0
2354.5,verylow,CO2 AFOLU,1234,0.0
2354.5,verylow-overshoot,CO2 FFI,1234,0.0
2354.5,verylow-overshoot,CO2 AFOLU,1234,0.0
2355.5,high-extension,CO2 FFI,1234,0.0
2355.5,high-extension,CO2 AFOLU,1234,0.0
2355.5,high-overshoot,CO2 FFI,1234,-30.259999999999998
2355.5,high-overshoot,CO2 AFOLU,1234,0.0
2355.5,medium-extension,CO2 FFI,1234,0.0
2355.5,medium-extension,CO2 AFOLU,1234,0.0
2355.5,medium-overshoot,CO2 FFI,1234,0.0
2355.5,medium-overshoot,CO2 AFOLU,1234,0.0
2355.5,low,CO2 FFI,1234,0.0
2355.5,low,CO2 AFOLU,1234,0.0
2355.5,verylow,CO2 FFI,1234,0.0
2355.5,verylow,CO2 AFOLU,1234,0.0
2355.5,verylow-overshoot,CO2 FFI,1234,0.0
2355.5,verylow-overshoot,CO2 AFOLU,1234,0.0
2356.5,high-extension,CO2 FFI,1234,0.0
2356.5,high-extension,CO2 AFOLU,1234,0.0
2356.5,high-overshoot,CO2 FFI,1234,-29.58
2356.5,high-overshoot,CO2 AFOLU,1234,0.0
2356.5,medium-extension,CO2 FFI,1234,0.0
2356.5,medium-extension,CO2 AFOLU,1234,0.0
2356.5,medium-overshoot,CO2 FFI,1234,0.0
2356.5,medium-overshoot,CO2 AFOLU,1234,0.0
2356.5,low,CO2 FFI,1234,0.0
2356.5,low,CO2 AFOLU,1234,0.0
2356.5,verylow,CO2 FFI,1234,0.0
2356.5,verylow,CO2 AFOLU,1234,0.0
2356.5,verylow-overshoot,CO2 FFI,1234,0.0
2356.5,verylow-overshoot,CO2 AFOLU,1234,0.0
2357.5,high-extension,CO2 FFI,1234,0.0
2357.5,high-extension,CO2 AFOLU,1234,0.0
2357.5,high-overshoot,CO2 FFI,1234,-28.9
2357.5,high-overshoot,CO2 AFOLU,1234,0.0
2357.5,medium-extension,CO2 FFI,1234,0.0
2357.5,medium-extension,CO2 AFOLU,1234,0.0
2357.5,medium-overshoot,CO2 FFI,1234,0.0
2357.5,medium-overshoot,CO2 AFOLU,1234,0.0
2357.5,low,CO2 FFI,1234,0.0
2357.5,low,CO2 AFOLU,1234,0.0
2357.5,verylow,CO2 FFI,1234,0.0
2357.5,verylow,CO2 AFOLU,1234,0.0
2357.5,verylow-overshoot,CO2 FFI,1234,0.0
2357.5,verylow-overshoot,CO2 AFOLU,1234,0.0
2358.5,high-extension,CO2 FFI,1234,0.0
2358.5,high-extension,CO2 AFOLU,1234,0.0
2358.5,high-overshoot,CO2 FFI,1234,-28.22
2358.5,high-overshoot,CO2 AFOLU,1234,0.0
2358.5,medium-extension,CO2 FFI,1234,0.0
2358.5,medium-extension,CO2 AFOLU,1234,0.0
2358.5,medium-overshoot,CO2 FFI,1234,0.0
2358.5,medium-overshoot,CO2 AFOLU,1234,0.0
2358.5,low,CO2 FFI,1234,0.0
2358.5,low,CO2 AFOLU,1234,0.0
2358.5,verylow,CO2 FFI,1234,0.0
2358.5,verylow,CO2 AFOLU,1234,0.0
2358.5,verylow-overshoot,CO2 FFI,1234,0.0
2358.5,verylow-overshoot,CO2 AFOLU,1234,0.0
2359.5,high-extension,CO2 FFI,1234,0.0
2359.5,high-extension,CO2 AFOLU,1234,0.0
2359.5,high-overshoot,CO2 FFI,1234,-27.54
2359.5,high-overshoot,CO2 AFOLU,1234,0.0
2359.5,medium-extension,CO2 FFI,1234,0.0
2359.5,medium-extension,CO2 AFOLU,1234,0.0
2359.5,medium-overshoot,CO2 FFI,1234,0.0
2359.5,medium-overshoot,CO2 AFOLU,1234,0.0
2359.5,low,CO2 FFI,1234,0.0
2359.5,low,CO2 AFOLU,1234,0.0
2359.5,verylow,CO2 FFI,1234,0.0
2359.5,verylow,CO2 AFOLU,1234,0.0
2359.5,verylow-overshoot,CO2 FFI,1234,0.0
2359.5,verylow-overshoot,CO2 AFOLU,1234,0.0
2360.5,high-extension,CO2 FFI,1234,0.0
2360.5,high-extension,CO2 AFOLU,1234,0.0
2360.5,high-overshoot,CO2 FFI,1234,-26.86
2360.5,high-overshoot,CO2 AFOLU,1234,0.0
2360.5,medium-extension,CO2 FFI,1234,0.0
2360.5,medium-extension,CO2 AFOLU,1234,0.0
2360.5,medium-overshoot,CO2 FFI,1234,0.0
2360.5,medium-overshoot,CO2 AFOLU,1234,0.0
2360.5,low,CO2 FFI,1234,0.0
2360.5,low,CO2 AFOLU,1234,0.0
2360.5,verylow,CO2 FFI,1234,0.0
2360.5,verylow,CO2 AFOLU,1234,0.0
2360.5,verylow-overshoot,CO2 FFI,1234,0.0
2360.5,verylow-overshoot,CO2 AFOLU,1234,0.0
2361.5,high-extension,CO2 FFI,1234,0.0
2361.5,high-extension,CO2 AFOLU,1234,0.0
2361.5,high-overshoot,CO2 FFI,1234,-26.18
2361.5,high-overshoot,CO2 AFOLU,1234,0.0
2361.5,medium-extension,CO2 FFI,1234,0.0
2361.5,medium-extension,CO2 AFOLU,1234,0.0
2361.5,medium-overshoot,CO2 FFI,1234,0.0
2361.5,medium-overshoot,CO2 AFOLU,1234,0.0
2361.5,low,CO2 FFI,1234,0.0
2361.5,low,CO2 AFOLU,1234,0.0
2361.5,verylow,CO2 FFI,1234,0.0
2361.5,verylow,CO2 AFOLU,1234,0.0
2361.5,verylow-overshoot,CO2 FFI,1234,0.0
2361.5,verylow-overshoot,CO2 AFOLU,1234,0.0
2362.5,high-extension,CO2 FFI,1234,0.0
2362.5,high-extension,CO2 AFOLU,1234,0.0
2362.5,high-overshoot,CO2 FFI,1234,-25.5
2362.5,high-overshoot,CO2 AFOLU,1234,0.0
2362.5,medium-extension,CO2 FFI,1234,0.0
2362.5,medium-extension,CO2 AFOLU,1234,0.0
2362.5,medium-overshoot,CO2 FFI,1234,0.0
2362.5,medium-overshoot,CO2 AFOLU,1234,0.0
2362.5,low,CO2 FFI,1234,0.0
2362.5,low,CO2 AFOLU,1234,0.0
2362.5,verylow,CO2 FFI,1234,0.0
2362.5,verylow,CO2 AFOLU,1234,0.0
2362.5,verylow-overshoot,CO2 FFI,1234,0.0
2362.5,verylow-overshoot,CO2 AFOLU,1234,0.0
2363.5,high-extension,CO2 FFI,1234,0.0
2363.5,high-extension,CO2 AFOLU,1234,0.0
2363.5,high-overshoot,CO2 FFI,1234,-24.82
2363.5,high-overshoot,CO2 AFOLU,1234,0.0
2363.5,medium-extension,CO2 FFI,1234,0.0
2363.5,medium-extension,CO2 AFOLU,1234,0.0
2363.5,medium-overshoot,CO2 FFI,1234,0.0
2363.5,medium-overshoot,CO2 AFOLU,1234,0.0
2363.5,low,CO2 FFI,1234,0.0
2363.5,low,CO2 AFOLU,1234,0.0
2363.5,verylow,CO2 FFI,1234,0.0
2363.5,verylow,CO2 AFOLU,1234,0.0
2363.5,verylow-overshoot,CO2 FFI,1234,0.0
2363.5,verylow-overshoot,CO2 AFOLU,1234,0.0
2364.5,high-extension,CO2 FFI,1234,0.0
2364.5,high-extension,CO2 AFOLU,1234,0.0
2364.5,high-overshoot,CO2 FFI,1234,-24.14
2364.5,high-overshoot,CO2 AFOLU,1234,0.0
2364.5,medium-extension,CO2 FFI,1234,0.0
2364.5,medium-extension,CO2 AFOLU,1234,0.0
2364.5,medium-overshoot,CO2 FFI,1234,0.0
2364.5,medium-overshoot,CO2 AFOLU,1234,0.0
2364.5,low,CO2 FFI,1234,0.0
2364.5,low,CO2 AFOLU,1234,0.0
2364.5,verylow,CO2 FFI,1234,0.0
2364.5,verylow,CO2 AFOLU,1234,0.0
2364.5,verylow-overshoot,CO2 FFI,1234,0.0
2364.5,verylow-overshoot,CO2 AFOLU,1234,0.0
2365.5,high-extension,CO2 FFI,1234,0.0
2365.5,high-extension,CO2 AFOLU,1234,0.0
2365.5,high-overshoot,CO2 FFI,1234,-23.46
2365.5,high-overshoot,CO2 AFOLU,1234,0.0
2365.5,medium-extension,CO2 FFI,1234,0.0
2365.5,medium-extension,CO2 AFOLU,1234,0.0
2365.5,medium-overshoot,CO2 FFI,1234,0.0
2365.5,medium-overshoot,CO2 AFOLU,1234,0.0
2365.5,low,CO2 FFI,1234,0.0
2365.5,low,CO2 AFOLU,1234,0.0
2365.5,verylow,CO2 FFI,1234,0.0
2365.5,verylow,CO2 AFOLU,1234,0.0
2365.5,verylow-overshoot,CO2 FFI,1234,0.0
2365.5,verylow-overshoot,CO2 AFOLU,1234,0.0
2366.5,high-extension,CO2 FFI,1234,0.0
2366.5,high-extension,CO2 AFOLU,1234,0.0
2366.5,high-overshoot,CO2 FFI,1234,-22.779999999999998
2366.5,high-overshoot,CO2 AFOLU,1234,0.0
2366.5,medium-extension,CO2 FFI,1234,0.0
2366.5,medium-extension,CO2 AFOLU,1234,0.0
2366.5,medium-overshoot,CO2 FFI,1234,0.0
2366.5,medium-overshoot,CO2 AFOLU,1234,0.0
2366.5,low,CO2 FFI,1234,0.0
2366.5,low,CO2 AFOLU,1234,0.0
2366.5,verylow,CO2 FFI,1234,0.0
2366.5,verylow,CO2 AFOLU,1234,0.0
2366.5,verylow-overshoot,CO2 FFI,1234,0.0
2366.5,verylow-overshoot,CO2 AFOLU,1234,0.0
2367.5,high-extension,CO2 FFI,1234,0.0
2367.5,high-extension,CO2 AFOLU,1234,0.0
2367.5,high-overshoot,CO2 FFI,1234,-22.099999999999998
2367.5,high-overshoot,CO2 AFOLU,1234,0.0
2367.5,medium-extension,CO2 FFI,1234,0.0
2367.5,medium-extension,CO2 AFOLU,1234,0.0
2367.5,medium-overshoot,CO2 FFI,1234,0.0
2367.5,medium-overshoot,CO2 AFOLU,1234,0.0
2367.5,low,CO2 FFI,1234,0.0
2367.5,low,CO2 AFOLU,1234,0.0
2367.5,verylow,CO2 FFI,1234,0.0
2367.5,verylow,CO2 AFOLU,1234,0.0
2367.5,verylow-overshoot,CO2 FFI,1234,0.0
2367.5,verylow-overshoot,CO2 AFOLU,1234,0.0
2368.5,high-extension,CO2 FFI,1234,0.0
2368.5,high-extension,CO2 AFOLU,1234,0.0
2368.5,high-overshoot,CO2 FFI,1234,-21.419999999999998
2368.5,high-overshoot,CO2 AFOLU,1234,0.0
2368.5,medium-extension,CO2 FFI,1234,0.0
2368.5,medium-extension,CO2 AFOLU,1234,0.0
2368.5,medium-overshoot,CO2 FFI,1234,0.0
2368.5,medium-overshoot,CO2 AFOLU,1234,0.0
2368.5,low,CO2 FFI,1234,0.0
2368.5,low,CO2 AFOLU,1234,0.0
2368.5,verylow,CO2 FFI,1234,0.0
2368.5,verylow,CO2 AFOLU,1234,0.0
2368.5,verylow-overshoot,CO2 FFI,1234,0.0
2368.5,verylow-overshoot,CO2 AFOLU,1234,0.0
2369.5,high-extension,CO2 FFI,1234,0.0
2369.5,high-extension,CO2 AFOLU,1234,0.0
2369.5,high-overshoot,CO2 FFI,1234,-20.74
2369.5,high-overshoot,CO2 AFOLU,1234,0.0
2369.5,medium-extension,CO2 FFI,1234,0.0
2369.5,medium-extension,CO2 AFOLU,1234,0.0
2369.5,medium-overshoot,CO2 FFI,1234,0.0
2369.5,medium-overshoot,CO2 AFOLU,1234,0.0
2369.5,low,CO2 FFI,1234,0.0
2369.5,low,CO2 AFOLU,1234,0.0
2369.5,verylow,CO2 FFI,1234,0.0
2369.5,verylow,CO2 AFOLU,1234,0.0
2369.5,verylow-overshoot,CO2 FFI,1234,0.0
2369.5,verylow-overshoot,CO2 AFOLU,1234,0.0
2370.5,high-extension,CO2 FFI,1234,0.0
2370.5,high-extension,CO2 AFOLU,1234,0.0
2370.5,high-overshoot,CO2 FFI,1234,-20.06
2370.5,high-overshoot,CO2 AFOLU,1234,0.0
2370.5,medium-extension,CO2 FFI,1234,0.0
2370.5,medium-extension,CO2 AFOLU,1234,0.0
2370.5,medium-overshoot,CO2 FFI,1234,0.0
2370.5,medium-overshoot,CO2 AFOLU,1234,0.0
2370.5,low,CO2 FFI,1234,0.0
2370.5,low,CO2 AFOLU,1234,0.0
2370.5,verylow,CO2 FFI,1234,0.0
2370.5,verylow,CO2 AFOLU,1234,0.0
2370.5,verylow-overshoot,CO2 FFI,1234,0.0
2370.5,verylow-overshoot,CO2 AFOLU,1234,0.0
2371.5,high-extension,CO2 FFI,1234,0.0
2371.5,high-extension,CO2 AFOLU,1234,0.0
2371.5,high-overshoot,CO2 FFI,1234,-19.38
2371.5,high-overshoot,CO2 AFOLU,1234,0.0
2371.5,medium-extension,CO2 FFI,1234,0.0
2371.5,medium-extension,CO2 AFOLU,1234,0.0
2371.5,medium-overshoot,CO2 FFI,1234,0.0
2371.5,medium-overshoot,CO2 AFOLU,1234,0.0
2371.5,low,CO2 FFI,1234,0.0
2371.5,low,CO2 AFOLU,1234,0.0
2371.5,verylow,CO2 FFI,1234,0.0
2371.5,verylow,CO2 AFOLU,1234,0.0
2371.5,verylow-overshoot,CO2 FFI,1234,0.0
2371.5,verylow-overshoot,CO2 AFOLU,1234,0.0
2372.5,high-extension,CO2 FFI,1234,0.0
2372.5,high-extension,CO2 AFOLU,1234,0.0
2372.5,high-overshoot,CO2 FFI,1234,-18.7
2372.5,high-overshoot,CO2 AFOLU,1234,0.0
2372.5,medium-extension,CO2 FFI,1234,0.0
2372.5,medium-extension,CO2 AFOLU,1234,0.0
2372.5,medium-overshoot,CO2 FFI,1234,0.0
2372.5,medium-overshoot,CO2 AFOLU,1234,0.0
2372.5,low,CO2 FFI,1234,0.0
2372.5,low,CO2 AFOLU,1234,0.0
2372.5,verylow,CO2 FFI,1234,0.0
2372.5,verylow,CO2 AFOLU,1234,0.0
2372.5,verylow-overshoot,CO2 FFI,1234,0.0
2372.5,verylow-overshoot,CO2 AFOLU,1234,0.0
2373.5,high-extension,CO2 FFI,1234,0.0
2373.5,high-extension,CO2 AFOLU,1234,0.0
2373.5,high-overshoot,CO2 FFI,1234,-18.02
2373.5,high-overshoot,CO2 AFOLU,1234,0.0
2373.5,medium-extension,CO2 FFI,1234,0.0
2373.5,medium-extension,CO2 AFOLU,1234,0.0
2373.5,medium-overshoot,CO2 FFI,1234,0.0
2373.5,medium-overshoot,CO2 AFOLU,1234,0.0
2373.5,low,CO2 FFI,1234,0.0
2373.5,low,CO2 AFOLU,1234,0.0
2373.5,verylow,CO2 FFI,1234,0.0
2373.5,verylow,CO2 AFOLU,1234,0.0
2373.5,verylow-overshoot,CO2 FFI,1234,0.0
2373.5,verylow-overshoot,CO2 AFOLU,1234,0.0
2374.5,high-extension,CO2 FFI,1234,0.0
2374.5,high-extension,CO2 AFOLU,1234,0.0
2374.5,high-overshoot,CO2 FFI,1234,-17.34
2374.5,high-overshoot,CO2 AFOLU,1234,0.0
2374.5,medium-extension,CO2 FFI,1234,0.0
2374.5,medium-extension,CO2 AFOLU,1234,0.0
2374.5,medium-overshoot,CO2 FFI,1234,0.0
2374.5,medium-overshoot,CO2 AFOLU,1234,0.0
2374.5,low,CO2 FFI,1234,0.0
2374.5,low,CO2 AFOLU,1234,0.0
2374.5,verylow,CO2 FFI,1234,0.0
2374.5,verylow,CO2 AFOLU,1234,0.0
2374.5,verylow-overshoot,CO2 FFI,1234,0.0
2374.5,verylow-overshoot,CO2 AFOLU,1234,0.0
2375.5,high-extension,CO2 FFI,1234,0.0
2375.5,high-extension,CO2 AFOLU,1234,0.0
2375.5,high-overshoot,CO2 FFI,1234,-16.66
2375.5,high-overshoot,CO2 AFOLU,1234,0.0
2375.5,medium-extension,CO2 FFI,1234,0.0
2375.5,medium-extension,CO2 AFOLU,1234,0.0
2375.5,medium-overshoot,CO2 FFI,1234,0.0
2375.5,medium-overshoot,CO2 AFOLU,1234,0.0
2375.5,low,CO2 FFI,1234,0.0
2375.5,low,CO2 AFOLU,1234,0.0
2375.5,verylow,CO2 FFI,1234,0.0
2375.5,verylow,CO2 AFOLU,1234,0.0
2375.5,verylow-overshoot,CO2 FFI,1234,0.0
2375.5,verylow-overshoot,CO2 AFOLU,1234,0.0
2376.5,high-extension,CO2 FFI,1234,0.0
2376.5,high-extension,CO2 AFOLU,1234,0.0
2376.5,high-overshoot,CO2 FFI,1234,-15.979999999999999
2376.5,high-overshoot,CO2 AFOLU,1234,0.0
2376.5,medium-extension,CO2 FFI,1234,0.0
2376.5,medium-extension,CO2 AFOLU,1234,0.0
2376.5,medium-overshoot,CO2 FFI,1234,0.0
2376.5,medium-overshoot,CO2 AFOLU,1234,0.0
2376.5,low,CO2 FFI,1234,0.0
2376.5,low,CO2 AFOLU,1234,0.0
2376.5,verylow,CO2 FFI,1234,0.0
2376.5,verylow,CO2 AFOLU,1234,0.0
2376.5,verylow-overshoot,CO2 FFI,1234,0.0
2376.5,verylow-overshoot,CO2 AFOLU,1234,0.0
2377.5,high-extension,CO2 FFI,1234,0.0
2377.5,high-extension,CO2 AFOLU,1234,0.0
2377.5,high-overshoot,CO2 FFI,1234,-15.299999999999999
2377.5,high-overshoot,CO2 AFOLU,1234,0.0
2377.5,medium-extension,CO2 FFI,1234,0.0
2377.5,medium-extension,CO2 AFOLU,1234,0.0
2377.5,medium-overshoot,CO2 FFI,1234,0.0
2377.5,medium-overshoot,CO2 AFOLU,1234,0.0
2377.5,low,CO2 FFI,1234,0.0
2377.5,low,CO2 AFOLU,1234,0.0
2377.5,verylow,CO2 FFI,1234,0.0
2377.5,verylow,CO2 AFOLU,1234,0.0
2377.5,verylow-overshoot,CO2 FFI,1234,0.0
2377.5,verylow-overshoot,CO2 AFOLU,1234,0.0
2378.5,high-extension,CO2 FFI,1234,0.0
2378.5,high-extension,CO2 AFOLU,1234,0.0
2378.5,high-overshoot,CO2 FFI,1234,-14.62
2378.5,high-overshoot,CO2 AFOLU,1234,0.0
2378.5,medium-extension,CO2 FFI,1234,0.0
2378.5,medium-extension,CO2 AFOLU,1234,0.0
2378.5,medium-overshoot,CO2 FFI,1234,0.0
2378.5,medium-overshoot,CO2 AFOLU,1234,0.0
2378.5,low,CO2 FFI,1234,0.0
2378.5,low,CO2 AFOLU,1234,0.0
2378.5,verylow,CO2 FFI,1234,0.0
2378.5,verylow,CO2 AFOLU,1234,0.0
2378.5,verylow-overshoot,CO2 FFI,1234,0.0
2378.5,verylow-overshoot,CO2 AFOLU,1234,0.0
2379.5,high-extension,CO2 FFI,1234,0.0
2379.5,high-extension,CO2 AFOLU,1234,0.0
2379.5,high-overshoot,CO2 FFI,1234,-13.939999999999998
2379.5,high-overshoot,CO2 AFOLU,1234,0.0
2379.5,medium-extension,CO2 FFI,1234,0.0
2379.5,medium-extension,CO2 AFOLU,1234,0.0
2379.5,medium-overshoot,CO2 FFI,1234,0.0
2379.5,medium-overshoot,CO2 AFOLU,1234,0.0
2379.5,low,CO2 FFI,1234,0.0
2379.5,low,CO2 AFOLU,1234,0.0
2379.5,verylow,CO2 FFI,1234,0.0
2379.5,verylow,CO2 AFOLU,1234,0.0
2379.5,verylow-overshoot,CO2 FFI,1234,0.0
2379.5,verylow-overshoot,CO2 AFOLU,1234,0.0
2380.5,high-extension,CO2 FFI,1234,0.0
2380.5,high-extension,CO2 AFOLU,1234,0.0
2380.5,high-overshoot,CO2 FFI,1234,-13.259999999999998
2380.5,high-overshoot,CO2 AFOLU,1234,0.0
2380.5,medium-extension,CO2 FFI,1234,0.0
2380.5,medium-extension,CO2 AFOLU,1234,0.0
2380.5,medium-overshoot,CO2 FFI,1234,0.0
2380.5,medium-overshoot,CO2 AFOLU,1234,0.0
2380.5,low,CO2 FFI,1234,0.0
2380.5,low,CO2 AFOLU,1234,0.0
2380.5,verylow,CO2 FFI,1234,0.0
2380.5,verylow,CO2 AFOLU,1234,0.0
2380.5,verylow-overshoot,CO2 FFI,1234,0.0
2380.5,verylow-overshoot,CO2 AFOLU,1234,0.0
2381.5,high-extension,CO2 FFI,1234,0.0
2381.5,high-extension,CO2 AFOLU,1234,0.0
2381.5,high-overshoot,CO2 FFI,1234,-12.579999999999998
2381.5,high-overshoot,CO2 AFOLU,1234,0.0
2381.5,medium-extension,CO2 FFI,1234,0.0
2381.5,medium-extension,CO2 AFOLU,1234,0.0
2381.5,medium-overshoot,CO2 FFI,1234,0.0
2381.5,medium-overshoot,CO2 AFOLU,1234,0.0
2381.5,low,CO2 FFI,1234,0.0
2381.5,low,CO2 AFOLU,1234,0.0
2381.5,verylow,CO2 FFI,1234,0.0
2381.5,verylow,CO2 AFOLU,1234,0.0
2381.5,verylow-overshoot,CO2 FFI,1234,0.0
2381.5,verylow-overshoot,CO2 AFOLU,1234,0.0
2382.5,high-extension,CO2 FFI,1234,0.0
2382.5,high-extension,CO2 AFOLU,1234,0.0
2382.5,high-overshoot,CO2 FFI,1234,-11.899999999999999
2382.5,high-overshoot,CO2 AFOLU,1234,0.0
2382.5,medium-extension,CO2 FFI,1234,0.0
2382.5,medium-extension,CO2 AFOLU,1234,0.0
2382.5,medium-overshoot,CO2 FFI,1234,0.0
2382.5,medium-overshoot,CO2 AFOLU,1234,0.0
2382.5,low,CO2 FFI,1234,0.0
2382.5,low,CO2 AFOLU,1234,0.0
2382.5,verylow,CO2 FFI,1234,0.0
2382.5,verylow,CO2 AFOLU,1234,0.0
2382.5,verylow-overshoot,CO2 FFI,1234,0.0
2382.5,verylow-overshoot,CO2 AFOLU,1234,0.0
2383.5,high-extension,CO2 FFI,1234,0.0
2383.5,high-extension,CO2 AFOLU,1234,0.0
2383.5,high-overshoot,CO2 FFI,1234,-11.219999999999999
2383.5,high-overshoot,CO2 AFOLU,1234,0.0
2383.5,medium-extension,CO2 FFI,1234,0.0
2383.5,medium-extension,CO2 AFOLU,1234,0.0
2383.5,medium-overshoot,CO2 FFI,1234,0.0
2383.5,medium-overshoot,CO2 AFOLU,1234,0.0
2383.5,low,CO2 FFI,1234,0.0
2383.5,low,CO2 AFOLU,1234,0.0
2383.5,verylow,CO2 FFI,1234,0.0
2383.5,verylow,CO2 AFOLU,1234,0.0
2383.5,verylow-overshoot,CO2 FFI,1234,0.0
2383.5,verylow-overshoot,CO2 AFOLU,1234,0.0
2384.5,high-extension,CO2 FFI,1234,0.0
2384.5,high-extension,CO2 AFOLU,1234,0.0
2384.5,high-overshoot,CO2 FFI,1234,-10.54
2384.5,high-overshoot,CO2 AFOLU,1234,0.0
2384.5,medium-extension,CO2 FFI,1234,0.0
2384.5,medium-extension,CO2 AFOLU,1234,0.0
2384.5,medium-overshoot,CO2 FFI,1234,0.0
2384.5,medium-overshoot,CO2 AFOLU,1234,0.0
2384.5,low,CO2 FFI,1234,0.0
2384.5,low,CO2 AFOLU,1234,0.0
2384.5,verylow,CO2 FFI,1234,0.0
2384.5,verylow,CO2 AFOLU,1234,0.0
2384.5,verylow-overshoot,CO2 FFI,1234,0.0
2384.5,verylow-overshoot,CO2 AFOLU,1234,0.0
2385.5,high-extension,CO2 FFI,1234,0.0
2385.5,high-extension,CO2 AFOLU,1234,0.0
2385.5,high-overshoot,CO2 FFI,1234,-9.859999999999998
2385.5,high-overshoot,CO2 AFOLU,1234,0.0
2385.5,medium-extension,CO2 FFI,1234,0.0
2385.5,medium-extension,CO2 AFOLU,1234,0.0
2385.5,medium-overshoot,CO2 FFI,1234,0.0
2385.5,medium-overshoot,CO2 AFOLU,1234,0.0
2385.5,low,CO2 FFI,1234,0.0
2385.5,low,CO2 AFOLU,1234,0.0
2385.5,verylow,CO2 FFI,1234,0.0
2385.5,verylow,CO2 AFOLU,1234,0.0
2385.5,verylow-overshoot,CO2 FFI,1234,0.0
2385.5,verylow-overshoot,CO2 AFOLU,1234,0.0
2386.5,high-extension,CO2 FFI,1234,0.0
2386.5,high-extension,CO2 AFOLU,1234,0.0
2386.5,high-overshoot,CO2 FFI,1234,-9.179999999999998
2386.5,high-overshoot,CO2 AFOLU,1234,0.0
2386.5,medium-extension,CO2 FFI,1234,0.0
2386.5,medium-extension,CO2 AFOLU,1234,0.0
2386.5,medium-overshoot,CO2 FFI,1234,0.0
2386.5,medium-overshoot,CO2 AFOLU,1234,0.0
2386.5,low,CO2 FFI,1234,0.0
2386.5,low,CO2 AFOLU,1234,0.0
2386.5,verylow,CO2 FFI,1234,0.0
2386.5,verylow,CO2 AFOLU,1234,0.0
2386.5,verylow-overshoot,CO2 FFI,1234,0.0
2386.5,verylow-overshoot,CO2 AFOLU,1234,0.0
2387.5,high-extension,CO2 FFI,1234,0.0
2387.5,high-extension,CO2 AFOLU,1234,0.0
2387.5,high-overshoot,CO2 FFI,1234,-8.499999999999998
2387.5,high-overshoot,CO2 AFOLU,1234,0.0
2387.5,medium-extension,CO2 FFI,1234,0.0
2387.5,medium-extension,CO2 AFOLU,1234,0.0
2387.5,medium-overshoot,CO2 FFI,1234,0.0
2387.5,medium-overshoot,CO2 AFOLU,1234,0.0
2387.5,low,CO2 FFI,1234,0.0
2387.5,low,CO2 AFOLU,1234,0.0
2387.5,verylow,CO2 FFI,1234,0.0
2387.5,verylow,CO2 AFOLU,1234,0.0
2387.5,verylow-overshoot,CO2 FFI,1234,0.0
2387.5,verylow-overshoot,CO2 AFOLU,1234,0.0
2388.5,high-extension,CO2 FFI,1234,0.0
2388.5,high-extension,CO2 AFOLU,1234,0.0
2388.5,high-overshoot,CO2 FFI,1234,-7.8199999999999985
2388.5,high-overshoot,CO2 AFOLU,1234,0.0
2388.5,medium-extension,CO2 FFI,1234,0.0
2388.5,medium-extension,CO2 AFOLU,1234,0.0
2388.5,medium-overshoot,CO2 FFI,1234,0.0
2388.5,medium-overshoot,CO2 AFOLU,1234,0.0
2388.5,low,CO2 FFI,1234,0.0
2388.5,low,CO2 AFOLU,1234,0.0
2388.5,verylow,CO2 FFI,1234,0.0
2388.5,verylow,CO2 AFOLU,1234,0.0
2388.5,verylow-overshoot,CO2 FFI,1234,0.0
2388.5,verylow-overshoot,CO2 AFOLU,1234,0.0
2389.5,high-extension,CO2 FFI,1234,0.0
2389.5,high-extension,CO2 AFOLU,1234,0.0
2389.5,high-overshoot,CO2 FFI,1234,-7.139999999999998
2389.5,high-overshoot,CO2 AFOLU,1234,0.0
2389.5,medium-extension,CO2 FFI,1234,0.0
2389.5,medium-extension,CO2 AFOLU,1234,0.0
2389.5,medium-overshoot,CO2 FFI,1234,0.0
2389.5,medium-overshoot,CO2 AFOLU,1234,0.0
2389.5,low,CO2 FFI,1234,0.0
2389.5,low,CO2 AFOLU,1234,0.0
2389.5,verylow,CO2 FFI,1234,0.0
2389.5,verylow,CO2 AFOLU,1234,0.0
2389.5,verylow-overshoot,CO2 FFI,1234,0.0
2389.5,verylow-overshoot,CO2 AFOLU,1234,0.0
2390.5,high-extension,CO2 FFI,1234,0.0
2390.5,high-extension,CO2 AFOLU,1234,0.0
2390.5,high-overshoot,CO2 FFI,1234,-6.459999999999998
2390.5,high-overshoot,CO2 AFOLU,1234,0.0
2390.5,medium-extension,CO2 FFI,1234,0.0
2390.5,medium-extension,CO2 AFOLU,1234,0.0
2390.5,medium-overshoot,CO2 FFI,1234,0.0
2390.5,medium-overshoot,CO2 AFOLU,1234,0.0
2390.5,low,CO2 FFI,1234,0.0
2390.5,low,CO2 AFOLU,1234,0.0
2390.5,verylow,CO2 FFI,1234,0.0
2390.5,verylow,CO2 AFOLU,1234,0.0
2390.5,verylow-overshoot,CO2 FFI,1234,0.0
2390.5,verylow-overshoot,CO2 AFOLU,1234,0.0
2391.5,high-extension,CO2 FFI,1234,0.0
2391.5,high-extension,CO2 AFOLU,1234,0.0
2391.5,high-overshoot,CO2 FFI,1234,-5.779999999999998
2391.5,high-overshoot,CO2 AFOLU,1234,0.0
2391.5,medium-extension,CO2 FFI,1234,0.0
2391.5,medium-extension,CO2 AFOLU,1234,0.0
2391.5,medium-overshoot,CO2 FFI,1234,0.0
2391.5,medium-overshoot,CO2 AFOLU,1234,0.0
2391.5,low,CO2 FFI,1234,0.0
2391.5,low,CO2 AFOLU,1234,0.0
2391.5,verylow,CO2 FFI,1234,0.0
2391.5,verylow,CO2 AFOLU,1234,0.0
2391.5,verylow-overshoot,CO2 FFI,1234,0.0
2391.5,verylow-overshoot,CO2 AFOLU,1234,0.0
2392.5,high-extension,CO2 FFI,1234,0.0
2392.5,high-extension,CO2 AFOLU,1234,0.0
2392.5,high-overshoot,CO2 FFI,1234,-5.099999999999998
2392.5,high-overshoot,CO2 AFOLU,1234,0.0
2392.5,medium-extension,CO2 FFI,1234,0.0
2392.5,medium-extension,CO2 AFOLU,1234,0.0
2392.5,medium-overshoot,CO2 FFI,1234,0.0
2392.5,medium-overshoot,CO2 AFOLU,1234,0.0
2392.5,low,CO2 FFI,1234,0.0
2392.5,low,CO2 AFOLU,1234,0.0
2392.5,verylow,CO2 FFI,1234,0.0
2392.5,verylow,CO2 AFOLU,1234,0.0
2392.5,verylow-overshoot,CO2 FFI,1234,0.0
2392.5,verylow-overshoot,CO2 AFOLU,1234,0.0
2393.5,high-extension,CO2 FFI,1234,0.0
2393.5,high-extension,CO2 AFOLU,1234,0.0
2393.5,high-overshoot,CO2 FFI,1234,-4.419999999999998
2393.5,high-overshoot,CO2 AFOLU,1234,0.0
2393.5,medium-extension,CO2 FFI,1234,0.0
2393.5,medium-extension,CO2 AFOLU,1234,0.0
2393.5,medium-overshoot,CO2 FFI,1234,0.0
2393.5,medium-overshoot,CO2 AFOLU,1234,0.0
2393.5,low,CO2 FFI,1234,0.0
2393.5,low,CO2 AFOLU,1234,0.0
2393.5,verylow,CO2 FFI,1234,0.0
2393.5,verylow,CO2 AFOLU,1234,0.0
2393.5,verylow-overshoot,CO2 FFI,1234,0.0
2393.5,verylow-overshoot,CO2 AFOLU,1234,0.0
2394.5,high-extension,CO2 FFI,1234,0.0
2394.5,high-extension,CO2 AFOLU,1234,0.0
2394.5,high-overshoot,CO2 FFI,1234,-3.739999999999998
2394.5,high-overshoot,CO2 AFOLU,1234,0.0
2394.5,medium-extension,CO2 FFI,1234,0.0
2394.5,medium-extension,CO2 AFOLU,1234,0.0
2394.5,medium-overshoot,CO2 FFI,1234,0.0
2394.5,medium-overshoot,CO2 AFOLU,1234,0.0
2394.5,low,CO2 FFI,1234,0.0
2394.5,low,CO2 AFOLU,1234,0.0
2394.5,verylow,CO2 FFI,1234,0.0
2394.5,verylow,CO2 AFOLU,1234,0.0
2394.5,verylow-overshoot,CO2 FFI,1234,0.0
2394.5,verylow-overshoot,CO2 AFOLU,1234,0.0
2395.5,high-extension,CO2 FFI,1234,0.0
2395.5,high-extension,CO2 AFOLU,1234,0.0
2395.5,high-overshoot,CO2 FFI,1234,-3.059999999999998
2395.5,high-overshoot,CO2 AFOLU,1234,0.0
2395.5,medium-extension,CO2 FFI,1234,0.0
2395.5,medium-extension,CO2 AFOLU,1234,0.0
2395.5,medium-overshoot,CO2 FFI,1234,0.0
2395.5,medium-overshoot,CO2 AFOLU,1234,0.0
2395.5,low,CO2 FFI,1234,0.0
2395.5,low,CO2 AFOLU,1234,0.0
2395.5,verylow,CO2 FFI,1234,0.0
2395.5,verylow,CO2 AFOLU,1234,0.0
2395.5,verylow-overshoot,CO2 FFI,1234,0.0
2395.5,verylow-overshoot,CO2 AFOLU,1234,0.0
2396.5,high-extension,CO2 FFI,1234,0.0
2396.5,high-extension,CO2 AFOLU,1234,0.0
2396.5,high-overshoot,CO2 FFI,1234,-2.3799999999999977
2396.5,high-overshoot,CO2 AFOLU,1234,0.0
2396.5,medium-extension,CO2 FFI,1234,0.0
2396.5,medium-extension,CO2 AFOLU,1234,0.0
2396.5,medium-overshoot,CO2 FFI,1234,0.0
2396.5,medium-overshoot,CO2 AFOLU,1234,0.0
2396.5,low,CO2 FFI,1234,0.0
2396.5,low,CO2 AFOLU,1234,0.0
2396.5,verylow,CO2 FFI,1234,0.0
2396.5,verylow,CO2 AFOLU,1234,0.0
2396.5,verylow-overshoot,CO2 FFI,1234,0.0
2396.5,verylow-overshoot,CO2 AFOLU,1234,0.0
2397.5,high-extension,CO2 FFI,1234,0.0
2397.5,high-extension,CO2 AFOLU,1234,0.0
2397.5,high-overshoot,CO2 FFI,1234,-1.6999999999999977
2397.5,high-overshoot,CO2 AFOLU,1234,0.0
2397.5,medium-extension,CO2 FFI,1234,0.0
2397.5,medium-extension,CO2 AFOLU,1234,0.0
2397.5,medium-overshoot,CO2 FFI,1234,0.0
2397.5,medium-overshoot,CO2 AFOLU,1234,0.0
2397.5,low,CO2 FFI,1234,0.0
2397.5,low,CO2 AFOLU,1234,0.0
2397.5,verylow,CO2 FFI,1234,0.0
2397.5,verylow,CO2 AFOLU,1234,0.0
2397.5,verylow-overshoot,CO2 FFI,1234,0.0
2397.5,verylow-overshoot,CO2 AFOLU,1234,0.0
2398.5,high-extension,CO2 FFI,1234,0.0
2398.5,high-extension,CO2 AFOLU,1234,0.0
2398.5,high-overshoot,CO2 FFI,1234,-1.0199999999999976
2398.5,high-overshoot,CO2 AFOLU,1234,0.0
2398.5,medium-extension,CO2 FFI,1234,0.0
2398.5,medium-extension,CO2 AFOLU,1234,0.0
2398.5,medium-overshoot,CO2 FFI,1234,0.0
2398.5,medium-overshoot,CO2 AFOLU,1234,0.0
2398.5,low,CO2 FFI,1234,0.0
2398.5,low,CO2 AFOLU,1234,0.0
2398.5,verylow,CO2 FFI,1234,0.0
2398.5,verylow,CO2 AFOLU,1234,0.0
2398.5,verylow-overshoot,CO2 FFI,1234,0.0
2398.5,verylow-overshoot,CO2 AFOLU,1234,0.0
2399.5,high-extension,CO2 FFI,1234,0.0
2399.5,high-extension,CO2 AFOLU,1234,0.0
2399.5,high-overshoot,CO2 FFI,1234,-0.3399999999999976
2399.5,high-overshoot,CO2 AFOLU,1234,0.0
2399.5,medium-extension,CO2 FFI,1234,0.0
2399.5,medium-extension,CO2 AFOLU,1234,0.0
2399.5,medium-overshoot,CO2 FFI,1234,0.0
2399.5,medium-overshoot,CO2 AFOLU,1234,0.0
2399.5,low,CO2 FFI,1234,0.0
2399.5,low,CO2 AFOLU,1234,0.0
2399.5,verylow,CO2 FFI,1234,0.0
2399.5,verylow,CO2 AFOLU,1234,0.0
2399.5,verylow-overshoot,CO2 FFI,1234,0.0
2399.5,verylow-overshoot,CO2 AFOLU,1234,0.0
2400.5,high-extension,CO2 FFI,1234,0.0
2400.5,high-extension,CO2 AFOLU,1234,0.0
2400.5,high-overshoot,CO2 FFI,1234,0.0
2400.5,high-overshoot,CO2 AFOLU,1234,0.0
2400.5,medium-extension,CO2 FFI,1234,0.0
2400.5,medium-extension,CO2 AFOLU,1234,0.0
2400.5,medium-overshoot,CO2 FFI,1234,0.0
2400.5,medium-overshoot,CO2 AFOLU,1234,0.0
2400.5,low,CO2 FFI,1234,0.0
2400.5,low,CO2 AFOLU,1234,0.0
2400.5,verylow,CO2 FFI,1234,0.0
2400.5,verylow,CO2 AFOLU,1234,0.0
2400.5,verylow-overshoot,CO2 FFI,1234,0.0
2400.5,verylow-overshoot,CO2 AFOLU,1234,0.0
2401.5,high-extension,CO2 FFI,1234,0.0
2401.5,high-extension,CO2 AFOLU,1234,0.0
2401.5,high-overshoot,CO2 FFI,1234,0.0
2401.5,high-overshoot,CO2 AFOLU,1234,0.0
2401.5,medium-extension,CO2 FFI,1234,0.0
2401.5,medium-extension,CO2 AFOLU,1234,0.0
2401.5,medium-overshoot,CO2 FFI,1234,0.0
2401.5,medium-overshoot,CO2 AFOLU,1234,0.0
2401.5,low,CO2 FFI,1234,0.0
2401.5,low,CO2 AFOLU,1234,0.0
2401.5,verylow,CO2 FFI,1234,0.0
2401.5,verylow,CO2 AFOLU,1234,0.0
2401.5,verylow-overshoot,CO2 FFI,1234,0.0
2401.5,verylow-overshoot,CO2 AFOLU,1234,0.0
2402.5,high-extension,CO2 FFI,1234,0.0
2402.5,high-extension,CO2 AFOLU,1234,0.0
2402.5,high-overshoot,CO2 FFI,1234,0.0
2402.5,high-overshoot,CO2 AFOLU,1234,0.0
2402.5,medium-extension,CO2 FFI,1234,0.0
2402.5,medium-extension,CO2 AFOLU,1234,0.0
2402.5,medium-overshoot,CO2 FFI,1234,0.0
2402.5,medium-overshoot,CO2 AFOLU,1234,0.0
2402.5,low,CO2 FFI,1234,0.0
2402.5,low,CO2 AFOLU,1234,0.0
2402.5,verylow,CO2 FFI,1234,0.0
2402.5,verylow,CO2 AFOLU,1234,0.0
2402.5,verylow-overshoot,CO2 FFI,1234,0.0
2402.5,verylow-overshoot,CO2 AFOLU,1234,0.0
2403.5,high-extension,CO2 FFI,1234,0.0
2403.5,high-extension,CO2 AFOLU,1234,0.0
2403.5,high-overshoot,CO2 FFI,1234,0.0
2403.5,high-overshoot,CO2 AFOLU,1234,0.0
2403.5,medium-extension,CO2 FFI,1234,0.0
2403.5,medium-extension,CO2 AFOLU,1234,0.0
2403.5,medium-overshoot,CO2 FFI,1234,0.0
2403.5,medium-overshoot,CO2 AFOLU,1234,0.0
2403.5,low,CO2 FFI,1234,0.0
2403.5,low,CO2 AFOLU,1234,0.0
2403.5,verylow,CO2 FFI,1234,0.0
2403.5,verylow,CO2 AFOLU,1234,0.0
2403.5,verylow-overshoot,CO2 FFI,1234,0.0
2403.5,verylow-overshoot,CO2 AFOLU,1234,0.0
2404.5,high-extension,CO2 FFI,1234,0.0
2404.5,high-extension,CO2 AFOLU,1234,0.0
2404.5,high-overshoot,CO2 FFI,1234,0.0
2404.5,high-overshoot,CO2 AFOLU,1234,0.0
2404.5,medium-extension,CO2 FFI,1234,0.0
2404.5,medium-extension,CO2 AFOLU,1234,0.0
2404.5,medium-overshoot,CO2 FFI,1234,0.0
2404.5,medium-overshoot,CO2 AFOLU,1234,0.0
2404.5,low,CO2 FFI,1234,0.0
2404.5,low,CO2 AFOLU,1234,0.0
2404.5,verylow,CO2 FFI,1234,0.0
2404.5,verylow,CO2 AFOLU,1234,0.0
2404.5,verylow-overshoot,CO2 FFI,1234,0.0
2404.5,verylow-overshoot,CO2 AFOLU,1234,0.0
2405.5,high-extension,CO2 FFI,1234,0.0
2405.5,high-extension,CO2 AFOLU,1234,0.0
2405.5,high-overshoot,CO2 FFI,1234,0.0
2405.5,high-overshoot,CO2 AFOLU,1234,0.0
2405.5,medium-extension,CO2 FFI,1234,0.0
2405.5,medium-extension,CO2 AFOLU,1234,0.0
2405.5,medium-overshoot,CO2 FFI,1234,0.0
2405.5,medium-overshoot,CO2 AFOLU,1234,0.0
2405.5,low,CO2 FFI,1234,0.0
2405.5,low,CO2 AFOLU,1234,0.0
2405.5,verylow,CO2 FFI,1234,0.0
2405.5,verylow,CO2 AFOLU,1234,0.0
2405.5,verylow-overshoot,CO2 FFI,1234,0.0
2405.5,verylow-overshoot,CO2 AFOLU,1234,0.0
2406.5,high-extension,CO2 FFI,1234,0.0
2406.5,high-extension,CO2 AFOLU,1234,0.0
2406.5,high-overshoot,CO2 FFI,1234,0.0
2406.5,high-overshoot,CO2 AFOLU,1234,0.0
2406.5,medium-extension,CO2 FFI,1234,0.0
2406.5,medium-extension,CO2 AFOLU,1234,0.0
2406.5,medium-overshoot,CO2 FFI,1234,0.0
2406.5,medium-overshoot,CO2 AFOLU,1234,0.0
2406.5,low,CO2 FFI,1234,0.0
2406.5,low,CO2 AFOLU,1234,0.0
2406.5,verylow,CO2 FFI,1234,0.0
2406.5,verylow,CO2 AFOLU,1234,0.0
2406.5,verylow-overshoot,CO2 FFI,1234,0.0
2406.5,verylow-overshoot,CO2 AFOLU,1234,0.0
2407.5,high-extension,CO2 FFI,1234,0.0
2407.5,high-extension,CO2 AFOLU,1234,0.0
2407.5,high-overshoot,CO2 FFI,1234,0.0
2407.5,high-overshoot,CO2 AFOLU,1234,0.0
2407.5,medium-extension,CO2 FFI,1234,0.0
2407.5,medium-extension,CO2 AFOLU,1234,0.0
2407.5,medium-overshoot,CO2 FFI,1234,0.0
2407.5,medium-overshoot,CO2 AFOLU,1234,0.0
2407.5,low,CO2 FFI,1234,0.0
2407.5,low,CO2 AFOLU,1234,0.0
2407.5,verylow,CO2 FFI,1234,0.0
2407.5,verylow,CO2 AFOLU,1234,0.0
2407.5,verylow-overshoot,CO2 FFI,1234,0.0
2407.5,verylow-overshoot,CO2 AFOLU,1234,0.0
2408.5,high-extension,CO2 FFI,1234,0.0
2408.5,high-extension,CO2 AFOLU,1234,0.0
2408.5,high-overshoot,CO2 FFI,1234,0.0
2408.5,high-overshoot,CO2 AFOLU,1234,0.0
2408.5,medium-extension,CO2 FFI,1234,0.0
2408.5,medium-extension,CO2 AFOLU,1234,0.0
2408.5,medium-overshoot,CO2 FFI,1234,0.0
2408.5,medium-overshoot,CO2 AFOLU,1234,0.0
2408.5,low,CO2 FFI,1234,0.0
2408.5,low,CO2 AFOLU,1234,0.0
2408.5,verylow,CO2 FFI,1234,0.0
2408.5,verylow,CO2 AFOLU,1234,0.0
2408.5,verylow-overshoot,CO2 FFI,1234,0.0
2408.5,verylow-overshoot,CO2 AFOLU,1234,0.0
2409.5,high-extension,CO2 FFI,1234,0.0
2409.5,high-extension,CO2 AFOLU,1234,0.0
2409.5,high-overshoot,CO2 FFI,1234,0.0
2409.5,high-overshoot,CO2 AFOLU,1234,0.0
2409.5,medium-extension,CO2 FFI,1234,0.0
2409.5,medium-extension,CO2 AFOLU,1234,0.0
2409.5,medium-overshoot,CO2 FFI,1234,0.0
2409.5,medium-overshoot,CO2 AFOLU,1234,0.0
2409.5,low,CO2 FFI,1234,0.0
2409.5,low,CO2 AFOLU,1234,0.0
2409.5,verylow,CO2 FFI,1234,0.0
2409.5,verylow,CO2 AFOLU,1234,0.0
2409.5,verylow-overshoot,CO2 FFI,1234,0.0
2409.5,verylow-overshoot,CO2 AFOLU,1234,0.0
2410.5,high-extension,CO2 FFI,1234,0.0
2410.5,high-extension,CO2 AFOLU,1234,0.0
2410.5,high-overshoot,CO2 FFI,1234,0.0
2410.5,high-overshoot,CO2 AFOLU,1234,0.0
2410.5,medium-extension,CO2 FFI,1234,0.0
2410.5,medium-extension,CO2 AFOLU,1234,0.0
2410.5,medium-overshoot,CO2 FFI,1234,0.0
2410.5,medium-overshoot,CO2 AFOLU,1234,0.0
2410.5,low,CO2 FFI,1234,0.0
2410.5,low,CO2 AFOLU,1234,0.0
2410.5,verylow,CO2 FFI,1234,0.0
2410.5,verylow,CO2 AFOLU,1234,0.0
2410.5,verylow-overshoot,CO2 FFI,1234,0.0
2410.5,verylow-overshoot,CO2 AFOLU,1234,0.0
2411.5,high-extension,CO2 FFI,1234,0.0
2411.5,high-extension,CO2 AFOLU,1234,0.0
2411.5,high-overshoot,CO2 FFI,1234,0.0
2411.5,high-overshoot,CO2 AFOLU,1234,0.0
2411.5,medium-extension,CO2 FFI,1234,0.0
2411.5,medium-extension,CO2 AFOLU,1234,0.0
2411.5,medium-overshoot,CO2 FFI,1234,0.0
2411.5,medium-overshoot,CO2 AFOLU,1234,0.0
2411.5,low,CO2 FFI,1234,0.0
2411.5,low,CO2 AFOLU,1234,0.0
2411.5,verylow,CO2 FFI,1234,0.0
2411.5,verylow,CO2 AFOLU,1234,0.0
2411.5,verylow-overshoot,CO2 FFI,1234,0.0
2411.5,verylow-overshoot,CO2 AFOLU,1234,0.0
2412.5,high-extension,CO2 FFI,1234,0.0
2412.5,high-extension,CO2 AFOLU,1234,0.0
2412.5,high-overshoot,CO2 FFI,1234,0.0
2412.5,high-overshoot,CO2 AFOLU,1234,0.0
2412.5,medium-extension,CO2 FFI,1234,0.0
2412.5,medium-extension,CO2 AFOLU,1234,0.0
2412.5,medium-overshoot,CO2 FFI,1234,0.0
2412.5,medium-overshoot,CO2 AFOLU,1234,0.0
2412.5,low,CO2 FFI,1234,0.0
2412.5,low,CO2 AFOLU,1234,0.0
2412.5,verylow,CO2 FFI,1234,0.0
2412.5,verylow,CO2 AFOLU,1234,0.0
2412.5,verylow-overshoot,CO2 FFI,1234,0.0
2412.5,verylow-overshoot,CO2 AFOLU,1234,0.0
2413.5,high-extension,CO2 FFI,1234,0.0
2413.5,high-extension,CO2 AFOLU,1234,0.0
2413.5,high-overshoot,CO2 FFI,1234,0.0
2413.5,high-overshoot,CO2 AFOLU,1234,0.0
2413.5,medium-extension,CO2 FFI,1234,0.0
2413.5,medium-extension,CO2 AFOLU,1234,0.0
2413.5,medium-overshoot,CO2 FFI,1234,0.0
2413.5,medium-overshoot,CO2 AFOLU,1234,0.0
2413.5,low,CO2 FFI,1234,0.0
2413.5,low,CO2 AFOLU,1234,0.0
2413.5,verylow,CO2 FFI,1234,0.0
2413.5,verylow,CO2 AFOLU,1234,0.0
2413.5,verylow-overshoot,CO2 FFI,1234,0.0
2413.5,verylow-overshoot,CO2 AFOLU,1234,0.0
2414.5,high-extension,CO2 FFI,1234,0.0
2414.5,high-extension,CO2 AFOLU,1234,0.0
2414.5,high-overshoot,CO2 FFI,1234,0.0
2414.5,high-overshoot,CO2 AFOLU,1234,0.0
2414.5,medium-extension,CO2 FFI,1234,0.0
2414.5,medium-extension,CO2 AFOLU,1234,0.0
2414.5,medium-overshoot,CO2 FFI,1234,0.0
2414.5,medium-overshoot,CO2 AFOLU,1234,0.0
2414.5,low,CO2 FFI,1234,0.0
2414.5,low,CO2 AFOLU,1234,0.0
2414.5,verylow,CO2 FFI,1234,0.0
2414.5,verylow,CO2 AFOLU,1234,0.0
2414.5,verylow-overshoot,CO2 FFI,1234,0.0
2414.5,verylow-overshoot,CO2 AFOLU,1234,0.0
2415.5,high-extension,CO2 FFI,1234,0.0
2415.5,high-extension,CO2 AFOLU,1234,0.0
2415.5,high-overshoot,CO2 FFI,1234,0.0
2415.5,high-overshoot,CO2 AFOLU,1234,0.0
2415.5,medium-extension,CO2 FFI,1234,0.0
2415.5,medium-extension,CO2 AFOLU,1234,0.0
2415.5,medium-overshoot,CO2 FFI,1234,0.0
2415.5,medium-overshoot,CO2 AFOLU,1234,0.0
2415.5,low,CO2 FFI,1234,0.0
2415.5,low,CO2 AFOLU,1234,0.0
2415.5,verylow,CO2 FFI,1234,0.0
2415.5,verylow,CO2 AFOLU,1234,0.0
2415.5,verylow-overshoot,CO2 FFI,1234,0.0
2415.5,verylow-overshoot,CO2 AFOLU,1234,0.0
2416.5,high-extension,CO2 FFI,1234,0.0
2416.5,high-extension,CO2 AFOLU,1234,0.0
2416.5,high-overshoot,CO2 FFI,1234,0.0
2416.5,high-overshoot,CO2 AFOLU,1234,0.0
2416.5,medium-extension,CO2 FFI,1234,0.0
2416.5,medium-extension,CO2 AFOLU,1234,0.0
2416.5,medium-overshoot,CO2 FFI,1234,0.0
2416.5,medium-overshoot,CO2 AFOLU,1234,0.0
2416.5,low,CO2 FFI,1234,0.0
2416.5,low,CO2 AFOLU,1234,0.0
2416.5,verylow,CO2 FFI,1234,0.0
2416.5,verylow,CO2 AFOLU,1234,0.0
2416.5,verylow-overshoot,CO2 FFI,1234,0.0
2416.5,verylow-overshoot,CO2 AFOLU,1234,0.0
2417.5,high-extension,CO2 FFI,1234,0.0
2417.5,high-extension,CO2 AFOLU,1234,0.0
2417.5,high-overshoot,CO2 FFI,1234,0.0
2417.5,high-overshoot,CO2 AFOLU,1234,0.0
2417.5,medium-extension,CO2 FFI,1234,0.0
2417.5,medium-extension,CO2 AFOLU,1234,0.0
2417.5,medium-overshoot,CO2 FFI,1234,0.0
2417.5,medium-overshoot,CO2 AFOLU,1234,0.0
2417.5,low,CO2 FFI,1234,0.0
2417.5,low,CO2 AFOLU,1234,0.0
2417.5,verylow,CO2 FFI,1234,0.0
2417.5,verylow,CO2 AFOLU,1234,0.0
2417.5,verylow-overshoot,CO2 FFI,1234,0.0
2417.5,verylow-overshoot,CO2 AFOLU,1234,0.0
2418.5,high-extension,CO2 FFI,1234,0.0
2418.5,high-extension,CO2 AFOLU,1234,0.0
2418.5,high-overshoot,CO2 FFI,1234,0.0
2418.5,high-overshoot,CO2 AFOLU,1234,0.0
2418.5,medium-extension,CO2 FFI,1234,0.0
2418.5,medium-extension,CO2 AFOLU,1234,0.0
2418.5,medium-overshoot,CO2 FFI,1234,0.0
2418.5,medium-overshoot,CO2 AFOLU,1234,0.0
2418.5,low,CO2 FFI,1234,0.0
2418.5,low,CO2 AFOLU,1234,0.0
2418.5,verylow,CO2 FFI,1234,0.0
2418.5,verylow,CO2 AFOLU,1234,0.0
2418.5,verylow-overshoot,CO2 FFI,1234,0.0
2418.5,verylow-overshoot,CO2 AFOLU,1234,0.0
2419.5,high-extension,CO2 FFI,1234,0.0
2419.5,high-extension,CO2 AFOLU,1234,0.0
2419.5,high-overshoot,CO2 FFI,1234,0.0
2419.5,high-overshoot,CO2 AFOLU,1234,0.0
2419.5,medium-extension,CO2 FFI,1234,0.0
2419.5,medium-extension,CO2 AFOLU,1234,0.0
2419.5,medium-overshoot,CO2 FFI,1234,0.0
2419.5,medium-overshoot,CO2 AFOLU,1234,0.0
2419.5,low,CO2 FFI,1234,0.0
2419.5,low,CO2 AFOLU,1234,0.0
2419.5,verylow,CO2 FFI,1234,0.0
2419.5,verylow,CO2 AFOLU,1234,0.0
2419.5,verylow-overshoot,CO2 FFI,1234,0.0
2419.5,verylow-overshoot,CO2 AFOLU,1234,0.0
2420.5,high-extension,CO2 FFI,1234,0.0
2420.5,high-extension,CO2 AFOLU,1234,0.0
2420.5,high-overshoot,CO2 FFI,1234,0.0
2420.5,high-overshoot,CO2 AFOLU,1234,0.0
2420.5,medium-extension,CO2 FFI,1234,0.0
2420.5,medium-extension,CO2 AFOLU,1234,0.0
2420.5,medium-overshoot,CO2 FFI,1234,0.0
2420.5,medium-overshoot,CO2 AFOLU,1234,0.0
2420.5,low,CO2 FFI,1234,0.0
2420.5,low,CO2 AFOLU,1234,0.0
2420.5,verylow,CO2 FFI,1234,0.0
2420.5,verylow,CO2 AFOLU,1234,0.0
2420.5,verylow-overshoot,CO2 FFI,1234,0.0
2420.5,verylow-overshoot,CO2 AFOLU,1234,0.0
2421.5,high-extension,CO2 FFI,1234,0.0
2421.5,high-extension,CO2 AFOLU,1234,0.0
2421.5,high-overshoot,CO2 FFI,1234,0.0
2421.5,high-overshoot,CO2 AFOLU,1234,0.0
2421.5,medium-extension,CO2 FFI,1234,0.0
2421.5,medium-extension,CO2 AFOLU,1234,0.0
2421.5,medium-overshoot,CO2 FFI,1234,0.0
2421.5,medium-overshoot,CO2 AFOLU,1234,0.0
2421.5,low,CO2 FFI,1234,0.0
2421.5,low,CO2 AFOLU,1234,0.0
2421.5,verylow,CO2 FFI,1234,0.0
2421.5,verylow,CO2 AFOLU,1234,0.0
2421.5,verylow-overshoot,CO2 FFI,1234,0.0
2421.5,verylow-overshoot,CO2 AFOLU,1234,0.0
2422.5,high-extension,CO2 FFI,1234,0.0
2422.5,high-extension,CO2 AFOLU,1234,0.0
2422.5,high-overshoot,CO2 FFI,1234,0.0
2422.5,high-overshoot,CO2 AFOLU,1234,0.0
2422.5,medium-extension,CO2 FFI,1234,0.0
2422.5,medium-extension,CO2 AFOLU,1234,0.0
2422.5,medium-overshoot,CO2 FFI,1234,0.0
2422.5,medium-overshoot,CO2 AFOLU,1234,0.0
2422.5,low,CO2 FFI,1234,0.0
2422.5,low,CO2 AFOLU,1234,0.0
2422.5,verylow,CO2 FFI,1234,0.0
2422.5,verylow,CO2 AFOLU,1234,0.0
2422.5,verylow-overshoot,CO2 FFI,1234,0.0
2422.5,verylow-overshoot,CO2 AFOLU,1234,0.0
2423.5,high-extension,CO2 FFI,1234,0.0
2423.5,high-extension,CO2 AFOLU,1234,0.0
2423.5,high-overshoot,CO2 FFI,1234,0.0
2423.5,high-overshoot,CO2 AFOLU,1234,0.0
2423.5,medium-extension,CO2 FFI,1234,0.0
2423.5,medium-extension,CO2 AFOLU,1234,0.0
2423.5,medium-overshoot,CO2 FFI,1234,0.0
2423.5,medium-overshoot,CO2 AFOLU,1234,0.0
2423.5,low,CO2 FFI,1234,0.0
2423.5,low,CO2 AFOLU,1234,0.0
2423.5,verylow,CO2 FFI,1234,0.0
2423.5,verylow,CO2 AFOLU,1234,0.0
2423.5,verylow-overshoot,CO2 FFI,1234,0.0
2423.5,verylow-overshoot,CO2 AFOLU,1234,0.0
2424.5,high-extension,CO2 FFI,1234,0.0
2424.5,high-extension,CO2 AFOLU,1234,0.0
2424.5,high-overshoot,CO2 FFI,1234,0.0
2424.5,high-overshoot,CO2 AFOLU,1234,0.0
2424.5,medium-extension,CO2 FFI,1234,0.0
2424.5,medium-extension,CO2 AFOLU,1234,0.0
2424.5,medium-overshoot,CO2 FFI,1234,0.0
2424.5,medium-overshoot,CO2 AFOLU,1234,0.0
2424.5,low,CO2 FFI,1234,0.0
2424.5,low,CO2 AFOLU,1234,0.0
2424.5,verylow,CO2 FFI,1234,0.0
2424.5,verylow,CO2 AFOLU,1234,0.0
2424.5,verylow-overshoot,CO2 FFI,1234,0.0
2424.5,verylow-overshoot,CO2 AFOLU,1234,0.0
2425.5,high-extension,CO2 FFI,1234,0.0
2425.5,high-extension,CO2 AFOLU,1234,0.0
2425.5,high-overshoot,CO2 FFI,1234,0.0
2425.5,high-overshoot,CO2 AFOLU,1234,0.0
2425.5,medium-extension,CO2 FFI,1234,0.0
2425.5,medium-extension,CO2 AFOLU,1234,0.0
2425.5,medium-overshoot,CO2 FFI,1234,0.0
2425.5,medium-overshoot,CO2 AFOLU,1234,0.0
2425.5,low,CO2 FFI,1234,0.0
2425.5,low,CO2 AFOLU,1234,0.0
2425.5,verylow,CO2 FFI,1234,0.0
2425.5,verylow,CO2 AFOLU,1234,0.0
2425.5,verylow-overshoot,CO2 FFI,1234,0.0
2425.5,verylow-overshoot,CO2 AFOLU,1234,0.0
2426.5,high-extension,CO2 FFI,1234,0.0
2426.5,high-extension,CO2 AFOLU,1234,0.0
2426.5,high-overshoot,CO2 FFI,1234,0.0
2426.5,high-overshoot,CO2 AFOLU,1234,0.0
2426.5,medium-extension,CO2 FFI,1234,0.0
2426.5,medium-extension,CO2 AFOLU,1234,0.0
2426.5,medium-overshoot,CO2 FFI,1234,0.0
2426.5,medium-overshoot,CO2 AFOLU,1234,0.0
2426.5,low,CO2 FFI,1234,0.0
2426.5,low,CO2 AFOLU,1234,0.0
2426.5,verylow,CO2 FFI,1234,0.0
2426.5,verylow,CO2 AFOLU,1234,0.0
2426.5,verylow-overshoot,CO2 FFI,1234,0.0
2426.5,verylow-overshoot,CO2 AFOLU,1234,0.0
2427.5,high-extension,CO2 FFI,1234,0.0
2427.5,high-extension,CO2 AFOLU,1234,0.0
2427.5,high-overshoot,CO2 FFI,1234,0.0
2427.5,high-overshoot,CO2 AFOLU,1234,0.0
2427.5,medium-extension,CO2 FFI,1234,0.0
2427.5,medium-extension,CO2 AFOLU,1234,0.0
2427.5,medium-overshoot,CO2 FFI,1234,0.0
2427.5,medium-overshoot,CO2 AFOLU,1234,0.0
2427.5,low,CO2 FFI,1234,0.0
2427.5,low,CO2 AFOLU,1234,0.0
2427.5,verylow,CO2 FFI,1234,0.0
2427.5,verylow,CO2 AFOLU,1234,0.0
2427.5,verylow-overshoot,CO2 FFI,1234,0.0
2427.5,verylow-overshoot,CO2 AFOLU,1234,0.0
2428.5,high-extension,CO2 FFI,1234,0.0
2428.5,high-extension,CO2 AFOLU,1234,0.0
2428.5,high-overshoot,CO2 FFI,1234,0.0
2428.5,high-overshoot,CO2 AFOLU,1234,0.0
2428.5,medium-extension,CO2 FFI,1234,0.0
2428.5,medium-extension,CO2 AFOLU,1234,0.0
2428.5,medium-overshoot,CO2 FFI,1234,0.0
2428.5,medium-overshoot,CO2 AFOLU,1234,0.0
2428.5,low,CO2 FFI,1234,0.0
2428.5,low,CO2 AFOLU,1234,0.0
2428.5,verylow,CO2 FFI,1234,0.0
2428.5,verylow,CO2 AFOLU,1234,0.0
2428.5,verylow-overshoot,CO2 FFI,1234,0.0
2428.5,verylow-overshoot,CO2 AFOLU,1234,0.0
2429.5,high-extension,CO2 FFI,1234,0.0
2429.5,high-extension,CO2 AFOLU,1234,0.0
2429.5,high-overshoot,CO2 FFI,1234,0.0
2429.5,high-overshoot,CO2 AFOLU,1234,0.0
2429.5,medium-extension,CO2 FFI,1234,0.0
2429.5,medium-extension,CO2 AFOLU,1234,0.0
2429.5,medium-overshoot,CO2 FFI,1234,0.0
2429.5,medium-overshoot,CO2 AFOLU,1234,0.0
2429.5,low,CO2 FFI,1234,0.0
2429.5,low,CO2 AFOLU,1234,0.0
2429.5,verylow,CO2 FFI,1234,0.0
2429.5,verylow,CO2 AFOLU,1234,0.0
2429.5,verylow-overshoot,CO2 FFI,1234,0.0
2429.5,verylow-overshoot,CO2 AFOLU,1234,0.0
2430.5,high-extension,CO2 FFI,1234,0.0
2430.5,high-extension,CO2 AFOLU,1234,0.0
2430.5,high-overshoot,CO2 FFI,1234,0.0
2430.5,high-overshoot,CO2 AFOLU,1234,0.0
2430.5,medium-extension,CO2 FFI,1234,0.0
2430.5,medium-extension,CO2 AFOLU,1234,0.0
2430.5,medium-overshoot,CO2 FFI,1234,0.0
2430.5,medium-overshoot,CO2 AFOLU,1234,0.0
2430.5,low,CO2 FFI,1234,0.0
2430.5,low,CO2 AFOLU,1234,0.0
2430.5,verylow,CO2 FFI,1234,0.0
2430.5,verylow,CO2 AFOLU,1234,0.0
2430.5,verylow-overshoot,CO2 FFI,1234,0.0
2430.5,verylow-overshoot,CO2 AFOLU,1234,0.0
2431.5,high-extension,CO2 FFI,1234,0.0
2431.5,high-extension,CO2 AFOLU,1234,0.0
2431.5,high-overshoot,CO2 FFI,1234,0.0
2431.5,high-overshoot,CO2 AFOLU,1234,0.0
2431.5,medium-extension,CO2 FFI,1234,0.0
2431.5,medium-extension,CO2 AFOLU,1234,0.0
2431.5,medium-overshoot,CO2 FFI,1234,0.0
2431.5,medium-overshoot,CO2 AFOLU,1234,0.0
2431.5,low,CO2 FFI,1234,0.0
2431.5,low,CO2 AFOLU,1234,0.0
2431.5,verylow,CO2 FFI,1234,0.0
2431.5,verylow,CO2 AFOLU,1234,0.0
2431.5,verylow-overshoot,CO2 FFI,1234,0.0
2431.5,verylow-overshoot,CO2 AFOLU,1234,0.0
2432.5,high-extension,CO2 FFI,1234,0.0
2432.5,high-extension,CO2 AFOLU,1234,0.0
2432.5,high-overshoot,CO2 FFI,1234,0.0
2432.5,high-overshoot,CO2 AFOLU,1234,0.0
2432.5,medium-extension,CO2 FFI,1234,0.0
2432.5,medium-extension,CO2 AFOLU,1234,0.0
2432.5,medium-overshoot,CO2 FFI,1234,0.0
2432.5,medium-overshoot,CO2 AFOLU,1234,0.0
2432.5,low,CO2 FFI,1234,0.0
2432.5,low,CO2 AFOLU,1234,0.0
2432.5,verylow,CO2 FFI,1234,0.0
2432.5,verylow,CO2 AFOLU,1234,0.0
2432.5,verylow-overshoot,CO2 FFI,1234,0.0
2432.5,verylow-overshoot,CO2 AFOLU,1234,0.0
2433.5,high-extension,CO2 FFI,1234,0.0
2433.5,high-extension,CO2 AFOLU,1234,0.0
2433.5,high-overshoot,CO2 FFI,1234,0.0
2433.5,high-overshoot,CO2 AFOLU,1234,0.0
2433.5,medium-extension,CO2 FFI,1234,0.0
2433.5,medium-extension,CO2 AFOLU,1234,0.0
2433.5,medium-overshoot,CO2 FFI,1234,0.0
2433.5,medium-overshoot,CO2 AFOLU,1234,0.0
2433.5,low,CO2 FFI,1234,0.0
2433.5,low,CO2 AFOLU,1234,0.0
2433.5,verylow,CO2 FFI,1234,0.0
2433.5,verylow,CO2 AFOLU,1234,0.0
2433.5,verylow-overshoot,CO2 FFI,1234,0.0
2433.5,verylow-overshoot,CO2 AFOLU,1234,0.0
2434.5,high-extension,CO2 FFI,1234,0.0
2434.5,high-extension,CO2 AFOLU,1234,0.0
2434.5,high-overshoot,CO2 FFI,1234,0.0
2434.5,high-overshoot,CO2 AFOLU,1234,0.0
2434.5,medium-extension,CO2 FFI,1234,0.0
2434.5,medium-extension,CO2 AFOLU,1234,0.0
2434.5,medium-overshoot,CO2 FFI,1234,0.0
2434.5,medium-overshoot,CO2 AFOLU,1234,0.0
2434.5,low,CO2 FFI,1234,0.0
2434.5,low,CO2 AFOLU,1234,0.0
2434.5,verylow,CO2 FFI,1234,0.0
2434.5,verylow,CO2 AFOLU,1234,0.0
2434.5,verylow-overshoot,CO2 FFI,1234,0.0
2434.5,verylow-overshoot,CO2 AFOLU,1234,0.0
2435.5,high-extension,CO2 FFI,1234,0.0
2435.5,high-extension,CO2 AFOLU,1234,0.0
2435.5,high-overshoot,CO2 FFI,1234,0.0
2435.5,high-overshoot,CO2 AFOLU,1234,0.0
2435.5,medium-extension,CO2 FFI,1234,0.0
2435.5,medium-extension,CO2 AFOLU,1234,0.0
2435.5,medium-overshoot,CO2 FFI,1234,0.0
2435.5,medium-overshoot,CO2 AFOLU,1234,0.0
2435.5,low,CO2 FFI,1234,0.0
2435.5,low,CO2 AFOLU,1234,0.0
2435.5,verylow,CO2 FFI,1234,0.0
2435.5,verylow,CO2 AFOLU,1234,0.0
2435.5,verylow-overshoot,CO2 FFI,1234,0.0
2435.5,verylow-overshoot,CO2 AFOLU,1234,0.0
2436.5,high-extension,CO2 FFI,1234,0.0
2436.5,high-extension,CO2 AFOLU,1234,0.0
2436.5,high-overshoot,CO2 FFI,1234,0.0
2436.5,high-overshoot,CO2 AFOLU,1234,0.0
2436.5,medium-extension,CO2 FFI,1234,0.0
2436.5,medium-extension,CO2 AFOLU,1234,0.0
2436.5,medium-overshoot,CO2 FFI,1234,0.0
2436.5,medium-overshoot,CO2 AFOLU,1234,0.0
2436.5,low,CO2 FFI,1234,0.0
2436.5,low,CO2 AFOLU,1234,0.0
2436.5,verylow,CO2 FFI,1234,0.0
2436.5,verylow,CO2 AFOLU,1234,0.0
2436.5,verylow-overshoot,CO2 FFI,1234,0.0
2436.5,verylow-overshoot,CO2 AFOLU,1234,0.0
2437.5,high-extension,CO2 FFI,1234,0.0
2437.5,high-extension,CO2 AFOLU,1234,0.0
2437.5,high-overshoot,CO2 FFI,1234,0.0
2437.5,high-overshoot,CO2 AFOLU,1234,0.0
2437.5,medium-extension,CO2 FFI,1234,0.0
2437.5,medium-extension,CO2 AFOLU,1234,0.0
2437.5,medium-overshoot,CO2 FFI,1234,0.0
2437.5,medium-overshoot,CO2 AFOLU,1234,0.0
2437.5,low,CO2 FFI,1234,0.0
2437.5,low,CO2 AFOLU,1234,0.0
2437.5,verylow,CO2 FFI,1234,0.0
2437.5,verylow,CO2 AFOLU,1234,0.0
2437.5,verylow-overshoot,CO2 FFI,1234,0.0
2437.5,verylow-overshoot,CO2 AFOLU,1234,0.0
2438.5,high-extension,CO2 FFI,1234,0.0
2438.5,high-extension,CO2 AFOLU,1234,0.0
2438.5,high-overshoot,CO2 FFI,1234,0.0
2438.5,high-overshoot,CO2 AFOLU,1234,0.0
2438.5,medium-extension,CO2 FFI,1234,0.0
2438.5,medium-extension,CO2 AFOLU,1234,0.0
2438.5,medium-overshoot,CO2 FFI,1234,0.0
2438.5,medium-overshoot,CO2 AFOLU,1234,0.0
2438.5,low,CO2 FFI,1234,0.0
2438.5,low,CO2 AFOLU,1234,0.0
2438.5,verylow,CO2 FFI,1234,0.0
2438.5,verylow,CO2 AFOLU,1234,0.0
2438.5,verylow-overshoot,CO2 FFI,1234,0.0
2438.5,verylow-overshoot,CO2 AFOLU,1234,0.0
2439.5,high-extension,CO2 FFI,1234,0.0
2439.5,high-extension,CO2 AFOLU,1234,0.0
2439.5,high-overshoot,CO2 FFI,1234,0.0
2439.5,high-overshoot,CO2 AFOLU,1234,0.0
2439.5,medium-extension,CO2 FFI,1234,0.0
2439.5,medium-extension,CO2 AFOLU,1234,0.0
2439.5,medium-overshoot,CO2 FFI,1234,0.0
2439.5,medium-overshoot,CO2 AFOLU,1234,0.0
2439.5,low,CO2 FFI,1234,0.0
2439.5,low,CO2 AFOLU,1234,0.0
2439.5,verylow,CO2 FFI,1234,0.0
2439.5,verylow,CO2 AFOLU,1234,0.0
2439.5,verylow-overshoot,CO2 FFI,1234,0.0
2439.5,verylow-overshoot,CO2 AFOLU,1234,0.0
2440.5,high-extension,CO2 FFI,1234,0.0
2440.5,high-extension,CO2 AFOLU,1234,0.0
2440.5,high-overshoot,CO2 FFI,1234,0.0
2440.5,high-overshoot,CO2 AFOLU,1234,0.0
2440.5,medium-extension,CO2 FFI,1234,0.0
2440.5,medium-extension,CO2 AFOLU,1234,0.0
2440.5,medium-overshoot,CO2 FFI,1234,0.0
2440.5,medium-overshoot,CO2 AFOLU,1234,0.0
2440.5,low,CO2 FFI,1234,0.0
2440.5,low,CO2 AFOLU,1234,0.0
2440.5,verylow,CO2 FFI,1234,0.0
2440.5,verylow,CO2 AFOLU,1234,0.0
2440.5,verylow-overshoot,CO2 FFI,1234,0.0
2440.5,verylow-overshoot,CO2 AFOLU,1234,0.0
2441.5,high-extension,CO2 FFI,1234,0.0
2441.5,high-extension,CO2 AFOLU,1234,0.0
2441.5,high-overshoot,CO2 FFI,1234,0.0
2441.5,high-overshoot,CO2 AFOLU,1234,0.0
2441.5,medium-extension,CO2 FFI,1234,0.0
2441.5,medium-extension,CO2 AFOLU,1234,0.0
2441.5,medium-overshoot,CO2 FFI,1234,0.0
2441.5,medium-overshoot,CO2 AFOLU,1234,0.0
2441.5,low,CO2 FFI,1234,0.0
2441.5,low,CO2 AFOLU,1234,0.0
2441.5,verylow,CO2 FFI,1234,0.0
2441.5,verylow,CO2 AFOLU,1234,0.0
2441.5,verylow-overshoot,CO2 FFI,1234,0.0
2441.5,verylow-overshoot,CO2 AFOLU,1234,0.0
2442.5,high-extension,CO2 FFI,1234,0.0
2442.5,high-extension,CO2 AFOLU,1234,0.0
2442.5,high-overshoot,CO2 FFI,1234,0.0
2442.5,high-overshoot,CO2 AFOLU,1234,0.0
2442.5,medium-extension,CO2 FFI,1234,0.0
2442.5,medium-extension,CO2 AFOLU,1234,0.0
2442.5,medium-overshoot,CO2 FFI,1234,0.0
2442.5,medium-overshoot,CO2 AFOLU,1234,0.0
2442.5,low,CO2 FFI,1234,0.0
2442.5,low,CO2 AFOLU,1234,0.0
2442.5,verylow,CO2 FFI,1234,0.0
2442.5,verylow,CO2 AFOLU,1234,0.0
2442.5,verylow-overshoot,CO2 FFI,1234,0.0
2442.5,verylow-overshoot,CO2 AFOLU,1234,0.0
2443.5,high-extension,CO2 FFI,1234,0.0
2443.5,high-extension,CO2 AFOLU,1234,0.0
2443.5,high-overshoot,CO2 FFI,1234,0.0
2443.5,high-overshoot,CO2 AFOLU,1234,0.0
2443.5,medium-extension,CO2 FFI,1234,0.0
2443.5,medium-extension,CO2 AFOLU,1234,0.0
2443.5,medium-overshoot,CO2 FFI,1234,0.0
2443.5,medium-overshoot,CO2 AFOLU,1234,0.0
2443.5,low,CO2 FFI,1234,0.0
2443.5,low,CO2 AFOLU,1234,0.0
2443.5,verylow,CO2 FFI,1234,0.0
2443.5,verylow,CO2 AFOLU,1234,0.0
2443.5,verylow-overshoot,CO2 FFI,1234,0.0
2443.5,verylow-overshoot,CO2 AFOLU,1234,0.0
2444.5,high-extension,CO2 FFI,1234,0.0
2444.5,high-extension,CO2 AFOLU,1234,0.0
2444.5,high-overshoot,CO2 FFI,1234,0.0
2444.5,high-overshoot,CO2 AFOLU,1234,0.0
2444.5,medium-extension,CO2 FFI,1234,0.0
2444.5,medium-extension,CO2 AFOLU,1234,0.0
2444.5,medium-overshoot,CO2 FFI,1234,0.0
2444.5,medium-overshoot,CO2 AFOLU,1234,0.0
2444.5,low,CO2 FFI,1234,0.0
2444.5,low,CO2 AFOLU,1234,0.0
2444.5,verylow,CO2 FFI,1234,0.0
2444.5,verylow,CO2 AFOLU,1234,0.0
2444.5,verylow-overshoot,CO2 FFI,1234,0.0
2444.5,verylow-overshoot,CO2 AFOLU,1234,0.0
2445.5,high-extension,CO2 FFI,1234,0.0
2445.5,high-extension,CO2 AFOLU,1234,0.0
2445.5,high-overshoot,CO2 FFI,1234,0.0
2445.5,high-overshoot,CO2 AFOLU,1234,0.0
2445.5,medium-extension,CO2 FFI,1234,0.0
2445.5,medium-extension,CO2 AFOLU,1234,0.0
2445.5,medium-overshoot,CO2 FFI,1234,0.0
2445.5,medium-overshoot,CO2 AFOLU,1234,0.0
2445.5,low,CO2 FFI,1234,0.0
2445.5,low,CO2 AFOLU,1234,0.0
2445.5,verylow,CO2 FFI,1234,0.0
2445.5,verylow,CO2 AFOLU,1234,0.0
2445.5,verylow-overshoot,CO2 FFI,1234,0.0
2445.5,verylow-overshoot,CO2 AFOLU,1234,0.0
2446.5,high-extension,CO2 FFI,1234,0.0
2446.5,high-extension,CO2 AFOLU,1234,0.0
2446.5,high-overshoot,CO2 FFI,1234,0.0
2446.5,high-overshoot,CO2 AFOLU,1234,0.0
2446.5,medium-extension,CO2 FFI,1234,0.0
2446.5,medium-extension,CO2 AFOLU,1234,0.0
2446.5,medium-overshoot,CO2 FFI,1234,0.0
2446.5,medium-overshoot,CO2 AFOLU,1234,0.0
2446.5,low,CO2 FFI,1234,0.0
2446.5,low,CO2 AFOLU,1234,0.0
2446.5,verylow,CO2 FFI,1234,0.0
2446.5,verylow,CO2 AFOLU,1234,0.0
2446.5,verylow-overshoot,CO2 FFI,1234,0.0
2446.5,verylow-overshoot,CO2 AFOLU,1234,0.0
2447.5,high-extension,CO2 FFI,1234,0.0
2447.5,high-extension,CO2 AFOLU,1234,0.0
2447.5,high-overshoot,CO2 FFI,1234,0.0
2447.5,high-overshoot,CO2 AFOLU,1234,0.0
2447.5,medium-extension,CO2 FFI,1234,0.0
2447.5,medium-extension,CO2 AFOLU,1234,0.0
2447.5,medium-overshoot,CO2 FFI,1234,0.0
2447.5,medium-overshoot,CO2 AFOLU,1234,0.0
2447.5,low,CO2 FFI,1234,0.0
2447.5,low,CO2 AFOLU,1234,0.0
2447.5,verylow,CO2 FFI,1234,0.0
2447.5,verylow,CO2 AFOLU,1234,0.0
2447.5,verylow-overshoot,CO2 FFI,1234,0.0
2447.5,verylow-overshoot,CO2 AFOLU,1234,0.0
2448.5,high-extension,CO2 FFI,1234,0.0
2448.5,high-extension,CO2 AFOLU,1234,0.0
2448.5,high-overshoot,CO2 FFI,1234,0.0
2448.5,high-overshoot,CO2 AFOLU,1234,0.0
2448.5,medium-extension,CO2 FFI,1234,0.0
2448.5,medium-extension,CO2 AFOLU,1234,0.0
2448.5,medium-overshoot,CO2 FFI,1234,0.0
2448.5,medium-overshoot,CO2 AFOLU,1234,0.0
2448.5,low,CO2 FFI,1234,0.0
2448.5,low,CO2 AFOLU,1234,0.0
2448.5,verylow,CO2 FFI,1234,0.0
2448.5,verylow,CO2 AFOLU,1234,0.0
2448.5,verylow-overshoot,CO2 FFI,1234,0.0
2448.5,verylow-overshoot,CO2 AFOLU,1234,0.0
2449.5,high-extension,CO2 FFI,1234,0.0
2449.5,high-extension,CO2 AFOLU,1234,0.0
2449.5,high-overshoot,CO2 FFI,1234,0.0
2449.5,high-overshoot,CO2 AFOLU,1234,0.0
2449.5,medium-extension,CO2 FFI,1234,0.0
2449.5,medium-extension,CO2 AFOLU,1234,0.0
2449.5,medium-overshoot,CO2 FFI,1234,0.0
2449.5,medium-overshoot,CO2 AFOLU,1234,0.0
2449.5,low,CO2 FFI,1234,0.0
2449.5,low,CO2 AFOLU,1234,0.0
2449.5,verylow,CO2 FFI,1234,0.0
2449.5,verylow,CO2 AFOLU,1234,0.0
2449.5,verylow-overshoot,CO2 FFI,1234,0.0
2449.5,verylow-overshoot,CO2 AFOLU,1234,0.0
2450.5,high-extension,CO2 FFI,1234,0.0
2450.5,high-extension,CO2 AFOLU,1234,0.0
2450.5,high-overshoot,CO2 FFI,1234,0.0
2450.5,high-overshoot,CO2 AFOLU,1234,0.0
2450.5,medium-extension,CO2 FFI,1234,0.0
2450.5,medium-extension,CO2 AFOLU,1234,0.0
2450.5,medium-overshoot,CO2 FFI,1234,0.0
2450.5,medium-overshoot,CO2 AFOLU,1234,0.0
2450.5,low,CO2 FFI,1234,0.0
2450.5,low,CO2 AFOLU,1234,0.0
2450.5,verylow,CO2 FFI,1234,0.0
2450.5,verylow,CO2 AFOLU,1234,0.0
2450.5,verylow-overshoot,CO2 FFI,1234,0.0
2450.5,verylow-overshoot,CO2 AFOLU,1234,0.0
2451.5,high-extension,CO2 FFI,1234,0.0
2451.5,high-extension,CO2 AFOLU,1234,0.0
2451.5,high-overshoot,CO2 FFI,1234,0.0
2451.5,high-overshoot,CO2 AFOLU,1234,0.0
2451.5,medium-extension,CO2 FFI,1234,0.0
2451.5,medium-extension,CO2 AFOLU,1234,0.0
2451.5,medium-overshoot,CO2 FFI,1234,0.0
2451.5,medium-overshoot,CO2 AFOLU,1234,0.0
2451.5,low,CO2 FFI,1234,0.0
2451.5,low,CO2 AFOLU,1234,0.0
2451.5,verylow,CO2 FFI,1234,0.0
2451.5,verylow,CO2 AFOLU,1234,0.0
2451.5,verylow-overshoot,CO2 FFI,1234,0.0
2451.5,verylow-overshoot,CO2 AFOLU,1234,0.0
2452.5,high-extension,CO2 FFI,1234,0.0
2452.5,high-extension,CO2 AFOLU,1234,0.0
2452.5,high-overshoot,CO2 FFI,1234,0.0
2452.5,high-overshoot,CO2 AFOLU,1234,0.0
2452.5,medium-extension,CO2 FFI,1234,0.0
2452.5,medium-extension,CO2 AFOLU,1234,0.0
2452.5,medium-overshoot,CO2 FFI,1234,0.0
2452.5,medium-overshoot,CO2 AFOLU,1234,0.0
2452.5,low,CO2 FFI,1234,0.0
2452.5,low,CO2 AFOLU,1234,0.0
2452.5,verylow,CO2 FFI,1234,0.0
2452.5,verylow,CO2 AFOLU,1234,0.0
2452.5,verylow-overshoot,CO2 FFI,1234,0.0
2452.5,verylow-overshoot,CO2 AFOLU,1234,0.0
2453.5,high-extension,CO2 FFI,1234,0.0
2453.5,high-extension,CO2 AFOLU,1234,0.0
2453.5,high-overshoot,CO2 FFI,1234,0.0
2453.5,high-overshoot,CO2 AFOLU,1234,0.0
2453.5,medium-extension,CO2 FFI,1234,0.0
2453.5,medium-extension,CO2 AFOLU,1234,0.0
2453.5,medium-overshoot,CO2 FFI,1234,0.0
2453.5,medium-overshoot,CO2 AFOLU,1234,0.0
2453.5,low,CO2 FFI,1234,0.0
2453.5,low,CO2 AFOLU,1234,0.0
2453.5,verylow,CO2 FFI,1234,0.0
2453.5,verylow,CO2 AFOLU,1234,0.0
2453.5,verylow-overshoot,CO2 FFI,1234,0.0
2453.5,verylow-overshoot,CO2 AFOLU,1234,0.0
2454.5,high-extension,CO2 FFI,1234,0.0
2454.5,high-extension,CO2 AFOLU,1234,0.0
2454.5,high-overshoot,CO2 FFI,1234,0.0
2454.5,high-overshoot,CO2 AFOLU,1234,0.0
2454.5,medium-extension,CO2 FFI,1234,0.0
2454.5,medium-extension,CO2 AFOLU,1234,0.0
2454.5,medium-overshoot,CO2 FFI,1234,0.0
2454.5,medium-overshoot,CO2 AFOLU,1234,0.0
2454.5,low,CO2 FFI,1234,0.0
2454.5,low,CO2 AFOLU,1234,0.0
2454.5,verylow,CO2 FFI,1234,0.0
2454.5,verylow,CO2 AFOLU,1234,0.0
2454.5,verylow-overshoot,CO2 FFI,1234,0.0
2454.5,verylow-overshoot,CO2 AFOLU,1234,0.0
2455.5,high-extension,CO2 FFI,1234,0.0
2455.5,high-extension,CO2 AFOLU,1234,0.0
2455.5,high-overshoot,CO2 FFI,1234,0.0
2455.5,high-overshoot,CO2 AFOLU,1234,0.0
2455.5,medium-extension,CO2 FFI,1234,0.0
2455.5,medium-extension,CO2 AFOLU,1234,0.0
2455.5,medium-overshoot,CO2 FFI,1234,0.0
2455.5,medium-overshoot,CO2 AFOLU,1234,0.0
2455.5,low,CO2 FFI,1234,0.0
2455.5,low,CO2 AFOLU,1234,0.0
2455.5,verylow,CO2 FFI,1234,0.0
2455.5,verylow,CO2 AFOLU,1234,0.0
2455.5,verylow-overshoot,CO2 FFI,1234,0.0
2455.5,verylow-overshoot,CO2 AFOLU,1234,0.0
2456.5,high-extension,CO2 FFI,1234,0.0
2456.5,high-extension,CO2 AFOLU,1234,0.0
2456.5,high-overshoot,CO2 FFI,1234,0.0
2456.5,high-overshoot,CO2 AFOLU,1234,0.0
2456.5,medium-extension,CO2 FFI,1234,0.0
2456.5,medium-extension,CO2 AFOLU,1234,0.0
2456.5,medium-overshoot,CO2 FFI,1234,0.0
2456.5,medium-overshoot,CO2 AFOLU,1234,0.0
2456.5,low,CO2 FFI,1234,0.0
2456.5,low,CO2 AFOLU,1234,0.0
2456.5,verylow,CO2 FFI,1234,0.0
2456.5,verylow,CO2 AFOLU,1234,0.0
2456.5,verylow-overshoot,CO2 FFI,1234,0.0
2456.5,verylow-overshoot,CO2 AFOLU,1234,0.0
2457.5,high-extension,CO2 FFI,1234,0.0
2457.5,high-extension,CO2 AFOLU,1234,0.0
2457.5,high-overshoot,CO2 FFI,1234,0.0
2457.5,high-overshoot,CO2 AFOLU,1234,0.0
2457.5,medium-extension,CO2 FFI,1234,0.0
2457.5,medium-extension,CO2 AFOLU,1234,0.0
2457.5,medium-overshoot,CO2 FFI,1234,0.0
2457.5,medium-overshoot,CO2 AFOLU,1234,0.0
2457.5,low,CO2 FFI,1234,0.0
2457.5,low,CO2 AFOLU,1234,0.0
2457.5,verylow,CO2 FFI,1234,0.0
2457.5,verylow,CO2 AFOLU,1234,0.0
2457.5,verylow-overshoot,CO2 FFI,1234,0.0
2457.5,verylow-overshoot,CO2 AFOLU,1234,0.0
2458.5,high-extension,CO2 FFI,1234,0.0
2458.5,high-extension,CO2 AFOLU,1234,0.0
2458.5,high-overshoot,CO2 FFI,1234,0.0
2458.5,high-overshoot,CO2 AFOLU,1234,0.0
2458.5,medium-extension,CO2 FFI,1234,0.0
2458.5,medium-extension,CO2 AFOLU,1234,0.0
2458.5,medium-overshoot,CO2 FFI,1234,0.0
2458.5,medium-overshoot,CO2 AFOLU,1234,0.0
2458.5,low,CO2 FFI,1234,0.0
2458.5,low,CO2 AFOLU,1234,0.0
2458.5,verylow,CO2 FFI,1234,0.0
2458.5,verylow,CO2 AFOLU,1234,0.0
2458.5,verylow-overshoot,CO2 FFI,1234,0.0
2458.5,verylow-overshoot,CO2 AFOLU,1234,0.0
2459.5,high-extension,CO2 FFI,1234,0.0
2459.5,high-extension,CO2 AFOLU,1234,0.0
2459.5,high-overshoot,CO2 FFI,1234,0.0
2459.5,high-overshoot,CO2 AFOLU,1234,0.0
2459.5,medium-extension,CO2 FFI,1234,0.0
2459.5,medium-extension,CO2 AFOLU,1234,0.0
2459.5,medium-overshoot,CO2 FFI,1234,0.0
2459.5,medium-overshoot,CO2 AFOLU,1234,0.0
2459.5,low,CO2 FFI,1234,0.0
2459.5,low,CO2 AFOLU,1234,0.0
2459.5,verylow,CO2 FFI,1234,0.0
2459.5,verylow,CO2 AFOLU,1234,0.0
2459.5,verylow-overshoot,CO2 FFI,1234,0.0
2459.5,verylow-overshoot,CO2 AFOLU,1234,0.0
2460.5,high-extension,CO2 FFI,1234,0.0
2460.5,high-extension,CO2 AFOLU,1234,0.0
2460.5,high-overshoot,CO2 FFI,1234,0.0
2460.5,high-overshoot,CO2 AFOLU,1234,0.0
2460.5,medium-extension,CO2 FFI,1234,0.0
2460.5,medium-extension,CO2 AFOLU,1234,0.0
2460.5,medium-overshoot,CO2 FFI,1234,0.0
2460.5,medium-overshoot,CO2 AFOLU,1234,0.0
2460.5,low,CO2 FFI,1234,0.0
2460.5,low,CO2 AFOLU,1234,0.0
2460.5,verylow,CO2 FFI,1234,0.0
2460.5,verylow,CO2 AFOLU,1234,0.0
2460.5,verylow-overshoot,CO2 FFI,1234,0.0
2460.5,verylow-overshoot,CO2 AFOLU,1234,0.0
2461.5,high-extension,CO2 FFI,1234,0.0
2461.5,high-extension,CO2 AFOLU,1234,0.0
2461.5,high-overshoot,CO2 FFI,1234,0.0
2461.5,high-overshoot,CO2 AFOLU,1234,0.0
2461.5,medium-extension,CO2 FFI,1234,0.0
2461.5,medium-extension,CO2 AFOLU,1234,0.0
2461.5,medium-overshoot,CO2 FFI,1234,0.0
2461.5,medium-overshoot,CO2 AFOLU,1234,0.0
2461.5,low,CO2 FFI,1234,0.0
2461.5,low,CO2 AFOLU,1234,0.0
2461.5,verylow,CO2 FFI,1234,0.0
2461.5,verylow,CO2 AFOLU,1234,0.0
2461.5,verylow-overshoot,CO2 FFI,1234,0.0
2461.5,verylow-overshoot,CO2 AFOLU,1234,0.0
2462.5,high-extension,CO2 FFI,1234,0.0
2462.5,high-extension,CO2 AFOLU,1234,0.0
2462.5,high-overshoot,CO2 FFI,1234,0.0
2462.5,high-overshoot,CO2 AFOLU,1234,0.0
2462.5,medium-extension,CO2 FFI,1234,0.0
2462.5,medium-extension,CO2 AFOLU,1234,0.0
2462.5,medium-overshoot,CO2 FFI,1234,0.0
2462.5,medium-overshoot,CO2 AFOLU,1234,0.0
2462.5,low,CO2 FFI,1234,0.0
2462.5,low,CO2 AFOLU,1234,0.0
2462.5,verylow,CO2 FFI,1234,0.0
2462.5,verylow,CO2 AFOLU,1234,0.0
2462.5,verylow-overshoot,CO2 FFI,1234,0.0
2462.5,verylow-overshoot,CO2 AFOLU,1234,0.0
2463.5,high-extension,CO2 FFI,1234,0.0
2463.5,high-extension,CO2 AFOLU,1234,0.0
2463.5,high-overshoot,CO2 FFI,1234,0.0
2463.5,high-overshoot,CO2 AFOLU,1234,0.0
2463.5,medium-extension,CO2 FFI,1234,0.0
2463.5,medium-extension,CO2 AFOLU,1234,0.0
2463.5,medium-overshoot,CO2 FFI,1234,0.0
2463.5,medium-overshoot,CO2 AFOLU,1234,0.0
2463.5,low,CO2 FFI,1234,0.0
2463.5,low,CO2 AFOLU,1234,0.0
2463.5,verylow,CO2 FFI,1234,0.0
2463.5,verylow,CO2 AFOLU,1234,0.0
2463.5,verylow-overshoot,CO2 FFI,1234,0.0
2463.5,verylow-overshoot,CO2 AFOLU,1234,0.0
2464.5,high-extension,CO2 FFI,1234,0.0
2464.5,high-extension,CO2 AFOLU,1234,0.0
2464.5,high-overshoot,CO2 FFI,1234,0.0
2464.5,high-overshoot,CO2 AFOLU,1234,0.0
2464.5,medium-extension,CO2 FFI,1234,0.0
2464.5,medium-extension,CO2 AFOLU,1234,0.0
2464.5,medium-overshoot,CO2 FFI,1234,0.0
2464.5,medium-overshoot,CO2 AFOLU,1234,0.0
2464.5,low,CO2 FFI,1234,0.0
2464.5,low,CO2 AFOLU,1234,0.0
2464.5,verylow,CO2 FFI,1234,0.0
2464.5,verylow,CO2 AFOLU,1234,0.0
2464.5,verylow-overshoot,CO2 FFI,1234,0.0
2464.5,verylow-overshoot,CO2 AFOLU,1234,0.0
2465.5,high-extension,CO2 FFI,1234,0.0
2465.5,high-extension,CO2 AFOLU,1234,0.0
2465.5,high-overshoot,CO2 FFI,1234,0.0
2465.5,high-overshoot,CO2 AFOLU,1234,0.0
2465.5,medium-extension,CO2 FFI,1234,0.0
2465.5,medium-extension,CO2 AFOLU,1234,0.0
2465.5,medium-overshoot,CO2 FFI,1234,0.0
2465.5,medium-overshoot,CO2 AFOLU,1234,0.0
2465.5,low,CO2 FFI,1234,0.0
2465.5,low,CO2 AFOLU,1234,0.0
2465.5,verylow,CO2 FFI,1234,0.0
2465.5,verylow,CO2 AFOLU,1234,0.0
2465.5,verylow-overshoot,CO2 FFI,1234,0.0
2465.5,verylow-overshoot,CO2 AFOLU,1234,0.0
2466.5,high-extension,CO2 FFI,1234,0.0
2466.5,high-extension,CO2 AFOLU,1234,0.0
2466.5,high-overshoot,CO2 FFI,1234,0.0
2466.5,high-overshoot,CO2 AFOLU,1234,0.0
2466.5,medium-extension,CO2 FFI,1234,0.0
2466.5,medium-extension,CO2 AFOLU,1234,0.0
2466.5,medium-overshoot,CO2 FFI,1234,0.0
2466.5,medium-overshoot,CO2 AFOLU,1234,0.0
2466.5,low,CO2 FFI,1234,0.0
2466.5,low,CO2 AFOLU,1234,0.0
2466.5,verylow,CO2 FFI,1234,0.0
2466.5,verylow,CO2 AFOLU,1234,0.0
2466.5,verylow-overshoot,CO2 FFI,1234,0.0
2466.5,verylow-overshoot,CO2 AFOLU,1234,0.0
2467.5,high-extension,CO2 FFI,1234,0.0
2467.5,high-extension,CO2 AFOLU,1234,0.0
2467.5,high-overshoot,CO2 FFI,1234,0.0
2467.5,high-overshoot,CO2 AFOLU,1234,0.0
2467.5,medium-extension,CO2 FFI,1234,0.0
2467.5,medium-extension,CO2 AFOLU,1234,0.0
2467.5,medium-overshoot,CO2 FFI,1234,0.0
2467.5,medium-overshoot,CO2 AFOLU,1234,0.0
2467.5,low,CO2 FFI,1234,0.0
2467.5,low,CO2 AFOLU,1234,0.0
2467.5,verylow,CO2 FFI,1234,0.0
2467.5,verylow,CO2 AFOLU,1234,0.0
2467.5,verylow-overshoot,CO2 FFI,1234,0.0
2467.5,verylow-overshoot,CO2 AFOLU,1234,0.0
2468.5,high-extension,CO2 FFI,1234,0.0
2468.5,high-extension,CO2 AFOLU,1234,0.0
2468.5,high-overshoot,CO2 FFI,1234,0.0
2468.5,high-overshoot,CO2 AFOLU,1234,0.0
2468.5,medium-extension,CO2 FFI,1234,0.0
2468.5,medium-extension,CO2 AFOLU,1234,0.0
2468.5,medium-overshoot,CO2 FFI,1234,0.0
2468.5,medium-overshoot,CO2 AFOLU,1234,0.0
2468.5,low,CO2 FFI,1234,0.0
2468.5,low,CO2 AFOLU,1234,0.0
2468.5,verylow,CO2 FFI,1234,0.0
2468.5,verylow,CO2 AFOLU,1234,0.0
2468.5,verylow-overshoot,CO2 FFI,1234,0.0
2468.5,verylow-overshoot,CO2 AFOLU,1234,0.0
2469.5,high-extension,CO2 FFI,1234,0.0
2469.5,high-extension,CO2 AFOLU,1234,0.0
2469.5,high-overshoot,CO2 FFI,1234,0.0
2469.5,high-overshoot,CO2 AFOLU,1234,0.0
2469.5,medium-extension,CO2 FFI,1234,0.0
2469.5,medium-extension,CO2 AFOLU,1234,0.0
2469.5,medium-overshoot,CO2 FFI,1234,0.0
2469.5,medium-overshoot,CO2 AFOLU,1234,0.0
2469.5,low,CO2 FFI,1234,0.0
2469.5,low,CO2 AFOLU,1234,0.0
2469.5,verylow,CO2 FFI,1234,0.0
2469.5,verylow,CO2 AFOLU,1234,0.0
2469.5,verylow-overshoot,CO2 FFI,1234,0.0
2469.5,verylow-overshoot,CO2 AFOLU,1234,0.0
2470.5,high-extension,CO2 FFI,1234,0.0
2470.5,high-extension,CO2 AFOLU,1234,0.0
2470.5,high-overshoot,CO2 FFI,1234,0.0
2470.5,high-overshoot,CO2 AFOLU,1234,0.0
2470.5,medium-extension,CO2 FFI,1234,0.0
2470.5,medium-extension,CO2 AFOLU,1234,0.0
2470.5,medium-overshoot,CO2 FFI,1234,0.0
2470.5,medium-overshoot,CO2 AFOLU,1234,0.0
2470.5,low,CO2 FFI,1234,0.0
2470.5,low,CO2 AFOLU,1234,0.0
2470.5,verylow,CO2 FFI,1234,0.0
2470.5,verylow,CO2 AFOLU,1234,0.0
2470.5,verylow-overshoot,CO2 FFI,1234,0.0
2470.5,verylow-overshoot,CO2 AFOLU,1234,0.0
2471.5,high-extension,CO2 FFI,1234,0.0
2471.5,high-extension,CO2 AFOLU,1234,0.0
2471.5,high-overshoot,CO2 FFI,1234,0.0
2471.5,high-overshoot,CO2 AFOLU,1234,0.0
2471.5,medium-extension,CO2 FFI,1234,0.0
2471.5,medium-extension,CO2 AFOLU,1234,0.0
2471.5,medium-overshoot,CO2 FFI,1234,0.0
2471.5,medium-overshoot,CO2 AFOLU,1234,0.0
2471.5,low,CO2 FFI,1234,0.0
2471.5,low,CO2 AFOLU,1234,0.0
2471.5,verylow,CO2 FFI,1234,0.0
2471.5,verylow,CO2 AFOLU,1234,0.0
2471.5,verylow-overshoot,CO2 FFI,1234,0.0
2471.5,verylow-overshoot,CO2 AFOLU,1234,0.0
2472.5,high-extension,CO2 FFI,1234,0.0
2472.5,high-extension,CO2 AFOLU,1234,0.0
2472.5,high-overshoot,CO2 FFI,1234,0.0
2472.5,high-overshoot,CO2 AFOLU,1234,0.0
2472.5,medium-extension,CO2 FFI,1234,0.0
2472.5,medium-extension,CO2 AFOLU,1234,0.0
2472.5,medium-overshoot,CO2 FFI,1234,0.0
2472.5,medium-overshoot,CO2 AFOLU,1234,0.0
2472.5,low,CO2 FFI,1234,0.0
2472.5,low,CO2 AFOLU,1234,0.0
2472.5,verylow,CO2 FFI,1234,0.0
2472.5,verylow,CO2 AFOLU,1234,0.0
2472.5,verylow-overshoot,CO2 FFI,1234,0.0
2472.5,verylow-overshoot,CO2 AFOLU,1234,0.0
2473.5,high-extension,CO2 FFI,1234,0.0
2473.5,high-extension,CO2 AFOLU,1234,0.0
2473.5,high-overshoot,CO2 FFI,1234,0.0
2473.5,high-overshoot,CO2 AFOLU,1234,0.0
2473.5,medium-extension,CO2 FFI,1234,0.0
2473.5,medium-extension,CO2 AFOLU,1234,0.0
2473.5,medium-overshoot,CO2 FFI,1234,0.0
2473.5,medium-overshoot,CO2 AFOLU,1234,0.0
2473.5,low,CO2 FFI,1234,0.0
2473.5,low,CO2 AFOLU,1234,0.0
2473.5,verylow,CO2 FFI,1234,0.0
2473.5,verylow,CO2 AFOLU,1234,0.0
2473.5,verylow-overshoot,CO2 FFI,1234,0.0
2473.5,verylow-overshoot,CO2 AFOLU,1234,0.0
2474.5,high-extension,CO2 FFI,1234,0.0
2474.5,high-extension,CO2 AFOLU,1234,0.0
2474.5,high-overshoot,CO2 FFI,1234,0.0
2474.5,high-overshoot,CO2 AFOLU,1234,0.0
2474.5,medium-extension,CO2 FFI,1234,0.0
2474.5,medium-extension,CO2 AFOLU,1234,0.0
2474.5,medium-overshoot,CO2 FFI,1234,0.0
2474.5,medium-overshoot,CO2 AFOLU,1234,0.0
2474.5,low,CO2 FFI,1234,0.0
2474.5,low,CO2 AFOLU,1234,0.0
2474.5,verylow,CO2 FFI,1234,0.0
2474.5,verylow,CO2 AFOLU,1234,0.0
2474.5,verylow-overshoot,CO2 FFI,1234,0.0
2474.5,verylow-overshoot,CO2 AFOLU,1234,0.0
2475.5,high-extension,CO2 FFI,1234,0.0
2475.5,high-extension,CO2 AFOLU,1234,0.0
2475.5,high-overshoot,CO2 FFI,1234,0.0
2475.5,high-overshoot,CO2 AFOLU,1234,0.0
2475.5,medium-extension,CO2 FFI,1234,0.0
2475.5,medium-extension,CO2 AFOLU,1234,0.0
2475.5,medium-overshoot,CO2 FFI,1234,0.0
2475.5,medium-overshoot,CO2 AFOLU,1234,0.0
2475.5,low,CO2 FFI,1234,0.0
2475.5,low,CO2 AFOLU,1234,0.0
2475.5,verylow,CO2 FFI,1234,0.0
2475.5,verylow,CO2 AFOLU,1234,0.0
2475.5,verylow-overshoot,CO2 FFI,1234,0.0
2475.5,verylow-overshoot,CO2 AFOLU,1234,0.0
2476.5,high-extension,CO2 FFI,1234,0.0
2476.5,high-extension,CO2 AFOLU,1234,0.0
2476.5,high-overshoot,CO2 FFI,1234,0.0
2476.5,high-overshoot,CO2 AFOLU,1234,0.0
2476.5,medium-extension,CO2 FFI,1234,0.0
2476.5,medium-extension,CO2 AFOLU,1234,0.0
2476.5,medium-overshoot,CO2 FFI,1234,0.0
2476.5,medium-overshoot,CO2 AFOLU,1234,0.0
2476.5,low,CO2 FFI,1234,0.0
2476.5,low,CO2 AFOLU,1234,0.0
2476.5,verylow,CO2 FFI,1234,0.0
2476.5,verylow,CO2 AFOLU,1234,0.0
2476.5,verylow-overshoot,CO2 FFI,1234,0.0
2476.5,verylow-overshoot,CO2 AFOLU,1234,0.0
2477.5,high-extension,CO2 FFI,1234,0.0
2477.5,high-extension,CO2 AFOLU,1234,0.0
2477.5,high-overshoot,CO2 FFI,1234,0.0
2477.5,high-overshoot,CO2 AFOLU,1234,0.0
2477.5,medium-extension,CO2 FFI,1234,0.0
2477.5,medium-extension,CO2 AFOLU,1234,0.0
2477.5,medium-overshoot,CO2 FFI,1234,0.0
2477.5,medium-overshoot,CO2 AFOLU,1234,0.0
2477.5,low,CO2 FFI,1234,0.0
2477.5,low,CO2 AFOLU,1234,0.0
2477.5,verylow,CO2 FFI,1234,0.0
2477.5,verylow,CO2 AFOLU,1234,0.0
2477.5,verylow-overshoot,CO2 FFI,1234,0.0
2477.5,verylow-overshoot,CO2 AFOLU,1234,0.0
2478.5,high-extension,CO2 FFI,1234,0.0
2478.5,high-extension,CO2 AFOLU,1234,0.0
2478.5,high-overshoot,CO2 FFI,1234,0.0
2478.5,high-overshoot,CO2 AFOLU,1234,0.0
2478.5,medium-extension,CO2 FFI,1234,0.0
2478.5,medium-extension,CO2 AFOLU,1234,0.0
2478.5,medium-overshoot,CO2 FFI,1234,0.0
2478.5,medium-overshoot,CO2 AFOLU,1234,0.0
2478.5,low,CO2 FFI,1234,0.0
2478.5,low,CO2 AFOLU,1234,0.0
2478.5,verylow,CO2 FFI,1234,0.0
2478.5,verylow,CO2 AFOLU,1234,0.0
2478.5,verylow-overshoot,CO2 FFI,1234,0.0
2478.5,verylow-overshoot,CO2 AFOLU,1234,0.0
2479.5,high-extension,CO2 FFI,1234,0.0
2479.5,high-extension,CO2 AFOLU,1234,0.0
2479.5,high-overshoot,CO2 FFI,1234,0.0
2479.5,high-overshoot,CO2 AFOLU,1234,0.0
2479.5,medium-extension,CO2 FFI,1234,0.0
2479.5,medium-extension,CO2 AFOLU,1234,0.0
2479.5,medium-overshoot,CO2 FFI,1234,0.0
2479.5,medium-overshoot,CO2 AFOLU,1234,0.0
2479.5,low,CO2 FFI,1234,0.0
2479.5,low,CO2 AFOLU,1234,0.0
2479.5,verylow,CO2 FFI,1234,0.0
2479.5,verylow,CO2 AFOLU,1234,0.0
2479.5,verylow-overshoot,CO2 FFI,1234,0.0
2479.5,verylow-overshoot,CO2 AFOLU,1234,0.0
2480.5,high-extension,CO2 FFI,1234,0.0
2480.5,high-extension,CO2 AFOLU,1234,0.0
2480.5,high-overshoot,CO2 FFI,1234,0.0
2480.5,high-overshoot,CO2 AFOLU,1234,0.0
2480.5,medium-extension,CO2 FFI,1234,0.0
2480.5,medium-extension,CO2 AFOLU,1234,0.0
2480.5,medium-overshoot,CO2 FFI,1234,0.0
2480.5,medium-overshoot,CO2 AFOLU,1234,0.0
2480.5,low,CO2 FFI,1234,0.0
2480.5,low,CO2 AFOLU,1234,0.0
2480.5,verylow,CO2 FFI,1234,0.0
2480.5,verylow,CO2 AFOLU,1234,0.0
2480.5,verylow-overshoot,CO2 FFI,1234,0.0
2480.5,verylow-overshoot,CO2 AFOLU,1234,0.0
2481.5,high-extension,CO2 FFI,1234,0.0
2481.5,high-extension,CO2 AFOLU,1234,0.0
2481.5,high-overshoot,CO2 FFI,1234,0.0
2481.5,high-overshoot,CO2 AFOLU,1234,0.0
2481.5,medium-extension,CO2 FFI,1234,0.0
2481.5,medium-extension,CO2 AFOLU,1234,0.0
2481.5,medium-overshoot,CO2 FFI,1234,0.0
2481.5,medium-overshoot,CO2 AFOLU,1234,0.0
2481.5,low,CO2 FFI,1234,0.0
2481.5,low,CO2 AFOLU,1234,0.0
2481.5,verylow,CO2 FFI,1234,0.0
2481.5,verylow,CO2 AFOLU,1234,0.0
2481.5,verylow-overshoot,CO2 FFI,1234,0.0
2481.5,verylow-overshoot,CO2 AFOLU,1234,0.0
2482.5,high-extension,CO2 FFI,1234,0.0
2482.5,high-extension,CO2 AFOLU,1234,0.0
2482.5,high-overshoot,CO2 FFI,1234,0.0
2482.5,high-overshoot,CO2 AFOLU,1234,0.0
2482.5,medium-extension,CO2 FFI,1234,0.0
2482.5,medium-extension,CO2 AFOLU,1234,0.0
2482.5,medium-overshoot,CO2 FFI,1234,0.0
2482.5,medium-overshoot,CO2 AFOLU,1234,0.0
2482.5,low,CO2 FFI,1234,0.0
2482.5,low,CO2 AFOLU,1234,0.0
2482.5,verylow,CO2 FFI,1234,0.0
2482.5,verylow,CO2 AFOLU,1234,0.0
2482.5,verylow-overshoot,CO2 FFI,1234,0.0
2482.5,verylow-overshoot,CO2 AFOLU,1234,0.0
2483.5,high-extension,CO2 FFI,1234,0.0
2483.5,high-extension,CO2 AFOLU,1234,0.0
2483.5,high-overshoot,CO2 FFI,1234,0.0
2483.5,high-overshoot,CO2 AFOLU,1234,0.0
2483.5,medium-extension,CO2 FFI,1234,0.0
2483.5,medium-extension,CO2 AFOLU,1234,0.0
2483.5,medium-overshoot,CO2 FFI,1234,0.0
2483.5,medium-overshoot,CO2 AFOLU,1234,0.0
2483.5,low,CO2 FFI,1234,0.0
2483.5,low,CO2 AFOLU,1234,0.0
2483.5,verylow,CO2 FFI,1234,0.0
2483.5,verylow,CO2 AFOLU,1234,0.0
2483.5,verylow-overshoot,CO2 FFI,1234,0.0
2483.5,verylow-overshoot,CO2 AFOLU,1234,0.0
2484.5,high-extension,CO2 FFI,1234,0.0
2484.5,high-extension,CO2 AFOLU,1234,0.0
2484.5,high-overshoot,CO2 FFI,1234,0.0
2484.5,high-overshoot,CO2 AFOLU,1234,0.0
2484.5,medium-extension,CO2 FFI,1234,0.0
2484.5,medium-extension,CO2 AFOLU,1234,0.0
2484.5,medium-overshoot,CO2 FFI,1234,0.0
2484.5,medium-overshoot,CO2 AFOLU,1234,0.0
2484.5,low,CO2 FFI,1234,0.0
2484.5,low,CO2 AFOLU,1234,0.0
2484.5,verylow,CO2 FFI,1234,0.0
2484.5,verylow,CO2 AFOLU,1234,0.0
2484.5,verylow-overshoot,CO2 FFI,1234,0.0
2484.5,verylow-overshoot,CO2 AFOLU,1234,0.0
2485.5,high-extension,CO2 FFI,1234,0.0
2485.5,high-extension,CO2 AFOLU,1234,0.0
2485.5,high-overshoot,CO2 FFI,1234,0.0
2485.5,high-overshoot,CO2 AFOLU,1234,0.0
2485.5,medium-extension,CO2 FFI,1234,0.0
2485.5,medium-extension,CO2 AFOLU,1234,0.0
2485.5,medium-overshoot,CO2 FFI,1234,0.0
2485.5,medium-overshoot,CO2 AFOLU,1234,0.0
2485.5,low,CO2 FFI,1234,0.0
2485.5,low,CO2 AFOLU,1234,0.0
2485.5,verylow,CO2 FFI,1234,0.0
2485.5,verylow,CO2 AFOLU,1234,0.0
2485.5,verylow-overshoot,CO2 FFI,1234,0.0
2485.5,verylow-overshoot,CO2 AFOLU,1234,0.0
2486.5,high-extension,CO2 FFI,1234,0.0
2486.5,high-extension,CO2 AFOLU,1234,0.0
2486.5,high-overshoot,CO2 FFI,1234,0.0
2486.5,high-overshoot,CO2 AFOLU,1234,0.0
2486.5,medium-extension,CO2 FFI,1234,0.0
2486.5,medium-extension,CO2 AFOLU,1234,0.0
2486.5,medium-overshoot,CO2 FFI,1234,0.0
2486.5,medium-overshoot,CO2 AFOLU,1234,0.0
2486.5,low,CO2 FFI,1234,0.0
2486.5,low,CO2 AFOLU,1234,0.0
2486.5,verylow,CO2 FFI,1234,0.0
2486.5,verylow,CO2 AFOLU,1234,0.0
2486.5,verylow-overshoot,CO2 FFI,1234,0.0
2486.5,verylow-overshoot,CO2 AFOLU,1234,0.0
2487.5,high-extension,CO2 FFI,1234,0.0
2487.5,high-extension,CO2 AFOLU,1234,0.0
2487.5,high-overshoot,CO2 FFI,1234,0.0
2487.5,high-overshoot,CO2 AFOLU,1234,0.0
2487.5,medium-extension,CO2 FFI,1234,0.0
2487.5,medium-extension,CO2 AFOLU,1234,0.0
2487.5,medium-overshoot,CO2 FFI,1234,0.0
2487.5,medium-overshoot,CO2 AFOLU,1234,0.0
2487.5,low,CO2 FFI,1234,0.0
2487.5,low,CO2 AFOLU,1234,0.0
2487.5,verylow,CO2 FFI,1234,0.0
2487.5,verylow,CO2 AFOLU,1234,0.0
2487.5,verylow-overshoot,CO2 FFI,1234,0.0
2487.5,verylow-overshoot,CO2 AFOLU,1234,0.0
2488.5,high-extension,CO2 FFI,1234,0.0
2488.5,high-extension,CO2 AFOLU,1234,0.0
2488.5,high-overshoot,CO2 FFI,1234,0.0
2488.5,high-overshoot,CO2 AFOLU,1234,0.0
2488.5,medium-extension,CO2 FFI,1234,0.0
2488.5,medium-extension,CO2 AFOLU,1234,0.0
2488.5,medium-overshoot,CO2 FFI,1234,0.0
2488.5,medium-overshoot,CO2 AFOLU,1234,0.0
2488.5,low,CO2 FFI,1234,0.0
2488.5,low,CO2 AFOLU,1234,0.0
2488.5,verylow,CO2 FFI,1234,0.0
2488.5,verylow,CO2 AFOLU,1234,0.0
2488.5,verylow-overshoot,CO2 FFI,1234,0.0
2488.5,verylow-overshoot,CO2 AFOLU,1234,0.0
2489.5,high-extension,CO2 FFI,1234,0.0
2489.5,high-extension,CO2 AFOLU,1234,0.0
2489.5,high-overshoot,CO2 FFI,1234,0.0
2489.5,high-overshoot,CO2 AFOLU,1234,0.0
2489.5,medium-extension,CO2 FFI,1234,0.0
2489.5,medium-extension,CO2 AFOLU,1234,0.0
2489.5,medium-overshoot,CO2 FFI,1234,0.0
2489.5,medium-overshoot,CO2 AFOLU,1234,0.0
2489.5,low,CO2 FFI,1234,0.0
2489.5,low,CO2 AFOLU,1234,0.0
2489.5,verylow,CO2 FFI,1234,0.0
2489.5,verylow,CO2 AFOLU,1234,0.0
2489.5,verylow-overshoot,CO2 FFI,1234,0.0
2489.5,verylow-overshoot,CO2 AFOLU,1234,0.0
2490.5,high-extension,CO2 FFI,1234,0.0
2490.5,high-extension,CO2 AFOLU,1234,0.0
2490.5,high-overshoot,CO2 FFI,1234,0.0
2490.5,high-overshoot,CO2 AFOLU,1234,0.0
2490.5,medium-extension,CO2 FFI,1234,0.0
2490.5,medium-extension,CO2 AFOLU,1234,0.0
2490.5,medium-overshoot,CO2 FFI,1234,0.0
2490.5,medium-overshoot,CO2 AFOLU,1234,0.0
2490.5,low,CO2 FFI,1234,0.0
2490.5,low,CO2 AFOLU,1234,0.0
2490.5,verylow,CO2 FFI,1234,0.0
2490.5,verylow,CO2 AFOLU,1234,0.0
2490.5,verylow-overshoot,CO2 FFI,1234,0.0
2490.5,verylow-overshoot,CO2 AFOLU,1234,0.0
2491.5,high-extension,CO2 FFI,1234,0.0
2491.5,high-extension,CO2 AFOLU,1234,0.0
2491.5,high-overshoot,CO2 FFI,1234,0.0
2491.5,high-overshoot,CO2 AFOLU,1234,0.0
2491.5,medium-extension,CO2 FFI,1234,0.0
2491.5,medium-extension,CO2 AFOLU,1234,0.0
2491.5,medium-overshoot,CO2 FFI,1234,0.0
2491.5,medium-overshoot,CO2 AFOLU,1234,0.0
2491.5,low,CO2 FFI,1234,0.0
2491.5,low,CO2 AFOLU,1234,0.0
2491.5,verylow,CO2 FFI,1234,0.0
2491.5,verylow,CO2 AFOLU,1234,0.0
2491.5,verylow-overshoot,CO2 FFI,1234,0.0
2491.5,verylow-overshoot,CO2 AFOLU,1234,0.0
2492.5,high-extension,CO2 FFI,1234,0.0
2492.5,high-extension,CO2 AFOLU,1234,0.0
2492.5,high-overshoot,CO2 FFI,1234,0.0
2492.5,high-overshoot,CO2 AFOLU,1234,0.0
2492.5,medium-extension,CO2 FFI,1234,0.0
2492.5,medium-extension,CO2 AFOLU,1234,0.0
2492.5,medium-overshoot,CO2 FFI,1234,0.0
2492.5,medium-overshoot,CO2 AFOLU,1234,0.0
2492.5,low,CO2 FFI,1234,0.0
2492.5,low,CO2 AFOLU,1234,0.0
2492.5,verylow,CO2 FFI,1234,0.0
2492.5,verylow,CO2 AFOLU,1234,0.0
2492.5,verylow-overshoot,CO2 FFI,1234,0.0
2492.5,verylow-overshoot,CO2 AFOLU,1234,0.0
2493.5,high-extension,CO2 FFI,1234,0.0
2493.5,high-extension,CO2 AFOLU,1234,0.0
2493.5,high-overshoot,CO2 FFI,1234,0.0
2493.5,high-overshoot,CO2 AFOLU,1234,0.0
2493.5,medium-extension,CO2 FFI,1234,0.0
2493.5,medium-extension,CO2 AFOLU,1234,0.0
2493.5,medium-overshoot,CO2 FFI,1234,0.0
2493.5,medium-overshoot,CO2 AFOLU,1234,0.0
2493.5,low,CO2 FFI,1234,0.0
2493.5,low,CO2 AFOLU,1234,0.0
2493.5,verylow,CO2 FFI,1234,0.0
2493.5,verylow,CO2 AFOLU,1234,0.0
2493.5,verylow-overshoot,CO2 FFI,1234,0.0
2493.5,verylow-overshoot,CO2 AFOLU,1234,0.0
2494.5,high-extension,CO2 FFI,1234,0.0
2494.5,high-extension,CO2 AFOLU,1234,0.0
2494.5,high-overshoot,CO2 FFI,1234,0.0
2494.5,high-overshoot,CO2 AFOLU,1234,0.0
2494.5,medium-extension,CO2 FFI,1234,0.0
2494.5,medium-extension,CO2 AFOLU,1234,0.0
2494.5,medium-overshoot,CO2 FFI,1234,0.0
2494.5,medium-overshoot,CO2 AFOLU,1234,0.0
2494.5,low,CO2 FFI,1234,0.0
2494.5,low,CO2 AFOLU,1234,0.0
2494.5,verylow,CO2 FFI,1234,0.0
2494.5,verylow,CO2 AFOLU,1234,0.0
2494.5,verylow-overshoot,CO2 FFI,1234,0.0
2494.5,verylow-overshoot,CO2 AFOLU,1234,0.0
2495.5,high-extension,CO2 FFI,1234,0.0
2495.5,high-extension,CO2 AFOLU,1234,0.0
2495.5,high-overshoot,CO2 FFI,1234,0.0
2495.5,high-overshoot,CO2 AFOLU,1234,0.0
2495.5,medium-extension,CO2 FFI,1234,0.0
2495.5,medium-extension,CO2 AFOLU,1234,0.0
2495.5,medium-overshoot,CO2 FFI,1234,0.0
2495.5,medium-overshoot,CO2 AFOLU,1234,0.0
2495.5,low,CO2 FFI,1234,0.0
2495.5,low,CO2 AFOLU,1234,0.0
2495.5,verylow,CO2 FFI,1234,0.0
2495.5,verylow,CO2 AFOLU,1234,0.0
2495.5,verylow-overshoot,CO2 FFI,1234,0.0
2495.5,verylow-overshoot,CO2 AFOLU,1234,0.0
2496.5,high-extension,CO2 FFI,1234,0.0
2496.5,high-extension,CO2 AFOLU,1234,0.0
2496.5,high-overshoot,CO2 FFI,1234,0.0
2496.5,high-overshoot,CO2 AFOLU,1234,0.0
2496.5,medium-extension,CO2 FFI,1234,0.0
2496.5,medium-extension,CO2 AFOLU,1234,0.0
2496.5,medium-overshoot,CO2 FFI,1234,0.0
2496.5,medium-overshoot,CO2 AFOLU,1234,0.0
2496.5,low,CO2 FFI,1234,0.0
2496.5,low,CO2 AFOLU,1234,0.0
2496.5,verylow,CO2 FFI,1234,0.0
2496.5,verylow,CO2 AFOLU,1234,0.0
2496.5,verylow-overshoot,CO2 FFI,1234,0.0
2496.5,verylow-overshoot,CO2 AFOLU,1234,0.0
2497.5,high-extension,CO2 FFI,1234,0.0
2497.5,high-extension,CO2 AFOLU,1234,0.0
2497.5,high-overshoot,CO2 FFI,1234,0.0
2497.5,high-overshoot,CO2 AFOLU,1234,0.0
2497.5,medium-extension,CO2 FFI,1234,0.0
2497.5,medium-extension,CO2 AFOLU,1234,0.0
2497.5,medium-overshoot,CO2 FFI,1234,0.0
2497.5,medium-overshoot,CO2 AFOLU,1234,0.0
2497.5,low,CO2 FFI,1234,0.0
2497.5,low,CO2 AFOLU,1234,0.0
2497.5,verylow,CO2 FFI,1234,0.0
2497.5,verylow,CO2 AFOLU,1234,0.0
2497.5,verylow-overshoot,CO2 FFI,1234,0.0
2497.5,verylow-overshoot,CO2 AFOLU,1234,0.0
2498.5,high-extension,CO2 FFI,1234,0.0
2498.5,high-extension,CO2 AFOLU,1234,0.0
2498.5,high-overshoot,CO2 FFI,1234,0.0
2498.5,high-overshoot,CO2 AFOLU,1234,0.0
2498.5,medium-extension,CO2 FFI,1234,0.0
2498.5,medium-extension,CO2 AFOLU,1234,0.0
2498.5,medium-overshoot,CO2 FFI,1234,0.0
2498.5,medium-overshoot,CO2 AFOLU,1234,0.0
2498.5,low,CO2 FFI,1234,0.0
2498.5,low,CO2 AFOLU,1234,0.0
2498.5,verylow,CO2 FFI,1234,0.0
2498.5,verylow,CO2 AFOLU,1234,0.0
2498.5,verylow-overshoot,CO2 FFI,1234,0.0
2498.5,verylow-overshoot,CO2 AFOLU,1234,0.0
2499.5,high-extension,CO2 FFI,1234,0.0
2499.5,high-extension,CO2 AFOLU,1234,0.0
2499.5,high-overshoot,CO2 FFI,1234,0.0
2499.5,high-overshoot,CO2 AFOLU,1234,0.0
2499.5,medium-extension,CO2 FFI,1234,0.0
2499.5,medium-extension,CO2 AFOLU,1234,0.0
2499.5,medium-overshoot,CO2 FFI,1234,0.0
2499.5,medium-overshoot,CO2 AFOLU,1234,0.0
2499.5,low,CO2 FFI,1234,0.0
2499.5,low,CO2 AFOLU,1234,0.0
2499.5,verylow,CO2 FFI,1234,0.0
2499.5,verylow,CO2 AFOLU,1234,0.0
2499.5,verylow-overshoot,CO2 FFI,1234,0.0
2499.5,verylow-overshoot,CO2 AFOLU,1234,0.0
2500.5,high-extension,CO2 FFI,1234,0.0
2500.5,high-extension,CO2 AFOLU,1234,0.0
2500.5,high-overshoot,CO2 FFI,1234,0.0
2500.5,high-overshoot,CO2 AFOLU,1234,0.0
2500.5,medium-extension,CO2 FFI,1234,0.0
2500.5,medium-extension,CO2 AFOLU,1234,0.0
2500.5,medium-overshoot,CO2 FFI,1234,0.0
2500.5,medium-overshoot,CO2 AFOLU,1234,0.0
2500.5,low,CO2 FFI,1234,0.0
2500.5,low,CO2 AFOLU,1234,0.0
2500.5,verylow,CO2 FFI,1234,0.0
2500.5,verylow,CO2 AFOLU,1234,0.0
2500.5,verylow-overshoot,CO2 FFI,1234,0.0
2500.5,verylow-overshoot,CO2 AFOLU,1234,0.0
